X,Y,dX_m,dY_m,Magnitude_m,YearPair
730725,1010925,0,0,0,2001-2003
730755,1010895,0,0,0,2001-2003
730785,1010865,0,0,0,2001-2003
730815,1010835,-30,0,30,2001-2003
730845,1010805,0,0,0,2001-2003
730875,1010805,0,0,0,2001-2003
730905,1010805,0,0,0,2001-2003
730935,1010775,0,0,0,2001-2003
730965,1010775,0,0,0,2001-2003
730995,1010745,0,0,0,2001-2003
731025,1010745,0,0,0,2001-2003
731055,1010715,0,0,0,2001-2003
731085,1010715,0,0,0,2001-2003
731115,1010685,0,0,0,2001-2003
731145,1010685,0,0,0,2001-2003
731175,1010655,0,0,0,2001-2003
731205,1010655,0,0,0,2001-2003
731235,1010625,0,0,0,2001-2003
731265,1010625,0,0,0,2001-2003
731295,1010625,0,0,0,2001-2003
731325,1010595,0,0,0,2001-2003
731355,1010595,0,0,0,2001-2003
731385,1010595,0,0,0,2001-2003
731415,1010595,-30,0,30,2001-2003
731445,1010565,-30,0,30,2001-2003
731475,1010565,0,30,30,2001-2003
731505,1010565,0,30,30,2001-2003
731535,1010535,-30,0,30,2001-2003
731565,1010535,0,30,30,2001-2003
731595,1010535,0,30,30,2001-2003
731625,1010505,-30,0,30,2001-2003
731655,1010505,0,30,30,2001-2003
731685,1010505,-30,30,42.4264068711929,2001-2003
731715,1010475,0,30,30,2001-2003
731745,1010475,-30,30,42.4264068711929,2001-2003
731775,1010475,0,60,60,2001-2003
731805,1010475,0,60,60,2001-2003
731835,1010475,-30,60,67.0820393249937,2001-2003
731865,1010445,0,60,60,2001-2003
731895,1010445,0,60,60,2001-2003
731925,1010445,-30,60,67.0820393249937,2001-2003
731955,1010415,0,60,60,2001-2003
731985,1010415,0,60,60,2001-2003
732015,1010415,0,60,60,2001-2003
732045,1010415,0,60,60,2001-2003
732075,1010385,0,30,30,2001-2003
732105,1010385,0,30,30,2001-2003
732135,1010385,0,30,30,2001-2003
732165,1010355,0,0,0,2001-2003
732195,1010355,0,0,0,2001-2003
732225,1010355,0,0,0,2001-2003
732255,1010325,0,0,0,2001-2003
732285,1010325,0,0,0,2001-2003
732315,1010325,0,0,0,2001-2003
732345,1010325,0,0,0,2001-2003
732375,1010325,0,0,0,2001-2003
732405,1010325,0,0,0,2001-2003
732435,1010295,0,-30,30,2001-2003
732465,1010295,0,0,0,2001-2003
732495,1010295,0,0,0,2001-2003
732525,1010265,0,-30,30,2001-2003
732555,1010265,0,-30,30,2001-2003
732585,1010265,0,-30,30,2001-2003
732615,1010265,0,0,0,2001-2003
732645,1010265,0,0,0,2001-2003
732675,1010265,0,0,0,2001-2003
732705,1010235,0,-30,30,2001-2003
732735,1010235,0,-30,30,2001-2003
732765,1010235,0,0,0,2001-2003
732795,1010205,0,-30,30,2001-2003
732825,1010205,0,-30,30,2001-2003
732855,1010205,0,-30,30,2001-2003
732885,1010205,0,-30,30,2001-2003
732915,1010205,0,0,0,2001-2003
732945,1010205,0,0,0,2001-2003
732975,1010205,0,0,0,2001-2003
733005,1010175,0,-30,30,2001-2003
733035,1010175,0,0,0,2001-2003
733065,1010175,0,0,0,2001-2003
733095,1010175,0,0,0,2001-2003
733125,1010145,0,0,0,2001-2003
733155,1010145,0,0,0,2001-2003
733185,1010145,0,0,0,2001-2003
733215,1010115,0,-30,30,2001-2003
733245,1010115,0,0,0,2001-2003
733275,1010085,0,-30,30,2001-2003
733305,1010085,0,0,0,2001-2003
733335,1010085,0,0,0,2001-2003
733365,1010085,0,0,0,2001-2003
733395,1010055,0,-30,30,2001-2003
733425,1010055,0,0,0,2001-2003
733455,1010055,-30,0,30,2001-2003
733485,1010055,0,30,30,2001-2003
733515,1010025,0,0,0,2001-2003
733545,1010025,0,0,0,2001-2003
733575,1009995,0,0,0,2001-2003
733605,1009995,0,0,0,2001-2003
733635,1009995,0,0,0,2001-2003
733665,1009965,0,0,0,2001-2003
733695,1009965,0,0,0,2001-2003
733725,1009965,0,0,0,2001-2003
733755,1009935,0,0,0,2001-2003
733785,1009935,0,0,0,2001-2003
733815,1009935,-30,0,30,2001-2003
733845,1009935,0,30,30,2001-2003
733875,1009905,0,0,0,2001-2003
733905,1009905,0,0,0,2001-2003
733935,1009875,0,0,0,2001-2003
733965,1009875,0,0,0,2001-2003
733995,1009875,0,0,0,2001-2003
734025,1009845,0,0,0,2001-2003
734055,1009845,0,0,0,2001-2003
734085,1009815,0,0,0,2001-2003
734115,1009815,0,0,0,2001-2003
734145,1009815,-30,0,30,2001-2003
734175,1009785,0,0,0,2001-2003
734205,1009785,0,0,0,2001-2003
734235,1009785,0,0,0,2001-2003
734265,1009785,-30,0,30,2001-2003
734295,1009755,0,0,0,2001-2003
734325,1009755,-30,0,30,2001-2003
734355,1009725,0,0,0,2001-2003
734385,1009725,0,0,0,2001-2003
734415,1009725,0,0,0,2001-2003
734445,1009695,0,0,0,2001-2003
734475,1009695,0,0,0,2001-2003
734505,1009695,0,0,0,2001-2003
734535,1009665,0,0,0,2001-2003
734565,1009665,0,0,0,2001-2003
734595,1009665,0,0,0,2001-2003
734625,1009665,-30,0,30,2001-2003
734655,1009635,0,0,0,2001-2003
734685,1009635,0,0,0,2001-2003
734715,1009635,0,0,0,2001-2003
734745,1009635,-30,0,30,2001-2003
734775,1009605,0,0,0,2001-2003
734805,1009605,-30,0,30,2001-2003
734835,1009605,0,30,30,2001-2003
734865,1009575,0,0,0,2001-2003
734895,1009575,-30,0,30,2001-2003
734925,1009575,0,30,30,2001-2003
734955,1009575,0,30,30,2001-2003
734985,1009545,0,0,0,2001-2003
735015,1009545,-30,0,30,2001-2003
735045,1009515,0,0,0,2001-2003
735075,1009515,0,0,0,2001-2003
735105,1009515,0,0,0,2001-2003
735135,1009515,-30,0,30,2001-2003
735165,1009485,0,0,0,2001-2003
735195,1009485,0,0,0,2001-2003
735225,1009485,-30,0,30,2001-2003
735255,1009455,0,0,0,2001-2003
735285,1009455,-30,0,30,2001-2003
735315,1009455,0,30,30,2001-2003
735345,1009455,-30,30,42.4264068711929,2001-2003
735375,1009425,-30,30,42.4264068711929,2001-2003
735405,1009395,-30,30,42.4264068711929,2001-2003
735435,1009365,0,30,30,2001-2003
735435,1009335,0,0,0,2001-2003
735465,1009305,0,0,0,2001-2003
735495,1009305,0,0,0,2001-2003
735525,1009275,0,0,0,2001-2003
735555,1009245,0,0,0,2001-2003
735585,1009215,0,0,0,2001-2003
735615,1009215,0,0,0,2001-2003
735645,1009185,0,0,0,2001-2003
735675,1009155,0,0,0,2001-2003
735705,1009125,-30,0,30,2001-2003
735735,1009095,-30,0,30,2001-2003
735765,1009065,-30,0,30,2001-2003
735795,1009065,0,30,30,2001-2003
735825,1009035,-30,0,30,2001-2003
735855,1009005,-30,0,30,2001-2003
735885,1008975,-30,0,30,2001-2003
735915,1008945,0,0,0,2001-2003
735945,1008945,-30,0,30,2001-2003
735975,1008915,-30,0,30,2001-2003
736005,1008885,0,0,0,2001-2003
736035,1008855,0,0,0,2001-2003
736065,1008825,0,-30,30,2001-2003
736095,1008795,0,-30,30,2001-2003
736125,1008795,0,-30,30,2001-2003
736155,1008765,0,-30,30,2001-2003
736185,1008765,0,-30,30,2001-2003
736215,1008735,0,-30,30,2001-2003
736245,1008735,0,0,0,2001-2003
736275,1008705,0,-30,30,2001-2003
736305,1008675,0,-30,30,2001-2003
736335,1008675,0,0,0,2001-2003
736365,1008645,0,-30,30,2001-2003
736395,1008615,0,-30,30,2001-2003
736425,1008615,0,0,0,2001-2003
736455,1008585,0,0,0,2001-2003
736485,1008555,0,-30,30,2001-2003
736515,1008525,0,0,0,2001-2003
736545,1008495,0,0,0,2001-2003
736575,1008465,0,0,0,2001-2003
736605,1008435,0,0,0,2001-2003
736635,1008405,0,0,0,2001-2003
736665,1008375,-30,0,30,2001-2003
736695,1008345,-30,0,30,2001-2003
736725,1008345,-30,30,42.4264068711929,2001-2003
736755,1008315,-30,30,42.4264068711929,2001-2003
736755,1008285,-30,0,30,2001-2003
736755,1008255,0,0,0,2001-2003
736785,1008225,0,0,0,2001-2003
736785,1008195,0,-30,30,2001-2003
736815,1008165,0,-30,30,2001-2003
736845,1008135,0,0,0,2001-2003
736875,1008105,0,0,0,2001-2003
736905,1008075,0,0,0,2001-2003
736935,1008045,0,0,0,2001-2003
736965,1008015,0,0,0,2001-2003
736965,1007985,0,-30,30,2001-2003
736995,1007955,0,0,0,2001-2003
737025,1007925,0,0,0,2001-2003
737055,1007895,0,0,0,2001-2003
737085,1007865,0,0,0,2001-2003
737115,1007835,0,0,0,2001-2003
737145,1007805,0,0,0,2001-2003
737175,1007775,0,0,0,2001-2003
737205,1007745,0,0,0,2001-2003
737235,1007715,0,0,0,2001-2003
737265,1007685,0,0,0,2001-2003
737265,1007655,0,-30,30,2001-2003
737295,1007625,0,0,0,2001-2003
737325,1007595,0,0,0,2001-2003
737355,1007565,0,0,0,2001-2003
737385,1007535,0,0,0,2001-2003
737415,1007505,-30,0,30,2001-2003
737415,1007475,0,0,0,2001-2003
737415,1007445,0,-30,30,2001-2003
737445,1007415,0,-30,30,2001-2003
737475,1007385,0,0,0,2001-2003
737475,1007355,0,-30,30,2001-2003
737505,1007325,0,-30,30,2001-2003
737535,1007295,0,0,0,2001-2003
737535,1007265,0,-30,30,2001-2003
737565,1007235,0,-30,30,2001-2003
737565,1007205,30,0,30,2001-2003
737595,1007175,0,-30,30,2001-2003
737625,1007145,0,-30,30,2001-2003
737655,1007115,0,0,0,2001-2003
737685,1007085,0,0,0,2001-2003
737685,1007055,0,-30,30,2001-2003
737715,1007025,0,-30,30,2001-2003
737745,1006995,0,0,0,2001-2003
737775,1006965,0,0,0,2001-2003
737805,1006935,0,0,0,2001-2003
737835,1006905,0,0,0,2001-2003
737865,1006875,-30,0,30,2001-2003
737895,1006845,-30,0,30,2001-2003
737925,1006815,-30,0,30,2001-2003
737925,1006785,0,0,0,2001-2003
737955,1006755,-30,0,30,2001-2003
737985,1006755,-30,30,42.4264068711929,2001-2003
738015,1006725,-30,30,42.4264068711929,2001-2003
738015,1006695,-30,0,30,2001-2003
738015,1006665,0,0,0,2001-2003
738015,1006635,0,0,0,2001-2003
738045,1006605,-30,0,30,2001-2003
738045,1006575,-30,0,30,2001-2003
738045,1006545,0,0,0,2001-2003
738045,1006515,0,0,0,2001-2003
738075,1006485,0,0,0,2001-2003
738105,1006455,0,0,0,2001-2003
738105,1006425,0,0,0,2001-2003
738105,1006395,0,-30,30,2001-2003
738105,1006365,30,-30,42.4264068711929,2001-2003
738135,1006335,30,0,30,2001-2003
738135,1006305,30,0,30,2001-2003
738165,1006275,0,-30,30,2001-2003
738165,1006245,30,0,30,2001-2003
738195,1006215,0,0,0,2001-2003
738225,1006185,0,0,0,2001-2003
738225,1006155,0,-30,30,2001-2003
738255,1006125,0,0,0,2001-2003
738255,1006095,0,0,0,2001-2003
738285,1006065,0,0,0,2001-2003
738285,1006035,0,-30,30,2001-2003
738315,1006005,0,-30,30,2001-2003
738345,1005975,0,0,0,2001-2003
738345,1005945,0,-30,30,2001-2003
738375,1005915,0,-30,30,2001-2003
738375,1005885,30,0,30,2001-2003
738375,1005855,30,-30,42.4264068711929,2001-2003
738375,1005825,60,0,60,2001-2003
738405,1005795,30,0,30,2001-2003
738435,1005765,0,-30,30,2001-2003
738435,1005735,30,0,30,2001-2003
738465,1005705,0,-30,30,2001-2003
738465,1005675,30,0,30,2001-2003
738495,1005645,0,-30,30,2001-2003
738495,1005615,30,0,30,2001-2003
738525,1005585,0,-30,30,2001-2003
738525,1005555,30,0,30,2001-2003
738555,1005525,0,-30,30,2001-2003
738555,1005495,30,-30,42.4264068711929,2001-2003
738585,1005465,30,0,30,2001-2003
738585,1005435,30,-30,42.4264068711929,2001-2003
738615,1005405,30,0,30,2001-2003
738615,1005375,30,-30,42.4264068711929,2001-2003
738645,1005345,30,0,30,2001-2003
738645,1005315,30,-30,42.4264068711929,2001-2003
738675,1005285,30,0,30,2001-2003
738705,1005255,0,-30,30,2001-2003
738735,1005225,0,-30,30,2001-2003
738735,1005195,30,0,30,2001-2003
738765,1005165,0,0,0,2001-2003
738795,1005135,0,0,0,2001-2003
738795,1005105,0,0,0,2001-2003
738825,1005075,0,0,0,2001-2003
738825,1005045,0,0,0,2001-2003
738855,1005015,0,0,0,2001-2003
738885,1004985,-30,0,30,2001-2003
738915,1004955,-30,0,30,2001-2003
738915,1004925,0,0,0,2001-2003
738945,1004895,0,0,0,2001-2003
738945,1004865,0,0,0,2001-2003
738975,1004835,-30,0,30,2001-2003
738975,1004805,0,0,0,2001-2003
739005,1004775,-30,0,30,2001-2003
739005,1004745,-30,0,30,2001-2003
739035,1004715,-30,30,42.4264068711929,2001-2003
739035,1004685,-30,0,30,2001-2003
739035,1004655,-30,0,30,2001-2003
739065,1004625,-30,0,30,2001-2003
739065,1004595,0,0,0,2001-2003
739095,1004565,-30,0,30,2001-2003
739125,1004535,-30,0,30,2001-2003
739125,1004505,-30,0,30,2001-2003
739155,1004475,0,0,0,2001-2003
739185,1004445,0,0,0,2001-2003
739215,1004415,0,-30,30,2001-2003
739215,1004385,30,-30,42.4264068711929,2001-2003
739245,1004355,30,-30,42.4264068711929,2001-2003
739275,1004325,0,-60,60,2001-2003
739305,1004295,30,-60,67.0820393249937,2001-2003
739335,1004295,30,-30,42.4264068711929,2001-2003
739365,1004265,30,-30,42.4264068711929,2001-2003
739395,1004265,0,-30,30,2001-2003
739425,1004235,30,-30,42.4264068711929,2001-2003
739455,1004235,0,-30,30,2001-2003
739485,1004205,0,-30,30,2001-2003
739515,1004175,30,-30,42.4264068711929,2001-2003
739545,1004175,0,-30,30,2001-2003
739575,1004145,0,-30,30,2001-2003
739605,1004115,30,0,30,2001-2003
739635,1004085,0,-30,30,2001-2003
739665,1004055,0,-30,30,2001-2003
739695,1004055,0,0,0,2001-2003
739725,1004025,0,0,0,2001-2003
739755,1003995,0,-30,30,2001-2003
739785,1003965,0,-30,30,2001-2003
739815,1003935,0,-30,30,2001-2003
739845,1003905,0,-30,30,2001-2003
739875,1003875,0,-30,30,2001-2003
739905,1003875,0,0,0,2001-2003
739935,1003845,0,0,0,2001-2003
739965,1003815,0,0,0,2001-2003
739995,1003785,0,0,0,2001-2003
740025,1003785,-30,0,30,2001-2003
740055,1003755,-30,0,30,2001-2003
740055,1003725,0,0,0,2001-2003
740085,1003695,0,0,0,2001-2003
740115,1003665,0,0,0,2001-2003
740145,1003635,0,0,0,2001-2003
740175,1003605,0,0,0,2001-2003
740205,1003575,0,0,0,2001-2003
740235,1003545,0,0,0,2001-2003
740265,1003515,0,0,0,2001-2003
740295,1003485,0,0,0,2001-2003
740325,1003455,0,0,0,2001-2003
740355,1003425,0,0,0,2001-2003
740385,1003395,0,0,0,2001-2003
740415,1003365,0,0,0,2001-2003
740445,1003335,0,0,0,2001-2003
740475,1003305,0,0,0,2001-2003
740505,1003275,0,0,0,2001-2003
740535,1003245,0,0,0,2001-2003
740565,1003215,0,0,0,2001-2003
740565,1003185,0,-30,30,2001-2003
740595,1003155,0,-30,30,2001-2003
740625,1003125,0,0,0,2001-2003
740655,1003095,0,0,0,2001-2003
740655,1003065,0,-30,30,2001-2003
740685,1003035,0,-30,30,2001-2003
740685,1003005,30,-30,42.4264068711929,2001-2003
740685,1002975,30,-60,67.0820393249937,2001-2003
740715,1002945,30,-60,67.0820393249937,2001-2003
740745,1002945,30,-30,42.4264068711929,2001-2003
740775,1002945,0,-30,30,2001-2003
740805,1002915,0,-30,30,2001-2003
740835,1002915,0,0,0,2001-2003
740865,1002885,0,0,0,2001-2003
740895,1002885,-30,0,30,2001-2003
740925,1002855,-30,0,30,2001-2003
740955,1002855,-30,30,42.4264068711929,2001-2003
740985,1002825,-30,30,42.4264068711929,2001-2003
740985,1002795,-30,0,30,2001-2003
741015,1002765,-30,0,30,2001-2003
741045,1002735,0,0,0,2001-2003
741075,1002705,0,0,0,2001-2003
741105,1002675,0,-30,30,2001-2003
741135,1002645,0,-30,30,2001-2003
741165,1002615,30,-30,42.4264068711929,2001-2003
741195,1002585,30,-30,42.4264068711929,2001-2003
741225,1002555,30,-30,42.4264068711929,2001-2003
741255,1002555,0,-30,30,2001-2003
741285,1002525,0,-30,30,2001-2003
741315,1002495,0,-30,30,2001-2003
741345,1002465,0,-30,30,2001-2003
741375,1002435,0,-30,30,2001-2003
741405,1002405,0,0,0,2001-2003
741435,1002375,0,0,0,2001-2003
741465,1002375,-30,0,30,2001-2003
741495,1002345,-30,0,30,2001-2003
741495,1002315,0,0,0,2001-2003
741525,1002285,0,0,0,2001-2003
741555,1002255,0,-30,30,2001-2003
741585,1002255,0,0,0,2001-2003
741615,1002225,0,0,0,2001-2003
741645,1002195,0,0,0,2001-2003
741675,1002165,0,0,0,2001-2003
741705,1002135,0,0,0,2001-2003
741735,1002105,0,0,0,2001-2003
741735,1002075,0,-30,30,2001-2003
741765,1002045,30,0,30,2001-2003
741765,1002015,30,0,30,2001-2003
741765,1001985,30,0,30,2001-2003
741795,1001955,0,-30,30,2001-2003
741795,1001925,30,0,30,2001-2003
741795,1001895,30,0,30,2001-2003
741825,1001865,0,0,0,2001-2003
741825,1001835,0,0,0,2001-2003
741825,1001805,0,0,0,2001-2003
741825,1001775,0,0,0,2001-2003
741825,1001745,0,0,0,2001-2003
741825,1001715,0,0,0,2001-2003
741825,1001685,0,-30,30,2001-2003
741825,1001655,30,0,30,2001-2003
741825,1001625,30,0,30,2001-2003
741855,1001595,0,0,0,2001-2003
741855,1001565,0,0,0,2001-2003
741855,1001535,0,0,0,2001-2003
741855,1001505,0,-30,30,2001-2003
741855,1001475,30,0,30,2001-2003
741855,1001445,30,0,30,2001-2003
741855,1001415,30,0,30,2001-2003
741855,1001385,30,-30,42.4264068711929,2001-2003
741855,1001355,60,0,60,2001-2003
741885,1001325,30,0,30,2001-2003
741885,1001295,30,0,30,2001-2003
741885,1001265,30,0,30,2001-2003
741915,1001235,0,-30,30,2001-2003
741915,1001205,30,0,30,2001-2003
741915,1001175,30,0,30,2001-2003
741945,1001145,0,-30,30,2001-2003
741945,1001115,30,0,30,2001-2003
741975,1001085,0,0,0,2001-2003
741975,1001055,0,-30,30,2001-2003
742005,1001025,0,0,0,2001-2003
742005,1000995,0,0,0,2001-2003
742005,1000965,0,-30,30,2001-2003
742035,1000935,0,0,0,2001-2003
742035,1000905,0,0,0,2001-2003
742065,1000875,0,0,0,2001-2003
742065,1000845,0,-30,30,2001-2003
742065,1000815,30,0,30,2001-2003
742095,1000785,0,-30,30,2001-2003
742125,1000755,0,0,0,2001-2003
742125,1000725,0,-30,30,2001-2003
742155,1000695,0,0,0,2001-2003
742185,1000665,0,0,0,2001-2003
742215,1000635,0,0,0,2001-2003
742245,1000605,-30,0,30,2001-2003
742245,1000575,0,0,0,2001-2003
742275,1000545,-30,0,30,2001-2003
742305,1000515,-30,0,30,2001-2003
742305,1000485,-30,0,30,2001-2003
742335,1000455,-30,0,30,2001-2003
742335,1000425,0,0,0,2001-2003
742365,1000395,0,0,0,2001-2003
742395,1000365,0,0,0,2001-2003
742425,1000335,0,0,0,2001-2003
742455,1000335,0,0,0,2001-2003
742485,1000305,0,0,0,2001-2003
742515,1000305,0,0,0,2001-2003
742545,1000275,0,0,0,2001-2003
742575,1000245,0,0,0,2001-2003
742605,1000245,0,0,0,2001-2003
742635,1000215,0,0,0,2001-2003
742665,1000185,0,0,0,2001-2003
742695,1000185,0,0,0,2001-2003
742725,1000155,0,0,0,2001-2003
742755,1000125,0,-30,30,2001-2003
742785,1000125,0,0,0,2001-2003
742815,1000095,0,0,0,2001-2003
742845,1000095,0,0,0,2001-2003
742875,1000065,0,0,0,2001-2003
742905,1000065,-30,0,30,2001-2003
742935,1000035,0,0,0,2001-2003
742965,1000035,-30,0,30,2001-2003
742995,1000035,-30,30,42.4264068711929,2001-2003
743025,1000005,0,30,30,2001-2003
743055,1000005,0,30,30,2001-2003
743085,999975,-30,0,30,2001-2003
743115,999975,-30,30,42.4264068711929,2001-2003
743145,999975,-60,30,67.0820393249937,2001-2003
743175,999945,-60,30,67.0820393249937,2001-2003
743205,999915,0,60,60,2001-2003
743235,999915,-30,60,67.0820393249937,2001-2003
743265,999885,-60,30,67.0820393249937,2001-2003
743295,999855,0,60,60,2001-2003
743325,999855,-30,60,67.0820393249937,2001-2003
743355,999825,-60,30,67.0820393249937,2001-2003
743385,999795,-60,30,67.0820393249937,2001-2003
743415,999765,0,60,60,2001-2003
743445,999765,-30,60,67.0820393249937,2001-2003
743475,999735,-60,30,67.0820393249937,2001-2003
743505,999735,-60,60,84.8528137423857,2001-2003
743535,999705,-30,60,67.0820393249937,2001-2003
743565,999675,-60,30,67.0820393249937,2001-2003
743595,999645,-60,30,67.0820393249937,2001-2003
743625,999615,0,60,60,2001-2003
743655,999615,-30,60,67.0820393249937,2001-2003
743685,999585,-60,30,67.0820393249937,2001-2003
743715,999555,-60,30,67.0820393249937,2001-2003
743745,999525,0,60,60,2001-2003
743775,999495,-30,30,42.4264068711929,2001-2003
743805,999495,-60,30,67.0820393249937,2001-2003
743835,999465,0,60,60,2001-2003
743865,999465,-30,60,67.0820393249937,2001-2003
743895,999435,-60,30,67.0820393249937,2001-2003
743925,999405,-60,30,67.0820393249937,2001-2003
743955,999375,0,60,60,2001-2003
743985,999345,-30,30,42.4264068711929,2001-2003
744015,999315,-30,30,42.4264068711929,2001-2003
744045,999315,-60,30,67.0820393249937,2001-2003
744075,999285,-60,30,67.0820393249937,2001-2003
744105,999255,-60,30,67.0820393249937,2001-2003
744135,999255,-60,60,84.8528137423857,2001-2003
744165,999225,-60,60,84.8528137423857,2001-2003
744195,999195,-60,60,84.8528137423857,2001-2003
744225,999165,-30,60,67.0820393249937,2001-2003
744255,999135,-60,30,67.0820393249937,2001-2003
744285,999105,-60,30,67.0820393249937,2001-2003
744315,999075,-60,30,67.0820393249937,2001-2003
744345,999045,-60,30,67.0820393249937,2001-2003
744375,999015,-60,30,67.0820393249937,2001-2003
744405,998985,-60,30,67.0820393249937,2001-2003
744435,998955,-60,60,84.8528137423857,2001-2003
744465,998925,-60,60,84.8528137423857,2001-2003
744495,998895,-60,60,84.8528137423857,2001-2003
744525,998865,-90,30,94.8683298050514,2001-2003
744555,998835,-90,60,108.16653826392,2001-2003
744585,998805,-120,30,123.69316876853,2001-2003
744615,998805,-120,90,150,2001-2003
744645,998775,-120,90,150,2001-2003
744675,998745,-30,150,152.970585407784,2001-2003
744705,998715,-60,120,134.164078649987,2001-2003
744735,998685,-90,90,127.279220613579,2001-2003
744765,998655,-90,90,127.279220613579,2001-2003
744795,998625,-90,90,127.279220613579,2001-2003
744795,998595,-90,60,108.16653826392,2001-2003
744825,998565,-90,60,108.16653826392,2001-2003
744855,998535,-90,60,108.16653826392,2001-2003
744855,998505,-60,60,84.8528137423857,2001-2003
744885,998475,-60,60,84.8528137423857,2001-2003
744915,998445,-60,60,84.8528137423857,2001-2003
744945,998415,-60,60,84.8528137423857,2001-2003
744975,998385,-60,60,84.8528137423857,2001-2003
745005,998355,-30,60,67.0820393249937,2001-2003
745035,998325,-60,30,67.0820393249937,2001-2003
745065,998295,-60,30,67.0820393249937,2001-2003
745095,998265,-60,30,67.0820393249937,2001-2003
745125,998265,-90,30,94.8683298050514,2001-2003
745155,998235,-90,60,108.16653826392,2001-2003
745185,998205,-90,60,108.16653826392,2001-2003
745215,998175,-30,90,94.8683298050514,2001-2003
745245,998145,-60,60,84.8528137423857,2001-2003
745275,998115,0,60,60,2001-2003
745305,998085,-30,30,42.4264068711929,2001-2003
745335,998085,0,60,60,2001-2003
745365,998055,-30,30,42.4264068711929,2001-2003
745395,998025,0,30,30,2001-2003
745425,998025,0,30,30,2001-2003
745455,997995,-30,0,30,2001-2003
745485,997965,0,0,0,2001-2003
745515,997965,-30,0,30,2001-2003
745545,997935,-30,0,30,2001-2003
745575,997935,-30,30,42.4264068711929,2001-2003
745605,997905,0,30,30,2001-2003
745635,997905,-30,30,42.4264068711929,2001-2003
745665,997875,0,30,30,2001-2003
745695,997875,-30,30,42.4264068711929,2001-2003
745725,997845,-30,30,42.4264068711929,2001-2003
745755,997815,-30,30,42.4264068711929,2001-2003
745785,997815,-60,30,67.0820393249937,2001-2003
745815,997815,-60,60,84.8528137423857,2001-2003
745845,997815,0,90,90,2001-2003
745875,997785,0,60,60,2001-2003
745905,997755,-30,30,42.4264068711929,2001-2003
745935,997755,0,60,60,2001-2003
745965,997755,-30,60,67.0820393249937,2001-2003
745995,997755,-60,60,84.8528137423857,2001-2003
746025,997755,-30,90,94.8683298050514,2001-2003
746055,997725,-60,60,84.8528137423857,2001-2003
746085,997725,-90,60,108.16653826392,2001-2003
746115,997725,-30,120,123.69316876853,2001-2003
746145,997695,-60,90,108.16653826392,2001-2003
746175,997695,-30,120,123.69316876853,2001-2003
746205,997695,-60,120,134.164078649987,2001-2003
746235,997665,-30,120,123.69316876853,2001-2003
746265,997665,-60,120,134.164078649987,2001-2003
746295,997635,-30,120,123.69316876853,2001-2003
746325,997635,-60,120,134.164078649987,2001-2003
746355,997635,-90,120,150,2001-2003
746385,997635,-120,120,169.705627484771,2001-2003
746415,997635,-60,180,189.736659610103,2001-2003
746445,997635,-90,180,201.246117974981,2001-2003
746475,997635,-120,180,216.333076527839,2001-2003
746505,997635,-150,180,234.3074902772,2001-2003
746535,997605,-180,150,234.3074902772,2001-2003
746565,997605,-180,180,254.558441227157,2001-2003
746595,997605,-210,180,276.586333718787,2001-2003
746625,997605,-210,210,296.98484809835,2001-2003
746655,997605,-60,300,305.941170815567,2001-2003
746685,997605,-90,300,313.209195267316,2001-2003
746715,997605,-120,300,323.10988842807,2001-2003
746745,997605,0,330,330,2001-2003
746775,997605,-30,330,331.360830515618,2001-2003
746805,997605,-60,330,335.410196624968,2001-2003
746835,997605,-90,330,342.052627529741,2001-2003
746865,997605,-120,330,351.140997321589,2001-2003
746895,997605,-30,360,361.247837363769,2001-2003
746925,997575,-60,330,335.410196624968,2001-2003
746955,997575,-90,330,342.052627529741,2001-2003
746985,997575,-120,330,351.140997321589,2001-2003
747015,997575,-30,360,361.247837363769,2001-2003
747045,997575,-60,360,364.965751817893,2001-2003
747075,997575,-90,360,371.079506305589,2001-2003
747105,997575,-120,360,379.473319220205,2001-2003
747135,997575,-150,360,390,2001-2003
747165,997575,-60,390,394.588393138977,2001-2003
747195,997575,-90,390,400.24992192379,2001-2003
747225,997575,-120,390,408.044115262063,2001-2003
747255,997575,90,390,400.24992192379,2001-2003
747285,997575,60,390,394.588393138977,2001-2003
747315,997575,30,390,391.152144312159,2001-2003
747345,997575,0,390,390,2001-2003
747375,997575,120,360,379.473319220205,2001-2003
747405,997575,90,360,371.079506305589,2001-2003
747435,997575,60,360,364.965751817893,2001-2003
747465,997575,30,360,361.247837363769,2001-2003
747495,997575,0,360,360,2001-2003
747525,997575,120,330,351.140997321589,2001-2003
747555,997575,90,330,342.052627529741,2001-2003
747585,997575,60,330,335.410196624968,2001-2003
747615,997575,30,330,331.360830515618,2001-2003
747645,997575,0,330,330,2001-2003
747675,997545,0,300,300,2001-2003
747705,997545,0,300,300,2001-2003
747735,997545,210,210,296.98484809835,2001-2003
747765,997545,180,210,276.586333718787,2001-2003
747795,997545,150,210,258.069758011279,2001-2003
747825,997515,120,180,216.333076527839,2001-2003
747855,997515,90,180,201.246117974981,2001-2003
747885,997515,60,180,189.736659610103,2001-2003
747915,997515,30,180,182.482875908947,2001-2003
747945,997485,0,150,150,2001-2003
747975,997455,0,120,120,2001-2003
748005,997455,0,120,120,2001-2003
748035,997455,60,90,108.16653826392,2001-2003
748065,997425,30,60,67.0820393249937,2001-2003
748095,997425,0,60,60,2001-2003
748125,997395,0,30,30,2001-2003
748155,997395,0,0,0,2001-2003
748185,997395,0,0,0,2001-2003
748215,997365,0,-30,30,2001-2003
748245,997365,0,-30,30,2001-2003
748275,997365,0,-30,30,2001-2003
748305,997335,0,-60,60,2001-2003
748335,997335,0,-60,60,2001-2003
748365,997335,30,-30,42.4264068711929,2001-2003
748395,997335,0,-30,30,2001-2003
748425,997335,0,-30,30,2001-2003
748455,997335,0,-30,30,2001-2003
748485,997335,0,-30,30,2001-2003
748515,997335,0,-30,30,2001-2003
748545,997335,0,-30,30,2001-2003
748575,997335,0,-30,30,2001-2003
748605,997335,0,-30,30,2001-2003
748635,997335,0,-30,30,2001-2003
748665,997335,0,-30,30,2001-2003
748695,997335,0,-30,30,2001-2003
748725,997365,0,0,0,2001-2003
748755,997365,0,0,0,2001-2003
748785,997395,0,30,30,2001-2003
748815,997395,0,0,0,2001-2003
748845,997395,0,0,0,2001-2003
748875,997395,0,0,0,2001-2003
748905,997395,0,0,0,2001-2003
748935,997395,0,0,0,2001-2003
748965,997395,0,0,0,2001-2003
748995,997395,0,0,0,2001-2003
749025,997395,-30,0,30,2001-2003
749055,997395,0,-30,30,2001-2003
749085,997425,0,0,0,2001-2003
749115,997425,0,0,0,2001-2003
749145,997425,0,0,0,2001-2003
749175,997425,0,0,0,2001-2003
749205,997425,0,0,0,2001-2003
749235,997425,0,0,0,2001-2003
749265,997425,0,0,0,2001-2003
749295,997395,0,-30,30,2001-2003
749325,997395,0,-30,30,2001-2003
749355,997395,0,0,0,2001-2003
749385,997395,0,0,0,2001-2003
749415,997395,0,0,0,2001-2003
749445,997395,0,0,0,2001-2003
749475,997395,0,0,0,2001-2003
749505,997395,0,0,0,2001-2003
749535,997395,0,0,0,2001-2003
749565,997395,-30,0,30,2001-2003
749595,997365,0,0,0,2001-2003
749625,997365,0,0,0,2001-2003
749655,997335,0,-30,30,2001-2003
749685,997335,0,-30,30,2001-2003
749715,997335,0,0,0,2001-2003
749745,997335,0,0,0,2001-2003
749775,997335,0,0,0,2001-2003
749805,997335,0,0,0,2001-2003
749835,997305,0,0,0,2001-2003
749865,997305,0,0,0,2001-2003
749895,997305,0,0,0,2001-2003
749925,997305,0,0,0,2001-2003
749955,997305,-30,0,30,2001-2003
749985,997275,0,0,0,2001-2003
750015,997275,0,0,0,2001-2003
750045,997275,-30,0,30,2001-2003
750075,997275,0,30,30,2001-2003
750105,997245,0,0,0,2001-2003
750135,997245,0,0,0,2001-2003
750165,997215,0,0,0,2001-2003
750195,997215,0,0,0,2001-2003
750225,997215,-30,0,30,2001-2003
750255,997185,0,0,0,2001-2003
750285,997185,0,0,0,2001-2003
750315,997155,0,0,0,2001-2003
750345,997155,0,0,0,2001-2003
750375,997125,0,-30,30,2001-2003
750405,997125,0,0,0,2001-2003
750435,997125,-30,0,30,2001-2003
750465,997095,0,0,0,2001-2003
750495,997065,0,-30,30,2001-2003
750525,997065,0,0,0,2001-2003
750555,997065,-30,0,30,2001-2003
750585,997035,0,0,0,2001-2003
750615,997035,-30,0,30,2001-2003
750645,997005,-30,0,30,2001-2003
750675,997005,0,30,30,2001-2003
750705,996975,-30,0,30,2001-2003
750735,996975,0,30,30,2001-2003
750765,996945,-30,0,30,2001-2003
750795,996945,0,30,30,2001-2003
750825,996945,-30,30,42.4264068711929,2001-2003
750855,996915,-30,30,42.4264068711929,2001-2003
750885,996885,0,30,30,2001-2003
750915,996885,-30,30,42.4264068711929,2001-2003
750945,996885,0,60,60,2001-2003
750975,996855,-30,30,42.4264068711929,2001-2003
751005,996855,-60,30,67.0820393249937,2001-2003
751035,996825,-60,30,67.0820393249937,2001-2003
751065,996825,-60,60,84.8528137423857,2001-2003
751095,996795,-30,60,67.0820393249937,2001-2003
751125,996795,-60,60,84.8528137423857,2001-2003
751155,996765,-60,60,84.8528137423857,2001-2003
751185,996765,-30,90,94.8683298050514,2001-2003
751215,996765,-60,90,108.16653826392,2001-2003
751245,996735,-90,60,108.16653826392,2001-2003
751275,996735,-30,120,123.69316876853,2001-2003
751305,996735,-60,120,134.164078649987,2001-2003
751335,996705,-30,120,123.69316876853,2001-2003
751365,996705,-60,120,134.164078649987,2001-2003
751395,996705,-90,120,150,2001-2003
751425,996705,-120,120,169.705627484771,2001-2003
751455,996675,-60,150,161.554944214035,2001-2003
751485,996675,-90,150,174.928556845359,2001-2003
751515,996645,-120,120,169.705627484771,2001-2003
751545,996615,-60,150,161.554944214035,2001-2003
751575,996585,-90,120,150,2001-2003
751605,996555,-120,90,150,2001-2003
751635,996525,-60,120,134.164078649987,2001-2003
751665,996525,-90,120,150,2001-2003
751695,996495,-60,120,134.164078649987,2001-2003
751725,996465,-90,90,127.279220613579,2001-2003
751755,996435,-30,120,123.69316876853,2001-2003
751785,996405,-60,90,108.16653826392,2001-2003
751815,996405,-30,120,123.69316876853,2001-2003
751845,996375,-60,90,108.16653826392,2001-2003
751875,996345,-30,90,94.8683298050514,2001-2003
751905,996315,-60,60,84.8528137423857,2001-2003
751935,996315,-30,90,94.8683298050514,2001-2003
751965,996285,-60,60,84.8528137423857,2001-2003
751995,996255,-30,60,67.0820393249937,2001-2003
752025,996255,-60,60,84.8528137423857,2001-2003
752055,996225,-30,60,67.0820393249937,2001-2003
752085,996195,0,60,60,2001-2003
752115,996165,0,30,30,2001-2003
752145,996165,-30,30,42.4264068711929,2001-2003
752175,996165,0,60,60,2001-2003
752205,996135,-30,30,42.4264068711929,2001-2003
752235,996135,0,60,60,2001-2003
752265,996105,0,30,30,2001-2003
752295,996105,0,30,30,2001-2003
752325,996105,0,30,30,2001-2003
752355,996105,0,30,30,2001-2003
752385,996105,0,30,30,2001-2003
752415,996105,0,30,30,2001-2003
752445,996105,0,30,30,2001-2003
752475,996105,0,30,30,2001-2003
752505,996075,-30,0,30,2001-2003
752535,996075,0,30,30,2001-2003
752565,996075,0,30,30,2001-2003
752595,996045,-30,0,30,2001-2003
752625,996045,0,30,30,2001-2003
752655,996045,-30,30,42.4264068711929,2001-2003
752685,996045,0,60,60,2001-2003
752715,996015,-30,30,42.4264068711929,2001-2003
752745,995985,0,30,30,2001-2003
752775,995985,-30,30,42.4264068711929,2001-2003
752805,995955,-30,30,42.4264068711929,2001-2003
752835,995955,0,60,60,2001-2003
752865,995925,-30,30,42.4264068711929,2001-2003
752865,995895,-30,0,30,2001-2003
752895,995865,-30,0,30,2001-2003
752925,995865,0,30,30,2001-2003
752955,995835,0,0,0,2001-2003
752985,995835,-30,0,30,2001-2003
753015,995805,0,0,0,2001-2003
753045,995805,-30,0,30,2001-2003
753075,995775,0,0,0,2001-2003
753105,995775,-30,0,30,2001-2003
753135,995745,0,0,0,2001-2003
753165,995715,0,0,0,2001-2003
753195,995715,0,0,0,2001-2003
753225,995685,0,0,0,2001-2003
753255,995685,0,0,0,2001-2003
753285,995655,0,0,0,2001-2003
753315,995655,-30,0,30,2001-2003
753345,995625,-30,0,30,2001-2003
753375,995595,-30,0,30,2001-2003
753405,995595,0,30,30,2001-2003
753435,995565,0,0,0,2001-2003
753465,995565,-30,0,30,2001-2003
753495,995535,0,0,0,2001-2003
753525,995505,0,0,0,2001-2003
753555,995475,0,0,0,2001-2003
753585,995445,0,-30,30,2001-2003
753615,995445,0,0,0,2001-2003
753645,995415,0,0,0,2001-2003
753675,995415,0,0,0,2001-2003
753705,995385,0,0,0,2001-2003
753735,995355,0,0,0,2001-2003
753765,995355,0,0,0,2001-2003
753795,995325,0,0,0,2001-2003
753825,995325,-30,0,30,2001-2003
753855,995295,0,0,0,2001-2003
753885,995295,-30,0,30,2001-2003
753915,995265,0,0,0,2001-2003
753945,995265,-30,0,30,2001-2003
753975,995235,0,0,0,2001-2003
754005,995205,0,0,0,2001-2003
754035,995205,0,0,0,2001-2003
754065,995175,0,0,0,2001-2003
754095,995145,0,0,0,2001-2003
754125,995145,0,0,0,2001-2003
754155,995115,0,-30,30,2001-2003
754185,995115,0,0,0,2001-2003
754215,995085,0,-30,30,2001-2003
754245,995085,0,-30,30,2001-2003
754275,995055,0,-60,60,2001-2003
754305,995055,30,-30,42.4264068711929,2001-2003
754335,995055,0,-30,30,2001-2003
754365,995055,0,-30,30,2001-2003
754395,995055,0,-30,30,2001-2003
754425,995025,0,-30,30,2001-2003
754455,995025,0,-30,30,2001-2003
754485,995025,0,-30,30,2001-2003
754515,995025,0,-30,30,2001-2003
754545,995025,0,-30,30,2001-2003
754575,995025,0,-30,30,2001-2003
754605,994995,30,-30,42.4264068711929,2001-2003
754635,994995,0,-30,30,2001-2003
754665,994995,0,-30,30,2001-2003
754695,994995,0,-30,30,2001-2003
754725,994995,0,-30,30,2001-2003
754755,994995,0,-30,30,2001-2003
754785,994995,0,-30,30,2001-2003
754815,994995,0,-30,30,2001-2003
754845,994965,0,-30,30,2001-2003
754875,994965,0,-30,30,2001-2003
754905,994965,0,-30,30,2001-2003
754935,994965,0,-30,30,2001-2003
754965,994965,0,-30,30,2001-2003
754995,994965,0,0,0,2001-2003
755025,994965,0,0,0,2001-2003
755055,994965,0,0,0,2001-2003
755085,994965,0,0,0,2001-2003
755115,994965,-30,0,30,2001-2003
755145,994965,0,-30,30,2001-2003
755175,994965,0,-30,30,2001-2003
755205,994965,0,-30,30,2001-2003
755235,994965,0,-30,30,2001-2003
755265,994965,0,-30,30,2001-2003
755295,994995,0,0,0,2001-2003
755325,994995,0,0,0,2001-2003
755355,994995,0,0,0,2001-2003
755385,994995,-30,0,30,2001-2003
755415,994995,0,-30,30,2001-2003
755445,994995,0,-30,30,2001-2003
755475,995025,0,0,0,2001-2003
755505,995025,0,0,0,2001-2003
755535,995025,0,0,0,2001-2003
755565,995025,0,0,0,2001-2003
755595,995025,0,0,0,2001-2003
755625,995025,0,0,0,2001-2003
755655,995025,0,0,0,2001-2003
755685,995055,0,30,30,2001-2003
755715,995055,0,30,30,2001-2003
755745,995055,0,30,30,2001-2003
755775,995055,0,0,0,2001-2003
755805,995055,0,0,0,2001-2003
755835,995055,0,0,0,2001-2003
755865,995055,-30,0,30,2001-2003
755895,995085,-30,0,30,2001-2003
755925,995115,0,0,0,2001-2003
755955,995115,0,0,0,2001-2003
755985,995115,-30,0,30,2001-2003
756015,995145,0,0,0,2001-2003
756045,995145,-30,0,30,2001-2003
756075,995175,0,0,0,2001-2003
756105,995175,0,0,0,2001-2003
756135,995175,0,0,0,2001-2003
756165,995205,0,0,0,2001-2003
756195,995205,0,0,0,2001-2003
756225,995235,0,0,0,2001-2003
756255,995235,0,0,0,2001-2003
756285,995235,-30,0,30,2001-2003
756315,995265,0,0,0,2001-2003
756345,995265,0,0,0,2001-2003
756375,995295,0,0,0,2001-2003
756405,995295,0,0,0,2001-2003
756435,995295,-30,0,30,2001-2003
756465,995325,0,0,0,2001-2003
756495,995325,0,0,0,2001-2003
756525,995325,-30,0,30,2001-2003
756555,995325,0,-30,30,2001-2003
756585,995355,0,0,0,2001-2003
756615,995385,0,0,0,2001-2003
756645,995385,0,0,0,2001-2003
756675,995385,-30,0,30,2001-2003
756705,995385,0,-30,30,2001-2003
756735,995415,0,0,0,2001-2003
756765,995415,-30,0,30,2001-2003
756795,995415,0,-30,30,2001-2003
756825,995445,-30,0,30,2001-2003
756855,995445,0,-30,30,2001-2003
756885,995445,0,-30,30,2001-2003
756915,995475,-30,0,30,2001-2003
756945,995475,0,-30,30,2001-2003
756975,995505,0,0,0,2001-2003
757005,995505,-30,0,30,2001-2003
757035,995505,0,-30,30,2001-2003
757065,995535,-30,0,30,2001-2003
757095,995535,0,-30,30,2001-2003
757125,995535,0,-30,30,2001-2003
757155,995535,-30,-30,42.4264068711929,2001-2003
757185,995565,0,-30,30,2001-2003
757215,995565,0,-30,30,2001-2003
757245,995565,0,-30,30,2001-2003
757275,995595,-30,0,30,2001-2003
757305,995595,-30,-30,42.4264068711929,2001-2003
757335,995625,0,-30,30,2001-2003
757365,995625,0,-30,30,2001-2003
757395,995625,0,-30,30,2001-2003
757425,995655,0,0,0,2001-2003
757455,995655,0,0,0,2001-2003
757485,995655,-30,0,30,2001-2003
757515,995655,0,-30,30,2001-2003
757545,995655,0,-30,30,2001-2003
757575,995655,0,-30,30,2001-2003
757605,995685,0,0,0,2001-2003
757635,995685,0,0,0,2001-2003
757665,995715,0,30,30,2001-2003
757695,995715,0,0,0,2001-2003
757725,995715,0,0,0,2001-2003
757755,995715,0,0,0,2001-2003
757785,995715,0,0,0,2001-2003
757815,995685,0,-30,30,2001-2003
757845,995685,-30,-30,42.4264068711929,2001-2003
757875,995715,0,-30,30,2001-2003
757905,995715,0,-30,30,2001-2003
757935,995715,0,-30,30,2001-2003
757965,995685,0,-60,60,2001-2003
757995,995685,0,-60,60,2001-2003
758025,995685,0,-60,60,2001-2003
758055,995715,0,-30,30,2001-2003
758085,995715,0,-30,30,2001-2003
758115,995715,0,-30,30,2001-2003
758145,995715,0,-30,30,2001-2003
758175,995715,0,-30,30,2001-2003
758205,995715,0,-30,30,2001-2003
758235,995715,0,-30,30,2001-2003
758265,995715,0,-30,30,2001-2003
758295,995715,0,-30,30,2001-2003
758325,995715,0,-30,30,2001-2003
758355,995715,0,-30,30,2001-2003
758385,995715,0,-30,30,2001-2003
758415,995715,0,-30,30,2001-2003
758445,995745,0,0,0,2001-2003
758475,995745,0,0,0,2001-2003
758505,995745,0,0,0,2001-2003
758535,995745,0,0,0,2001-2003
758565,995745,0,0,0,2001-2003
758595,995745,0,0,0,2001-2003
758625,995745,0,0,0,2001-2003
758655,995745,0,0,0,2001-2003
758685,995745,0,0,0,2001-2003
758715,995745,0,0,0,2001-2003
758745,995745,0,0,0,2001-2003
758775,995745,0,0,0,2001-2003
758805,995745,0,0,0,2001-2003
758835,995745,0,0,0,2001-2003
758865,995745,0,0,0,2001-2003
758895,995745,0,0,0,2001-2003
758925,995745,0,0,0,2001-2003
758955,995715,0,-30,30,2001-2003
758985,995715,0,-30,30,2001-2003
759015,995715,0,-30,30,2001-2003
759045,995715,0,-30,30,2001-2003
759075,995715,0,-30,30,2001-2003
759105,995715,0,0,0,2001-2003
759135,995715,0,0,0,2001-2003
759165,995715,0,0,0,2001-2003
759195,995685,0,-30,30,2001-2003
759225,995685,0,-30,30,2001-2003
759255,995685,0,0,0,2001-2003
759285,995685,0,0,0,2001-2003
759315,995685,0,0,0,2001-2003
759345,995655,0,0,0,2001-2003
759375,995655,0,0,0,2001-2003
759405,995655,0,0,0,2001-2003
759435,995625,0,0,0,2001-2003
759465,995625,0,0,0,2001-2003
759495,995625,-30,0,30,2001-2003
759525,995595,0,0,0,2001-2003
759555,995595,0,0,0,2001-2003
759585,995595,-30,0,30,2001-2003
759615,995595,0,30,30,2001-2003
759645,995565,0,0,0,2001-2003
759675,995565,0,0,0,2001-2003
759705,995565,-30,0,30,2001-2003
759735,995535,0,0,0,2001-2003
759765,995535,0,0,0,2001-2003
759795,995505,0,0,0,2001-2003
759825,995505,0,0,0,2001-2003
759855,995475,0,0,0,2001-2003
759885,995475,0,0,0,2001-2003
759915,995445,0,0,0,2001-2003
759945,995445,0,0,0,2001-2003
759975,995415,0,-30,30,2001-2003
760005,995415,0,0,0,2001-2003
760035,995385,0,0,0,2001-2003
760065,995385,0,0,0,2001-2003
760095,995355,0,0,0,2001-2003
760125,995325,0,0,0,2001-2003
760155,995295,0,-30,30,2001-2003
760185,995295,0,0,0,2001-2003
760215,995295,-30,0,30,2001-2003
760245,995265,-30,0,30,2001-2003
760275,995265,0,30,30,2001-2003
760305,995235,-30,0,30,2001-2003
760335,995235,0,30,30,2001-2003
760365,995205,-30,0,30,2001-2003
760395,995175,-30,0,30,2001-2003
760425,995145,-30,0,30,2001-2003
760455,995145,-30,30,42.4264068711929,2001-2003
760485,995115,0,30,30,2001-2003
760515,995085,-30,0,30,2001-2003
760545,995085,-30,30,42.4264068711929,2001-2003
760575,995055,-30,30,42.4264068711929,2001-2003
760605,995025,-30,30,42.4264068711929,2001-2003
760635,994995,-30,30,42.4264068711929,2001-2003
760665,994995,-60,30,67.0820393249937,2001-2003
760695,994965,-60,30,67.0820393249937,2001-2003
760725,994965,-60,60,84.8528137423857,2001-2003
760755,994935,-30,60,67.0820393249937,2001-2003
760785,994905,-60,30,67.0820393249937,2001-2003
760815,994875,-60,30,67.0820393249937,2001-2003
760845,994875,-60,60,84.8528137423857,2001-2003
760875,994875,-90,60,108.16653826392,2001-2003
760905,994845,0,90,90,2001-2003
760905,994815,0,60,60,2001-2003
760935,994785,-30,30,42.4264068711929,2001-2003
760935,994755,-30,0,30,2001-2003
760965,994725,-30,0,30,2001-2003
760995,994725,0,30,30,2001-2003
761025,994695,0,0,0,2001-2003
761055,994665,0,0,0,2001-2003
761085,994665,0,0,0,2001-2003
761115,994635,0,0,0,2001-2003
761145,994605,0,0,0,2001-2003
761175,994575,0,0,0,2001-2003
761205,994575,0,0,0,2001-2003
761235,994545,0,0,0,2001-2003
761265,994515,0,-30,30,2001-2003
761295,994515,0,0,0,2001-2003
761325,994485,0,0,0,2001-2003
761355,994485,0,0,0,2001-2003
761385,994455,0,0,0,2001-2003
761415,994455,0,0,0,2001-2003
761445,994425,0,0,0,2001-2003
761475,994425,-30,0,30,2001-2003
761505,994395,0,0,0,2001-2003
761535,994395,-30,0,30,2001-2003
761565,994365,0,0,0,2001-2003
761595,994335,0,-30,30,2001-2003
761625,994305,30,-30,42.4264068711929,2001-2003
761655,994275,30,-30,42.4264068711929,2001-2003
761685,994275,0,-30,30,2001-2003
761715,994245,30,-30,42.4264068711929,2001-2003
761745,994245,0,-30,30,2001-2003
761775,994215,0,-30,30,2001-2003
761805,994185,0,-30,30,2001-2003
761835,994155,30,-30,42.4264068711929,2001-2003
761865,994125,30,-30,42.4264068711929,2001-2003
761895,994095,30,-30,42.4264068711929,2001-2003
761925,994095,0,-30,30,2001-2003
761955,994065,0,-30,30,2001-2003
761985,994065,0,0,0,2001-2003
762015,994035,0,0,0,2001-2003
762045,994005,0,-30,30,2001-2003
762075,993975,0,-30,30,2001-2003
762105,993945,0,-30,30,2001-2003
762135,993915,0,-30,30,2001-2003
762165,993915,0,0,0,2001-2003
762195,993885,0,-30,30,2001-2003
762225,993885,0,0,0,2001-2003
762255,993855,0,-30,30,2001-2003
762285,993855,0,0,0,2001-2003
762315,993825,0,-30,30,2001-2003
762345,993825,0,0,0,2001-2003
762375,993795,0,-30,30,2001-2003
762405,993765,0,-30,30,2001-2003
762435,993735,0,-60,60,2001-2003
762465,993735,30,-30,42.4264068711929,2001-2003
762495,993705,0,-60,60,2001-2003
762525,993705,30,-30,42.4264068711929,2001-2003
762555,993675,0,-60,60,2001-2003
762585,993675,0,-60,60,2001-2003
762615,993675,0,-60,60,2001-2003
762645,993675,0,-60,60,2001-2003
762675,993645,60,-60,84.8528137423857,2001-2003
762705,993645,30,-60,67.0820393249937,2001-2003
762735,993645,0,-60,60,2001-2003
762765,993645,0,-60,60,2001-2003
762795,993645,0,-60,60,2001-2003
762825,993615,0,-90,90,2001-2003
762855,993615,0,-90,90,2001-2003
762885,993615,0,-90,90,2001-2003
762915,993615,60,-60,84.8528137423857,2001-2003
762945,993615,30,-60,67.0820393249937,2001-2003
762975,993615,30,-30,42.4264068711929,2001-2003
763005,993615,0,-30,30,2001-2003
763035,993615,0,-30,30,2001-2003
763065,993615,0,-30,30,2001-2003
763095,993615,0,-30,30,2001-2003
763125,993585,0,-60,60,2001-2003
763155,993585,0,-60,60,2001-2003
763185,993585,30,-30,42.4264068711929,2001-2003
763215,993585,0,-30,30,2001-2003
763245,993585,0,-30,30,2001-2003
763275,993585,0,-30,30,2001-2003
763305,993585,0,-30,30,2001-2003
763335,993585,0,0,0,2001-2003
763365,993585,0,0,0,2001-2003
763395,993585,0,0,0,2001-2003
763425,993585,0,0,0,2001-2003
763455,993585,0,0,0,2001-2003
763485,993555,0,-30,30,2001-2003
763515,993555,0,-30,30,2001-2003
763545,993555,0,-30,30,2001-2003
763575,993555,0,0,0,2001-2003
763605,993555,0,0,0,2001-2003
763635,993555,0,0,0,2001-2003
763665,993555,0,0,0,2001-2003
763695,993555,0,0,0,2001-2003
763725,993555,0,0,0,2001-2003
763755,993525,0,-30,30,2001-2003
763785,993525,0,-30,30,2001-2003
763815,993525,0,-30,30,2001-2003
763845,993525,0,-30,30,2001-2003
763875,993525,0,-30,30,2001-2003
763905,993525,0,0,0,2001-2003
763935,993525,0,0,0,2001-2003
763965,993525,0,0,0,2001-2003
763995,993525,0,0,0,2001-2003
764025,993495,0,-30,30,2001-2003
764055,993495,0,-30,30,2001-2003
764085,993495,0,0,0,2001-2003
764115,993495,0,0,0,2001-2003
764145,993495,0,0,0,2001-2003
764175,993495,0,0,0,2001-2003
764205,993465,0,0,0,2001-2003
764235,993465,0,0,0,2001-2003
764265,993435,0,-30,30,2001-2003
764295,993435,0,0,0,2001-2003
764325,993435,0,0,0,2001-2003
764355,993435,0,0,0,2001-2003
764385,993405,0,0,0,2001-2003
764415,993405,0,0,0,2001-2003
764445,993405,0,0,0,2001-2003
764475,993405,0,0,0,2001-2003
764505,993405,0,0,0,2001-2003
764535,993405,0,0,0,2001-2003
764565,993405,0,0,0,2001-2003
764595,993405,0,0,0,2001-2003
764625,993405,0,0,0,2001-2003
764655,993405,0,0,0,2001-2003
764685,993405,-30,0,30,2001-2003
764715,993405,0,-30,30,2001-2003
764745,993405,0,-30,30,2001-2003
764775,993435,0,0,0,2001-2003
764805,993435,0,0,0,2001-2003
764835,993435,0,0,0,2001-2003
764865,993435,0,0,0,2001-2003
764895,993435,0,0,0,2001-2003
764925,993435,0,0,0,2001-2003
764955,993435,-30,0,30,2001-2003
764985,993435,0,-30,30,2001-2003
765015,993435,0,-30,30,2001-2003
765045,993435,0,-30,30,2001-2003
765075,993435,0,-30,30,2001-2003
765105,993435,0,-30,30,2001-2003
765135,993435,0,-30,30,2001-2003
765165,993435,0,-30,30,2001-2003
765195,993435,0,0,0,2001-2003
765225,993435,0,0,0,2001-2003
765255,993435,0,0,0,2001-2003
765285,993435,0,0,0,2001-2003
765315,993435,0,0,0,2001-2003
765345,993435,0,0,0,2001-2003
765375,993465,0,30,30,2001-2003
765405,993465,0,0,0,2001-2003
765435,993465,0,0,0,2001-2003
765465,993465,0,0,0,2001-2003
765495,993495,0,0,0,2001-2003
765525,993495,0,0,0,2001-2003
765555,993495,0,0,0,2001-2003
765585,993495,-30,0,30,2001-2003
765615,993495,0,-30,30,2001-2003
765645,993525,0,0,0,2001-2003
765675,993525,-30,0,30,2001-2003
765705,993525,0,-30,30,2001-2003
765735,993525,0,-30,30,2001-2003
765765,993555,0,0,0,2001-2003
765795,993555,0,0,0,2001-2003
765825,993555,0,0,0,2001-2003
765855,993555,-30,0,30,2001-2003
765885,993555,0,-30,30,2001-2003
765915,993585,0,0,0,2001-2003
765945,993585,0,0,0,2001-2003
765975,993585,0,0,0,2001-2003
766005,993585,0,0,0,2001-2003
766035,993585,0,0,0,2001-2003
766065,993585,0,0,0,2001-2003
766095,993585,0,0,0,2001-2003
766125,993585,0,0,0,2001-2003
766155,993585,0,0,0,2001-2003
766185,993585,0,0,0,2001-2003
766215,993585,0,0,0,2001-2003
766245,993585,0,0,0,2001-2003
766275,993585,0,0,0,2001-2003
766305,993585,0,0,0,2001-2003
766335,993585,0,0,0,2001-2003
766365,993615,0,0,0,2001-2003
766395,993615,0,0,0,2001-2003
766425,993645,0,30,30,2001-2003
766455,993645,0,30,30,2001-2003
766485,993645,0,30,30,2001-2003
766515,993645,0,30,30,2001-2003
766545,993645,0,30,30,2001-2003
766575,993645,0,30,30,2001-2003
766605,993645,0,0,0,2001-2003
766635,993615,0,-30,30,2001-2003
766665,993615,0,-30,30,2001-2003
766695,993585,0,-60,60,2001-2003
766725,993585,30,-30,42.4264068711929,2001-2003
766755,993585,0,-30,30,2001-2003
766785,993555,0,-60,60,2001-2003
766815,993555,0,-60,60,2001-2003
766845,993555,30,-30,42.4264068711929,2001-2003
766875,993555,0,-30,30,2001-2003
766905,993555,0,-30,30,2001-2003
766935,993555,0,-30,30,2001-2003
766965,993555,0,-30,30,2001-2003
766995,993555,0,-30,30,2001-2003
767025,993555,0,-30,30,2001-2003
767055,993555,0,-30,30,2001-2003
767085,993555,0,-30,30,2001-2003
767115,993585,0,0,0,2001-2003
767145,993585,-30,0,30,2001-2003
767175,993585,0,-30,30,2001-2003
767205,993585,-30,-30,42.4264068711929,2001-2003
767235,993585,0,-60,60,2001-2003
767265,993585,0,-60,60,2001-2003
767295,993585,0,-60,60,2001-2003
767325,993585,0,-60,60,2001-2003
767355,993585,0,-60,60,2001-2003
767385,993585,30,-30,42.4264068711929,2001-2003
767415,993585,0,-30,30,2001-2003
767445,993585,0,-30,30,2001-2003
767475,993585,0,-30,30,2001-2003
767505,993585,0,0,0,2001-2003
767535,993585,0,0,0,2001-2003
767565,993555,0,0,0,2001-2003
767595,993555,0,0,0,2001-2003
767625,993555,0,0,0,2001-2003
767655,993555,-30,0,30,2001-2003
767685,993525,0,0,0,2001-2003
767715,993525,-30,0,30,2001-2003
767745,993525,0,30,30,2001-2003
767775,993495,-30,0,30,2001-2003
767805,993495,0,30,30,2001-2003
767835,993465,0,0,0,2001-2003
767865,993465,-30,0,30,2001-2003
767895,993465,0,30,30,2001-2003
767925,993435,0,0,0,2001-2003
767955,993435,-30,0,30,2001-2003
767985,993405,0,0,0,2001-2003
768015,993405,-30,0,30,2001-2003
768045,993375,0,0,0,2001-2003
768075,993375,0,0,0,2001-2003
768105,993345,0,0,0,2001-2003
768135,993345,0,0,0,2001-2003
768165,993345,0,0,0,2001-2003
768195,993345,0,0,0,2001-2003
768225,993345,-30,0,30,2001-2003
768255,993315,0,0,0,2001-2003
768285,993315,0,0,0,2001-2003
768315,993315,-30,0,30,2001-2003
768345,993285,0,0,0,2001-2003
768375,993285,0,0,0,2001-2003
768405,993285,-30,0,30,2001-2003
768435,993255,0,0,0,2001-2003
768465,993255,0,0,0,2001-2003
768495,993255,0,0,0,2001-2003
768525,993225,0,-30,30,2001-2003
768555,993225,0,0,0,2001-2003
768585,993225,0,0,0,2001-2003
768615,993195,0,-30,30,2001-2003
768645,993195,0,0,0,2001-2003
768675,993165,0,-30,30,2001-2003
768705,993165,0,-30,30,2001-2003
768735,993165,0,0,0,2001-2003
768765,993135,0,-30,30,2001-2003
768795,993135,0,-30,30,2001-2003
768825,993105,0,-30,30,2001-2003
768855,993105,0,-30,30,2001-2003
768885,993075,0,-60,60,2001-2003
768915,993075,30,-30,42.4264068711929,2001-2003
768945,993075,0,-30,30,2001-2003
768975,993045,0,-60,60,2001-2003
769005,993045,30,-30,42.4264068711929,2001-2003
769035,993045,0,-30,30,2001-2003
769065,993015,0,-60,60,2001-2003
769095,992985,30,-60,67.0820393249937,2001-2003
769125,992985,30,-30,42.4264068711929,2001-2003
769155,992955,0,-60,60,2001-2003
769185,992955,30,-30,42.4264068711929,2001-2003
769215,992925,30,-30,42.4264068711929,2001-2003
769245,992925,0,-30,30,2001-2003
769275,992895,0,0,0,2001-2003
769305,992895,-30,0,30,2001-2003
769335,992865,-30,0,30,2001-2003
769335,992835,0,0,0,2001-2003
769365,992805,0,0,0,2001-2003
769395,992775,0,0,0,2001-2003
769425,992745,0,0,0,2001-2003
769455,992715,0,0,0,2001-2003
769485,992685,-30,0,30,2001-2003
769515,992655,-30,0,30,2001-2003
769515,992625,0,0,0,2001-2003
769545,992595,0,0,0,2001-2003
769575,992565,0,0,0,2001-2003
769605,992535,0,0,0,2001-2003
769605,992505,0,0,0,2001-2003
769635,992475,0,0,0,2001-2003
769665,992445,0,0,0,2001-2003
769695,992415,0,0,0,2001-2003
769695,992385,0,-30,30,2001-2003
769725,992355,0,0,0,2001-2003
769755,992325,0,0,0,2001-2003
769785,992295,0,0,0,2001-2003
769815,992265,0,0,0,2001-2003
769845,992235,0,0,0,2001-2003
769875,992205,0,0,0,2001-2003
769875,992175,0,-30,30,2001-2003
769905,992145,0,-30,30,2001-2003
769905,992115,30,-30,42.4264068711929,2001-2003
769935,992085,30,0,30,2001-2003
769965,992055,0,-30,30,2001-2003
769995,992025,0,0,0,2001-2003
770025,991995,0,0,0,2001-2003
770055,991965,0,0,0,2001-2003
770085,991935,0,0,0,2001-2003
770085,991905,0,0,0,2001-2003
770115,991875,-30,0,30,2001-2003
770145,991845,0,0,0,2001-2003
770175,991815,0,0,0,2001-2003
770205,991785,0,0,0,2001-2003
770235,991755,0,0,0,2001-2003
770235,991725,0,-30,30,2001-2003
770265,991695,0,0,0,2001-2003
770295,991665,0,0,0,2001-2003
770325,991635,0,0,0,2001-2003
770355,991605,0,0,0,2001-2003
770385,991575,0,0,0,2001-2003
770415,991545,0,0,0,2001-2003
770415,991515,0,0,0,2001-2003
770445,991485,0,0,0,2001-2003
770475,991455,0,0,0,2001-2003
770505,991425,-30,0,30,2001-2003
770505,991395,0,0,0,2001-2003
770535,991365,0,0,0,2001-2003
770565,991335,-30,0,30,2001-2003
770595,991305,-30,0,30,2001-2003
770625,991275,0,30,30,2001-2003
770655,991245,-30,0,30,2001-2003
770685,991215,-30,0,30,2001-2003
770715,991185,-30,0,30,2001-2003
770745,991155,-30,0,30,2001-2003
770775,991125,-30,0,30,2001-2003
770805,991095,-30,0,30,2001-2003
770835,991065,-30,0,30,2001-2003
770865,991035,-30,0,30,2001-2003
770895,991005,-30,0,30,2001-2003
770925,990975,0,0,0,2001-2003
770955,990945,0,0,0,2001-2003
770985,990915,0,0,0,2001-2003
771015,990885,0,0,0,2001-2003
771045,990855,-30,0,30,2001-2003
771075,990855,-30,30,42.4264068711929,2001-2003
771105,990825,-30,30,42.4264068711929,2001-2003
771135,990795,-30,30,42.4264068711929,2001-2003
771165,990765,-30,30,42.4264068711929,2001-2003
771195,990735,-30,30,42.4264068711929,2001-2003
771225,990705,-30,30,42.4264068711929,2001-2003
771255,990675,-30,30,42.4264068711929,2001-2003
771285,990645,-30,30,42.4264068711929,2001-2003
771315,990615,-30,30,42.4264068711929,2001-2003
771345,990585,0,30,30,2001-2003
771375,990555,-30,0,30,2001-2003
771405,990525,-30,0,30,2001-2003
771435,990525,-30,30,42.4264068711929,2001-2003
771465,990495,-30,30,42.4264068711929,2001-2003
771495,990495,-60,30,67.0820393249937,2001-2003
771525,990465,-60,30,67.0820393249937,2001-2003
771525,990435,-30,30,42.4264068711929,2001-2003
771555,990405,-30,30,42.4264068711929,2001-2003
771585,990405,0,60,60,2001-2003
771615,990405,-30,60,67.0820393249937,2001-2003
771645,990375,-60,30,67.0820393249937,2001-2003
771675,990345,-60,30,67.0820393249937,2001-2003
771705,990315,-60,30,67.0820393249937,2001-2003
771735,990315,-60,60,84.8528137423857,2001-2003
771765,990285,-30,60,67.0820393249937,2001-2003
771795,990255,0,60,60,2001-2003
771825,990225,-30,30,42.4264068711929,2001-2003
771855,990195,0,30,30,2001-2003
771885,990195,-30,30,42.4264068711929,2001-2003
771915,990165,0,30,30,2001-2003
771915,990135,0,0,0,2001-2003
771945,990105,0,0,0,2001-2003
771975,990105,0,0,0,2001-2003
772005,990075,0,0,0,2001-2003
772035,990075,-30,0,30,2001-2003
772065,990045,0,0,0,2001-2003
772095,990015,0,0,0,2001-2003
772125,989985,0,-30,30,2001-2003
772155,989955,0,-30,30,2001-2003
772185,989925,30,-30,42.4264068711929,2001-2003
772215,989925,0,-30,30,2001-2003
772245,989925,0,-30,30,2001-2003
772275,989925,0,0,0,2001-2003
772305,989895,0,-30,30,2001-2003
772335,989895,0,0,0,2001-2003
772365,989895,-30,0,30,2001-2003
772395,989865,0,0,0,2001-2003
772425,989865,0,0,0,2001-2003
772455,989835,0,0,0,2001-2003
772485,989835,-30,0,30,2001-2003
772515,989835,0,30,30,2001-2003
772545,989805,-30,0,30,2001-2003
772575,989805,-30,30,42.4264068711929,2001-2003
772605,989805,0,60,60,2001-2003
772635,989805,-30,60,67.0820393249937,2001-2003
730725,1010925,0,-30,30,2003-2005
730755,1010895,0,0,0,2003-2005
730785,1010865,0,0,0,2003-2005
730785,1010835,0,-30,30,2003-2005
730815,1010805,0,-30,30,2003-2005
730845,1010805,0,-30,30,2003-2005
730875,1010805,0,0,0,2003-2005
730905,1010805,0,0,0,2003-2005
730935,1010775,0,0,0,2003-2005
730965,1010775,0,0,0,2003-2005
730995,1010745,0,0,0,2003-2005
731025,1010745,0,0,0,2003-2005
731055,1010715,0,0,0,2003-2005
731085,1010715,0,0,0,2003-2005
731115,1010685,0,0,0,2003-2005
731145,1010685,0,0,0,2003-2005
731175,1010655,0,-30,30,2003-2005
731205,1010655,0,0,0,2003-2005
731235,1010625,0,-30,30,2003-2005
731265,1010625,0,-30,30,2003-2005
731295,1010625,0,0,0,2003-2005
731325,1010595,0,-30,30,2003-2005
731355,1010595,0,0,0,2003-2005
731385,1010595,0,0,0,2003-2005
731415,1010565,0,0,0,2003-2005
731445,1010535,0,-30,30,2003-2005
731475,1010535,0,-30,30,2003-2005
731505,1010535,0,0,0,2003-2005
731535,1010505,0,-30,30,2003-2005
731565,1010505,0,-30,30,2003-2005
731595,1010505,0,-30,30,2003-2005
731625,1010475,0,-30,30,2003-2005
731655,1010475,0,-30,30,2003-2005
731685,1010445,0,-30,30,2003-2005
731715,1010445,0,-30,30,2003-2005
731745,1010415,30,-30,42.4264068711929,2003-2005
731775,1010415,0,-30,30,2003-2005
731805,1010415,0,-30,30,2003-2005
731835,1010385,30,-30,42.4264068711929,2003-2005
731865,1010385,0,-30,30,2003-2005
731895,1010385,0,-30,30,2003-2005
731925,1010355,30,-30,42.4264068711929,2003-2005
731955,1010355,0,-30,30,2003-2005
731985,1010355,0,-30,30,2003-2005
732015,1010355,0,0,0,2003-2005
732045,1010355,0,0,0,2003-2005
732075,1010355,0,0,0,2003-2005
732105,1010355,-30,0,30,2003-2005
732135,1010355,0,30,30,2003-2005
732165,1010355,0,30,30,2003-2005
732195,1010355,-30,30,42.4264068711929,2003-2005
732225,1010355,0,60,60,2003-2005
732255,1010325,0,30,30,2003-2005
732285,1010325,0,30,30,2003-2005
732315,1010325,-30,30,42.4264068711929,2003-2005
732345,1010325,0,60,60,2003-2005
732375,1010325,0,60,60,2003-2005
732405,1010325,0,60,60,2003-2005
732435,1010325,0,60,60,2003-2005
732465,1010295,0,30,30,2003-2005
732495,1010295,0,30,30,2003-2005
732525,1010295,0,30,30,2003-2005
732555,1010295,0,30,30,2003-2005
732585,1010295,-30,30,42.4264068711929,2003-2005
732615,1010265,0,30,30,2003-2005
732645,1010265,0,30,30,2003-2005
732675,1010265,0,30,30,2003-2005
732705,1010265,0,30,30,2003-2005
732735,1010265,0,30,30,2003-2005
732765,1010235,-30,0,30,2003-2005
732795,1010235,0,30,30,2003-2005
732825,1010235,0,30,30,2003-2005
732855,1010235,0,30,30,2003-2005
732885,1010235,0,30,30,2003-2005
732915,1010205,-30,0,30,2003-2005
732945,1010205,0,30,30,2003-2005
732975,1010205,0,30,30,2003-2005
733005,1010205,0,30,30,2003-2005
733035,1010175,-30,0,30,2003-2005
733065,1010175,0,30,30,2003-2005
733095,1010175,0,30,30,2003-2005
733125,1010145,-30,0,30,2003-2005
733155,1010145,0,30,30,2003-2005
733185,1010145,0,30,30,2003-2005
733215,1010145,0,30,30,2003-2005
733245,1010115,-30,0,30,2003-2005
733275,1010115,0,30,30,2003-2005
733305,1010085,0,0,0,2003-2005
733335,1010085,-30,0,30,2003-2005
733365,1010085,0,30,30,2003-2005
733395,1010085,0,30,30,2003-2005
733425,1010055,0,0,0,2003-2005
733455,1010025,0,-30,30,2003-2005
733485,1010025,0,0,0,2003-2005
733515,1010025,0,0,0,2003-2005
733545,1010025,-30,0,30,2003-2005
733575,1009995,0,0,0,2003-2005
733605,1009995,0,0,0,2003-2005
733635,1009995,-30,0,30,2003-2005
733665,1009965,0,0,0,2003-2005
733695,1009965,0,0,0,2003-2005
733725,1009965,0,0,0,2003-2005
733755,1009935,0,0,0,2003-2005
733785,1009935,0,0,0,2003-2005
733815,1009905,0,-30,30,2003-2005
733845,1009905,0,0,0,2003-2005
733875,1009905,0,0,0,2003-2005
733905,1009905,0,0,0,2003-2005
733935,1009875,0,0,0,2003-2005
733965,1009875,0,0,0,2003-2005
733995,1009875,0,0,0,2003-2005
734025,1009845,0,0,0,2003-2005
734055,1009845,0,0,0,2003-2005
734085,1009815,0,-30,30,2003-2005
734115,1009815,0,0,0,2003-2005
734145,1009785,0,0,0,2003-2005
734175,1009785,0,0,0,2003-2005
734205,1009785,0,0,0,2003-2005
734235,1009785,0,0,0,2003-2005
734265,1009755,0,0,0,2003-2005
734295,1009755,0,0,0,2003-2005
734325,1009725,0,0,0,2003-2005
734355,1009725,0,0,0,2003-2005
734385,1009725,0,0,0,2003-2005
734415,1009725,0,0,0,2003-2005
734445,1009695,0,0,0,2003-2005
734475,1009695,0,0,0,2003-2005
734505,1009695,-30,0,30,2003-2005
734535,1009665,0,0,0,2003-2005
734565,1009665,0,0,0,2003-2005
734595,1009665,0,0,0,2003-2005
734625,1009635,0,0,0,2003-2005
734655,1009635,0,0,0,2003-2005
734685,1009635,0,0,0,2003-2005
734715,1009635,-30,0,30,2003-2005
734745,1009605,0,0,0,2003-2005
734775,1009605,0,0,0,2003-2005
734805,1009575,0,-30,30,2003-2005
734835,1009575,0,0,0,2003-2005
734865,1009575,0,0,0,2003-2005
734895,1009545,0,0,0,2003-2005
734925,1009545,0,0,0,2003-2005
734955,1009545,0,0,0,2003-2005
734985,1009545,0,0,0,2003-2005
735015,1009515,0,-30,30,2003-2005
735045,1009515,0,-30,30,2003-2005
735075,1009515,0,-30,30,2003-2005
735105,1009515,0,-30,30,2003-2005
735135,1009485,0,-30,30,2003-2005
735165,1009485,0,-30,30,2003-2005
735195,1009485,0,-30,30,2003-2005
735225,1009455,0,-30,30,2003-2005
735255,1009455,0,0,0,2003-2005
735285,1009425,0,0,0,2003-2005
735315,1009425,-30,0,30,2003-2005
735345,1009395,-30,0,30,2003-2005
735375,1009365,0,0,0,2003-2005
735405,1009335,0,0,0,2003-2005
735435,1009335,-30,0,30,2003-2005
735465,1009305,0,0,0,2003-2005
735495,1009305,-30,0,30,2003-2005
735525,1009275,-30,0,30,2003-2005
735555,1009245,-30,0,30,2003-2005
735585,1009215,0,0,0,2003-2005
735615,1009215,-30,0,30,2003-2005
735645,1009185,-30,0,30,2003-2005
735675,1009155,-30,30,42.4264068711929,2003-2005
735675,1009125,-30,0,30,2003-2005
735705,1009095,0,0,0,2003-2005
735735,1009065,0,0,0,2003-2005
735765,1009035,0,0,0,2003-2005
735795,1009035,0,0,0,2003-2005
735825,1009005,0,0,0,2003-2005
735855,1008975,0,0,0,2003-2005
735885,1008945,0,-30,30,2003-2005
735915,1008945,0,0,0,2003-2005
735945,1008915,0,0,0,2003-2005
735975,1008885,0,-30,30,2003-2005
736005,1008885,0,0,0,2003-2005
736035,1008855,0,0,0,2003-2005
736065,1008855,0,0,0,2003-2005
736095,1008825,0,0,0,2003-2005
736125,1008825,0,0,0,2003-2005
736155,1008795,0,0,0,2003-2005
736185,1008795,0,0,0,2003-2005
736215,1008765,0,0,0,2003-2005
736245,1008735,0,0,0,2003-2005
736275,1008735,-30,0,30,2003-2005
736305,1008705,-30,0,30,2003-2005
736335,1008675,-30,0,30,2003-2005
736365,1008675,-30,30,42.4264068711929,2003-2005
736395,1008645,-30,30,42.4264068711929,2003-2005
736425,1008615,0,30,30,2003-2005
736455,1008585,-30,0,30,2003-2005
736485,1008585,-30,30,42.4264068711929,2003-2005
736515,1008555,-30,30,42.4264068711929,2003-2005
736515,1008525,-30,0,30,2003-2005
736545,1008495,-30,0,30,2003-2005
736575,1008465,-30,30,42.4264068711929,2003-2005
736605,1008435,-30,30,42.4264068711929,2003-2005
736635,1008405,-30,30,42.4264068711929,2003-2005
736635,1008375,-30,0,30,2003-2005
736665,1008345,-30,0,30,2003-2005
736695,1008315,-30,0,30,2003-2005
736725,1008285,0,0,0,2003-2005
736755,1008255,0,0,0,2003-2005
736785,1008225,0,0,0,2003-2005
736815,1008195,-30,0,30,2003-2005
736845,1008165,-30,0,30,2003-2005
736845,1008135,0,0,0,2003-2005
736875,1008105,0,0,0,2003-2005
736905,1008075,0,0,0,2003-2005
736935,1008045,0,0,0,2003-2005
736965,1008015,0,0,0,2003-2005
736995,1007985,0,0,0,2003-2005
736995,1007955,0,-30,30,2003-2005
737025,1007925,0,0,0,2003-2005
737055,1007895,0,0,0,2003-2005
737085,1007865,0,0,0,2003-2005
737115,1007835,0,0,0,2003-2005
737145,1007805,0,0,0,2003-2005
737175,1007775,0,0,0,2003-2005
737205,1007745,0,0,0,2003-2005
737235,1007715,0,0,0,2003-2005
737265,1007685,-30,0,30,2003-2005
737295,1007655,-30,0,30,2003-2005
737295,1007625,0,0,0,2003-2005
737325,1007595,0,0,0,2003-2005
737355,1007565,-30,0,30,2003-2005
737385,1007535,-30,0,30,2003-2005
737385,1007505,0,0,0,2003-2005
737415,1007475,0,0,0,2003-2005
737445,1007445,0,0,0,2003-2005
737475,1007415,-30,0,30,2003-2005
737475,1007385,0,0,0,2003-2005
737505,1007355,-30,0,30,2003-2005
737535,1007325,-30,0,30,2003-2005
737535,1007295,0,0,0,2003-2005
737565,1007265,0,0,0,2003-2005
737595,1007235,-30,0,30,2003-2005
737595,1007205,0,0,0,2003-2005
737625,1007175,0,0,0,2003-2005
737655,1007145,0,0,0,2003-2005
737655,1007115,0,0,0,2003-2005
737685,1007085,0,0,0,2003-2005
737715,1007055,0,0,0,2003-2005
737745,1007025,0,0,0,2003-2005
737745,1006995,0,0,0,2003-2005
737775,1006965,0,0,0,2003-2005
737805,1006935,0,0,0,2003-2005
737835,1006905,0,0,0,2003-2005
737835,1006875,0,-30,30,2003-2005
737865,1006845,0,0,0,2003-2005
737895,1006815,0,0,0,2003-2005
737925,1006785,0,0,0,2003-2005
737925,1006755,0,-30,30,2003-2005
737955,1006725,0,-30,30,2003-2005
737985,1006695,0,0,0,2003-2005
738015,1006665,-30,0,30,2003-2005
738015,1006635,0,0,0,2003-2005
738015,1006605,0,0,0,2003-2005
738015,1006575,0,-30,30,2003-2005
738045,1006545,0,-30,30,2003-2005
738045,1006515,30,0,30,2003-2005
738075,1006485,0,-30,30,2003-2005
738105,1006455,0,0,0,2003-2005
738105,1006425,0,-30,30,2003-2005
738135,1006395,0,0,0,2003-2005
738165,1006365,-30,0,30,2003-2005
738165,1006335,0,0,0,2003-2005
738165,1006305,0,0,0,2003-2005
738195,1006275,-30,0,30,2003-2005
738195,1006245,0,0,0,2003-2005
738195,1006215,0,-30,30,2003-2005
738225,1006185,0,-30,30,2003-2005
738255,1006155,0,0,0,2003-2005
738255,1006125,0,0,0,2003-2005
738255,1006095,0,-30,30,2003-2005
738285,1006065,0,0,0,2003-2005
738315,1006035,-30,0,30,2003-2005
738345,1006005,-30,0,30,2003-2005
738345,1005975,-30,0,30,2003-2005
738375,1005945,-30,0,30,2003-2005
738405,1005915,-30,0,30,2003-2005
738405,1005885,-30,0,30,2003-2005
738435,1005855,-30,0,30,2003-2005
738435,1005825,-30,0,30,2003-2005
738435,1005795,0,0,0,2003-2005
738465,1005765,-30,0,30,2003-2005
738465,1005735,-30,0,30,2003-2005
738495,1005705,-30,0,30,2003-2005
738495,1005675,-30,0,30,2003-2005
738525,1005645,-30,0,30,2003-2005
738525,1005615,-30,0,30,2003-2005
738555,1005585,-30,0,30,2003-2005
738555,1005555,0,0,0,2003-2005
738585,1005525,-30,0,30,2003-2005
738615,1005495,-30,0,30,2003-2005
738615,1005465,-30,0,30,2003-2005
738645,1005435,-30,0,30,2003-2005
738645,1005405,-30,0,30,2003-2005
738675,1005375,-30,30,42.4264068711929,2003-2005
738675,1005345,-30,0,30,2003-2005
738705,1005315,-30,0,30,2003-2005
738705,1005285,0,0,0,2003-2005
738735,1005255,-30,0,30,2003-2005
738765,1005225,-30,0,30,2003-2005
738765,1005195,0,0,0,2003-2005
738765,1005165,0,-30,30,2003-2005
738795,1005135,0,-30,30,2003-2005
738795,1005105,30,0,30,2003-2005
738825,1005075,0,0,0,2003-2005
738825,1005045,0,-30,30,2003-2005
738855,1005015,0,-30,30,2003-2005
738855,1004985,30,0,30,2003-2005
738885,1004955,0,-30,30,2003-2005
738915,1004925,0,0,0,2003-2005
738945,1004895,0,0,0,2003-2005
738945,1004865,0,0,0,2003-2005
738945,1004835,0,0,0,2003-2005
738975,1004805,0,0,0,2003-2005
738975,1004775,0,-30,30,2003-2005
738975,1004745,30,-30,42.4264068711929,2003-2005
738975,1004715,60,0,60,2003-2005
739005,1004685,30,-30,42.4264068711929,2003-2005
739005,1004655,60,0,60,2003-2005
739035,1004625,30,-30,42.4264068711929,2003-2005
739065,1004595,30,0,30,2003-2005
739065,1004565,30,-30,42.4264068711929,2003-2005
739095,1004535,30,-30,42.4264068711929,2003-2005
739095,1004505,60,0,60,2003-2005
739125,1004475,30,-30,42.4264068711929,2003-2005
739155,1004475,0,-30,30,2003-2005
739185,1004445,0,-30,30,2003-2005
739215,1004445,0,0,0,2003-2005
739245,1004415,-30,0,30,2003-2005
739275,1004385,-30,0,30,2003-2005
739305,1004385,0,30,30,2003-2005
739335,1004355,-30,0,30,2003-2005
739365,1004325,-30,0,30,2003-2005
739395,1004295,-30,0,30,2003-2005
739425,1004295,0,30,30,2003-2005
739455,1004265,-30,0,30,2003-2005
739485,1004235,-30,0,30,2003-2005
739515,1004235,0,30,30,2003-2005
739545,1004205,-30,0,30,2003-2005
739575,1004175,-30,0,30,2003-2005
739605,1004175,-30,30,42.4264068711929,2003-2005
739635,1004145,-30,30,42.4264068711929,2003-2005
739635,1004115,-30,0,30,2003-2005
739665,1004085,-30,0,30,2003-2005
739695,1004055,-30,0,30,2003-2005
739725,1004025,-30,0,30,2003-2005
739755,1004025,-30,30,42.4264068711929,2003-2005
739785,1003995,-30,30,42.4264068711929,2003-2005
739815,1003965,-60,0,60,2003-2005
739845,1003935,0,30,30,2003-2005
739875,1003905,-30,0,30,2003-2005
739905,1003875,-30,0,30,2003-2005
739935,1003845,-30,0,30,2003-2005
739965,1003815,-30,0,30,2003-2005
739995,1003785,-30,0,30,2003-2005
740025,1003755,-30,0,30,2003-2005
740055,1003725,-30,0,30,2003-2005
740085,1003695,-30,0,30,2003-2005
740115,1003665,-30,0,30,2003-2005
740145,1003635,-30,0,30,2003-2005
740175,1003605,-30,0,30,2003-2005
740205,1003575,-30,0,30,2003-2005
740235,1003545,-30,0,30,2003-2005
740265,1003515,-30,0,30,2003-2005
740295,1003485,-30,0,30,2003-2005
740325,1003455,-30,0,30,2003-2005
740355,1003425,-30,0,30,2003-2005
740385,1003395,-30,0,30,2003-2005
740415,1003365,-30,0,30,2003-2005
740445,1003335,-30,0,30,2003-2005
740475,1003305,-30,0,30,2003-2005
740505,1003275,-30,30,42.4264068711929,2003-2005
740535,1003245,-30,30,42.4264068711929,2003-2005
740565,1003215,-30,30,42.4264068711929,2003-2005
740595,1003185,-30,30,42.4264068711929,2003-2005
740625,1003155,-30,30,42.4264068711929,2003-2005
740625,1003125,-30,0,30,2003-2005
740655,1003095,-30,0,30,2003-2005
740685,1003065,-30,30,42.4264068711929,2003-2005
740715,1003035,-30,30,42.4264068711929,2003-2005
740745,1003005,-30,30,42.4264068711929,2003-2005
740775,1002975,-30,30,42.4264068711929,2003-2005
740805,1002945,-30,30,42.4264068711929,2003-2005
740835,1002915,-30,30,42.4264068711929,2003-2005
740865,1002885,-30,30,42.4264068711929,2003-2005
740895,1002855,-30,30,42.4264068711929,2003-2005
740925,1002825,-30,30,42.4264068711929,2003-2005
740955,1002795,-30,30,42.4264068711929,2003-2005
740985,1002765,-30,30,42.4264068711929,2003-2005
741015,1002735,-30,30,42.4264068711929,2003-2005
741045,1002735,0,60,60,2003-2005
741075,1002705,-30,30,42.4264068711929,2003-2005
741105,1002705,0,60,60,2003-2005
741135,1002675,-30,30,42.4264068711929,2003-2005
741165,1002675,0,60,60,2003-2005
741195,1002645,-30,30,42.4264068711929,2003-2005
741225,1002615,-30,30,42.4264068711929,2003-2005
741255,1002585,-30,30,42.4264068711929,2003-2005
741285,1002555,0,30,30,2003-2005
741315,1002525,-30,0,30,2003-2005
741345,1002495,-30,0,30,2003-2005
741375,1002465,-30,0,30,2003-2005
741405,1002435,-30,0,30,2003-2005
741405,1002405,0,0,0,2003-2005
741435,1002375,0,0,0,2003-2005
741465,1002345,0,0,0,2003-2005
741495,1002315,0,0,0,2003-2005
741525,1002285,0,0,0,2003-2005
741555,1002285,0,0,0,2003-2005
741585,1002255,0,0,0,2003-2005
741615,1002225,0,0,0,2003-2005
741645,1002195,0,0,0,2003-2005
741675,1002165,0,0,0,2003-2005
741705,1002135,0,0,0,2003-2005
741735,1002105,0,-30,30,2003-2005
741765,1002105,0,0,0,2003-2005
741795,1002075,-30,0,30,2003-2005
741795,1002045,-30,0,30,2003-2005
741795,1002015,-30,0,30,2003-2005
741795,1001985,-30,0,30,2003-2005
741825,1001955,-30,0,30,2003-2005
741825,1001925,-30,0,30,2003-2005
741825,1001895,-30,0,30,2003-2005
741825,1001865,0,0,0,2003-2005
741825,1001835,0,0,0,2003-2005
741825,1001805,0,0,0,2003-2005
741825,1001775,0,0,0,2003-2005
741825,1001745,0,-30,30,2003-2005
741825,1001715,30,0,30,2003-2005
741855,1001685,0,0,0,2003-2005
741855,1001655,0,0,0,2003-2005
741855,1001625,0,0,0,2003-2005
741855,1001595,0,0,0,2003-2005
741855,1001565,0,-30,30,2003-2005
741855,1001535,30,0,30,2003-2005
741885,1001505,0,0,0,2003-2005
741885,1001475,0,0,0,2003-2005
741885,1001445,0,-30,30,2003-2005
741885,1001415,30,0,30,2003-2005
741915,1001385,0,0,0,2003-2005
741915,1001355,0,0,0,2003-2005
741915,1001325,0,0,0,2003-2005
741915,1001295,0,-30,30,2003-2005
741915,1001265,30,0,30,2003-2005
741945,1001235,0,0,0,2003-2005
741945,1001205,0,0,0,2003-2005
741945,1001175,0,-30,30,2003-2005
741975,1001145,0,0,0,2003-2005
741975,1001115,0,0,0,2003-2005
741975,1001085,0,0,0,2003-2005
742005,1001055,0,0,0,2003-2005
742005,1001025,0,0,0,2003-2005
742005,1000995,0,-30,30,2003-2005
742035,1000965,0,0,0,2003-2005
742035,1000935,0,0,0,2003-2005
742035,1000905,0,0,0,2003-2005
742065,1000875,0,0,0,2003-2005
742095,1000845,-30,0,30,2003-2005
742095,1000815,0,0,0,2003-2005
742125,1000785,-30,0,30,2003-2005
742125,1000755,0,0,0,2003-2005
742155,1000725,0,0,0,2003-2005
742155,1000695,0,0,0,2003-2005
742185,1000665,0,0,0,2003-2005
742215,1000635,0,0,0,2003-2005
742215,1000605,0,-30,30,2003-2005
742245,1000575,0,-30,30,2003-2005
742245,1000545,30,0,30,2003-2005
742275,1000515,0,-30,30,2003-2005
742275,1000485,30,0,30,2003-2005
742305,1000455,0,-30,30,2003-2005
742335,1000425,0,-30,30,2003-2005
742365,1000395,0,0,0,2003-2005
742395,1000365,0,0,0,2003-2005
742425,1000335,0,0,0,2003-2005
742455,1000335,-30,0,30,2003-2005
742485,1000305,-30,0,30,2003-2005
742515,1000305,0,30,30,2003-2005
742545,1000275,-30,0,30,2003-2005
742575,1000245,0,0,0,2003-2005
742605,1000245,-30,0,30,2003-2005
742635,1000215,0,0,0,2003-2005
742665,1000185,0,0,0,2003-2005
742695,1000185,-30,0,30,2003-2005
742725,1000155,0,0,0,2003-2005
742755,1000155,-30,0,30,2003-2005
742785,1000125,0,0,0,2003-2005
742815,1000095,0,0,0,2003-2005
742845,1000095,-30,0,30,2003-2005
742875,1000065,0,0,0,2003-2005
742905,1000035,0,0,0,2003-2005
742935,1000035,0,0,0,2003-2005
742965,1000005,0,-30,30,2003-2005
742995,999975,30,-30,42.4264068711929,2003-2005
743025,999975,0,-30,30,2003-2005
743055,999975,0,0,0,2003-2005
743085,999945,0,-30,30,2003-2005
743115,999915,0,-30,30,2003-2005
743145,999885,0,-30,30,2003-2005
743175,999855,30,-30,42.4264068711929,2003-2005
743205,999855,0,-30,30,2003-2005
743235,999825,30,-30,42.4264068711929,2003-2005
743265,999795,30,-30,42.4264068711929,2003-2005
743295,999795,0,-30,30,2003-2005
743325,999765,0,-30,30,2003-2005
743355,999735,30,-30,42.4264068711929,2003-2005
743385,999705,30,-30,42.4264068711929,2003-2005
743415,999705,0,-30,30,2003-2005
743445,999675,30,-30,42.4264068711929,2003-2005
743475,999645,0,-60,60,2003-2005
743505,999645,30,-30,42.4264068711929,2003-2005
743535,999615,30,-30,42.4264068711929,2003-2005
743565,999585,30,-30,42.4264068711929,2003-2005
743595,999555,0,-60,60,2003-2005
743625,999555,30,-30,42.4264068711929,2003-2005
743655,999525,0,-60,60,2003-2005
743685,999495,30,-60,67.0820393249937,2003-2005
743715,999465,30,-60,67.0820393249937,2003-2005
743745,999465,0,-60,60,2003-2005
743775,999435,30,-60,67.0820393249937,2003-2005
743805,999405,30,-60,67.0820393249937,2003-2005
743835,999405,30,-30,42.4264068711929,2003-2005
743865,999375,30,-30,42.4264068711929,2003-2005
743895,999345,0,-60,60,2003-2005
743925,999315,30,-60,67.0820393249937,2003-2005
743955,999315,30,-30,42.4264068711929,2003-2005
743985,999285,30,-30,42.4264068711929,2003-2005
744015,999255,0,-60,60,2003-2005
744045,999225,30,-60,67.0820393249937,2003-2005
744075,999195,30,-60,67.0820393249937,2003-2005
744105,999165,30,-60,67.0820393249937,2003-2005
744135,999135,60,-60,84.8528137423857,2003-2005
744165,999105,60,-60,84.8528137423857,2003-2005
744195,999105,30,-60,67.0820393249937,2003-2005
744225,999075,60,-60,84.8528137423857,2003-2005
744255,999045,60,-60,84.8528137423857,2003-2005
744285,999015,60,-60,84.8528137423857,2003-2005
744315,998985,60,-60,84.8528137423857,2003-2005
744345,998955,30,-90,94.8683298050514,2003-2005
744345,998925,90,-60,108.16653826392,2003-2005
744375,998895,60,-90,108.16653826392,2003-2005
744405,998865,60,-90,108.16653826392,2003-2005
744435,998835,60,-90,108.16653826392,2003-2005
744435,998805,120,-30,123.69316876853,2003-2005
744465,998775,90,-60,108.16653826392,2003-2005
744465,998745,90,-90,127.279220613579,2003-2005
744495,998715,90,-90,127.279220613579,2003-2005
744525,998685,60,-120,134.164078649987,2003-2005
744525,998655,60,-150,161.554944214035,2003-2005
744555,998625,120,-120,169.705627484771,2003-2005
744585,998595,120,-120,169.705627484771,2003-2005
744615,998595,90,-120,150,2003-2005
744645,998595,120,-30,123.69316876853,2003-2005
744675,998565,90,-60,108.16653826392,2003-2005
744705,998535,60,-90,108.16653826392,2003-2005
744735,998505,60,-90,108.16653826392,2003-2005
744765,998475,60,-90,108.16653826392,2003-2005
744795,998445,60,-90,108.16653826392,2003-2005
744825,998415,90,-60,108.16653826392,2003-2005
744855,998385,60,-90,108.16653826392,2003-2005
744885,998355,60,-90,108.16653826392,2003-2005
744915,998325,60,-90,108.16653826392,2003-2005
744945,998295,60,-90,108.16653826392,2003-2005
744975,998295,60,-60,84.8528137423857,2003-2005
745005,998265,60,-60,84.8528137423857,2003-2005
745035,998235,60,-60,84.8528137423857,2003-2005
745035,998205,60,-90,108.16653826392,2003-2005
745065,998175,60,-90,108.16653826392,2003-2005
745095,998145,60,-90,108.16653826392,2003-2005
745125,998115,60,-90,108.16653826392,2003-2005
745155,998085,60,-90,108.16653826392,2003-2005
745185,998085,60,-60,84.8528137423857,2003-2005
745215,998055,60,-60,84.8528137423857,2003-2005
745245,998055,30,-60,67.0820393249937,2003-2005
745275,998055,30,-30,42.4264068711929,2003-2005
745305,998025,0,-60,60,2003-2005
745335,998025,30,-30,42.4264068711929,2003-2005
745365,997995,30,-30,42.4264068711929,2003-2005
745395,997995,0,-30,30,2003-2005
745425,997995,0,-30,30,2003-2005
745455,997965,0,-30,30,2003-2005
745485,997965,0,0,0,2003-2005
745515,997935,0,-30,30,2003-2005
745545,997905,0,-30,30,2003-2005
745575,997875,30,-30,42.4264068711929,2003-2005
745605,997875,0,-30,30,2003-2005
745635,997845,0,-60,60,2003-2005
745665,997845,30,-30,42.4264068711929,2003-2005
745695,997815,30,-30,42.4264068711929,2003-2005
745725,997785,0,-60,60,2003-2005
745755,997755,30,-60,67.0820393249937,2003-2005
745785,997725,60,-60,84.8528137423857,2003-2005
745815,997725,30,-60,67.0820393249937,2003-2005
745845,997725,0,-60,60,2003-2005
745875,997725,0,-60,60,2003-2005
745905,997695,30,-60,67.0820393249937,2003-2005
745935,997695,0,-60,60,2003-2005
745965,997665,0,-90,90,2003-2005
745995,997665,60,-60,84.8528137423857,2003-2005
746025,997635,30,-90,94.8683298050514,2003-2005
746055,997605,0,-120,120,2003-2005
746085,997605,60,-90,108.16653826392,2003-2005
746115,997575,30,-120,123.69316876853,2003-2005
746145,997575,0,-120,120,2003-2005
746175,997545,0,-150,150,2003-2005
746205,997545,0,-150,150,2003-2005
746235,997515,90,-150,174.928556845359,2003-2005
746265,997515,60,-150,161.554944214035,2003-2005
746295,997485,30,-180,182.482875908947,2003-2005
746325,997455,0,-210,210,2003-2005
746355,997455,0,-210,210,2003-2005
746385,997425,0,-240,240,2003-2005
746415,997395,120,-240,268.328157299975,2003-2005
746445,997365,90,-270,284.604989415154,2003-2005
746475,997335,60,-300,305.941170815567,2003-2005
746505,997305,30,-330,331.360830515618,2003-2005
746535,997305,0,-330,330,2003-2005
746565,997305,0,-330,330,2003-2005
746595,997305,120,-300,323.10988842807,2003-2005
746625,997275,90,-330,342.052627529741,2003-2005
746655,997275,60,-330,335.410196624968,2003-2005
746685,997275,30,-330,331.360830515618,2003-2005
746715,997275,0,-330,330,2003-2005
746745,997275,0,-330,330,2003-2005
746775,997245,0,-360,360,2003-2005
746805,997245,0,-360,360,2003-2005
746835,997245,0,-360,360,2003-2005
746865,997245,120,-330,351.140997321589,2003-2005
746895,997215,90,-360,371.079506305589,2003-2005
746925,997215,60,-360,364.965751817893,2003-2005
746955,997215,30,-360,361.247837363769,2003-2005
746985,997215,0,-360,360,2003-2005
747015,997185,0,-390,390,2003-2005
747045,997185,0,-390,390,2003-2005
747075,997185,0,-390,390,2003-2005
747105,997185,120,-360,379.473319220205,2003-2005
747135,997155,90,-390,400.24992192379,2003-2005
747165,997155,60,-390,394.588393138977,2003-2005
747195,997155,30,-390,391.152144312159,2003-2005
747225,997155,0,-390,390,2003-2005
747255,997155,0,-390,390,2003-2005
747285,997155,0,-390,390,2003-2005
747315,997155,120,-360,379.473319220205,2003-2005
747345,997185,90,-330,342.052627529741,2003-2005
747375,997185,60,-330,335.410196624968,2003-2005
747405,997185,30,-330,331.360830515618,2003-2005
747435,997185,0,-330,330,2003-2005
747465,997185,0,-330,330,2003-2005
747495,997215,0,-300,300,2003-2005
747525,997215,0,-300,300,2003-2005
747555,997215,0,-300,300,2003-2005
747585,997215,0,-300,300,2003-2005
747615,997215,0,-300,300,2003-2005
747645,997245,0,-270,270,2003-2005
747675,997245,0,-270,270,2003-2005
747705,997245,0,-270,270,2003-2005
747735,997245,0,-270,270,2003-2005
747765,997245,0,-270,270,2003-2005
747795,997245,120,-240,268.328157299975,2003-2005
747825,997245,90,-240,256.320112359526,2003-2005
747855,997245,120,-210,241.867732448957,2003-2005
747885,997275,90,-180,201.246117974981,2003-2005
747915,997305,60,-150,161.554944214035,2003-2005
747945,997335,30,-120,123.69316876853,2003-2005
747975,997335,60,-90,108.16653826392,2003-2005
748005,997335,30,-90,94.8683298050514,2003-2005
748035,997335,0,-90,90,2003-2005
748065,997335,60,-60,84.8528137423857,2003-2005
748095,997365,30,-30,42.4264068711929,2003-2005
748125,997365,0,-30,30,2003-2005
748155,997395,0,0,0,2003-2005
748185,997395,0,0,0,2003-2005
748215,997395,-30,0,30,2003-2005
748245,997395,0,30,30,2003-2005
748275,997395,0,30,30,2003-2005
748305,997395,0,30,30,2003-2005
748335,997395,0,30,30,2003-2005
748365,997395,0,30,30,2003-2005
748395,997365,-30,0,30,2003-2005
748425,997365,0,30,30,2003-2005
748455,997365,0,30,30,2003-2005
748485,997365,0,30,30,2003-2005
748515,997365,0,30,30,2003-2005
748545,997365,0,30,30,2003-2005
748575,997365,0,30,30,2003-2005
748605,997365,0,30,30,2003-2005
748635,997365,0,30,30,2003-2005
748665,997365,0,30,30,2003-2005
748695,997365,0,30,30,2003-2005
748725,997365,0,30,30,2003-2005
748755,997365,0,0,0,2003-2005
748785,997365,0,0,0,2003-2005
748815,997395,0,0,0,2003-2005
748845,997395,0,0,0,2003-2005
748875,997395,0,0,0,2003-2005
748905,997395,0,0,0,2003-2005
748935,997395,0,0,0,2003-2005
748965,997395,0,0,0,2003-2005
748995,997395,0,0,0,2003-2005
749025,997425,0,30,30,2003-2005
749055,997425,0,30,30,2003-2005
749085,997425,0,30,30,2003-2005
749115,997425,0,30,30,2003-2005
749145,997425,0,30,30,2003-2005
749175,997425,0,30,30,2003-2005
749205,997425,0,30,30,2003-2005
749235,997425,0,30,30,2003-2005
749265,997425,0,30,30,2003-2005
749295,997425,0,30,30,2003-2005
749325,997425,0,30,30,2003-2005
749355,997395,0,0,0,2003-2005
749385,997395,0,0,0,2003-2005
749415,997395,0,0,0,2003-2005
749445,997395,0,0,0,2003-2005
749475,997395,0,0,0,2003-2005
749505,997395,0,0,0,2003-2005
749535,997395,-30,0,30,2003-2005
749565,997365,0,0,0,2003-2005
749595,997365,0,0,0,2003-2005
749625,997365,0,0,0,2003-2005
749655,997365,0,0,0,2003-2005
749685,997365,-30,0,30,2003-2005
749715,997335,0,0,0,2003-2005
749745,997335,0,0,0,2003-2005
749775,997335,-30,0,30,2003-2005
749805,997335,0,30,30,2003-2005
749835,997305,0,0,0,2003-2005
749865,997305,-30,0,30,2003-2005
749895,997305,0,30,30,2003-2005
749925,997305,0,30,30,2003-2005
749955,997275,0,0,0,2003-2005
749985,997275,-30,0,30,2003-2005
750015,997275,0,30,30,2003-2005
750045,997245,0,0,0,2003-2005
750075,997245,-30,0,30,2003-2005
750105,997245,0,30,30,2003-2005
750135,997245,0,30,30,2003-2005
750165,997215,0,0,0,2003-2005
750195,997215,-30,0,30,2003-2005
750225,997185,0,0,0,2003-2005
750255,997185,0,0,0,2003-2005
750285,997185,-30,0,30,2003-2005
750315,997155,0,0,0,2003-2005
750345,997155,-30,0,30,2003-2005
750375,997155,0,30,30,2003-2005
750405,997125,-30,0,30,2003-2005
750435,997095,0,0,0,2003-2005
750465,997095,0,0,0,2003-2005
750495,997095,-30,0,30,2003-2005
750525,997065,0,0,0,2003-2005
750555,997035,0,0,0,2003-2005
750585,997035,0,0,0,2003-2005
750615,997005,0,0,0,2003-2005
750645,996975,0,-30,30,2003-2005
750675,996975,0,0,0,2003-2005
750705,996945,0,-30,30,2003-2005
750735,996945,0,0,0,2003-2005
750765,996915,0,-30,30,2003-2005
750795,996915,0,-30,30,2003-2005
750825,996885,0,-30,30,2003-2005
750855,996855,0,-30,30,2003-2005
750885,996855,0,-30,30,2003-2005
750915,996825,30,-30,42.4264068711929,2003-2005
750945,996825,0,-30,30,2003-2005
750975,996795,0,-30,30,2003-2005
751005,996765,30,-30,42.4264068711929,2003-2005
751035,996735,0,-60,60,2003-2005
751065,996735,30,-30,42.4264068711929,2003-2005
751095,996705,0,-60,60,2003-2005
751125,996675,30,-60,67.0820393249937,2003-2005
751155,996675,0,-60,60,2003-2005
751185,996645,30,-60,67.0820393249937,2003-2005
751215,996615,60,-60,84.8528137423857,2003-2005
751245,996615,30,-60,67.0820393249937,2003-2005
751275,996585,60,-60,84.8528137423857,2003-2005
751305,996585,30,-60,67.0820393249937,2003-2005
751335,996555,60,-60,84.8528137423857,2003-2005
751365,996525,30,-90,94.8683298050514,2003-2005
751395,996525,0,-90,90,2003-2005
751425,996495,60,-90,108.16653826392,2003-2005
751455,996465,60,-90,108.16653826392,2003-2005
751485,996465,30,-90,94.8683298050514,2003-2005
751515,996435,60,-90,108.16653826392,2003-2005
751545,996405,30,-120,123.69316876853,2003-2005
751575,996405,60,-90,108.16653826392,2003-2005
751605,996375,60,-90,108.16653826392,2003-2005
751635,996375,60,-60,84.8528137423857,2003-2005
751665,996345,30,-90,94.8683298050514,2003-2005
751695,996315,60,-90,108.16653826392,2003-2005
751725,996315,60,-60,84.8528137423857,2003-2005
751755,996285,30,-90,94.8683298050514,2003-2005
751785,996285,60,-60,84.8528137423857,2003-2005
751815,996255,60,-60,84.8528137423857,2003-2005
751845,996255,30,-60,67.0820393249937,2003-2005
751875,996225,30,-60,67.0820393249937,2003-2005
751905,996225,30,-30,42.4264068711929,2003-2005
751935,996195,0,-60,60,2003-2005
751965,996195,0,-60,60,2003-2005
751995,996165,30,-60,67.0820393249937,2003-2005
752025,996165,0,-60,60,2003-2005
752055,996135,30,-60,67.0820393249937,2003-2005
752085,996135,0,-60,60,2003-2005
752115,996135,0,-60,60,2003-2005
752145,996105,30,-60,67.0820393249937,2003-2005
752175,996105,0,-60,60,2003-2005
752205,996075,30,-60,67.0820393249937,2003-2005
752235,996075,0,-60,60,2003-2005
752265,996075,0,-60,60,2003-2005
752295,996075,30,-30,42.4264068711929,2003-2005
752325,996075,0,-30,30,2003-2005
752355,996075,0,-30,30,2003-2005
752385,996075,0,-30,30,2003-2005
752415,996075,0,0,0,2003-2005
752445,996075,0,0,0,2003-2005
752475,996075,0,0,0,2003-2005
752505,996045,0,-30,30,2003-2005
752535,996045,0,0,0,2003-2005
752565,996045,0,0,0,2003-2005
752595,996015,0,0,0,2003-2005
752625,996015,0,0,0,2003-2005
752655,995985,0,-30,30,2003-2005
752685,995985,0,0,0,2003-2005
752715,995955,0,-30,30,2003-2005
752745,995955,0,0,0,2003-2005
752775,995925,0,-30,30,2003-2005
752805,995895,0,-30,30,2003-2005
752835,995895,0,0,0,2003-2005
752865,995865,0,-30,30,2003-2005
752895,995835,30,-30,42.4264068711929,2003-2005
752925,995835,0,-30,30,2003-2005
752955,995835,0,0,0,2003-2005
752985,995805,0,-30,30,2003-2005
753015,995805,0,0,0,2003-2005
753045,995775,0,-30,30,2003-2005
753075,995775,0,0,0,2003-2005
753105,995745,0,0,0,2003-2005
753135,995745,0,0,0,2003-2005
753165,995715,0,0,0,2003-2005
753195,995715,-30,0,30,2003-2005
753225,995685,0,0,0,2003-2005
753255,995685,-30,0,30,2003-2005
753285,995655,-30,0,30,2003-2005
753315,995625,0,0,0,2003-2005
753345,995595,0,0,0,2003-2005
753375,995565,0,0,0,2003-2005
753405,995565,0,0,0,2003-2005
753435,995565,0,0,0,2003-2005
753465,995535,0,0,0,2003-2005
753495,995535,-30,0,30,2003-2005
753525,995505,-30,0,30,2003-2005
753555,995475,0,0,0,2003-2005
753585,995475,-30,0,30,2003-2005
753615,995445,-30,0,30,2003-2005
753645,995415,-30,0,30,2003-2005
753675,995415,0,30,30,2003-2005
753705,995385,-30,0,30,2003-2005
753735,995355,-30,0,30,2003-2005
753765,995355,0,30,30,2003-2005
753795,995325,0,0,0,2003-2005
753825,995295,0,0,0,2003-2005
753855,995295,0,0,0,2003-2005
753885,995265,0,0,0,2003-2005
753915,995265,-30,0,30,2003-2005
753945,995235,0,0,0,2003-2005
753975,995235,0,0,0,2003-2005
754005,995205,0,0,0,2003-2005
754035,995205,0,0,0,2003-2005
754065,995175,0,0,0,2003-2005
754095,995145,0,-30,30,2003-2005
754125,995145,0,-30,30,2003-2005
754155,995145,0,0,0,2003-2005
754185,995115,0,0,0,2003-2005
754215,995115,0,0,0,2003-2005
754245,995115,0,0,0,2003-2005
754275,995115,-30,0,30,2003-2005
754305,995115,0,30,30,2003-2005
754335,995085,0,0,0,2003-2005
754365,995085,-30,0,30,2003-2005
754395,995085,0,30,30,2003-2005
754425,995055,0,0,0,2003-2005
754455,995055,0,0,0,2003-2005
754485,995055,-30,0,30,2003-2005
754515,995055,0,30,30,2003-2005
754545,995055,0,30,30,2003-2005
754575,995055,0,30,30,2003-2005
754605,995055,0,30,30,2003-2005
754635,995025,0,0,0,2003-2005
754665,995025,0,0,0,2003-2005
754695,995025,-30,0,30,2003-2005
754725,995025,0,30,30,2003-2005
754755,995025,0,30,30,2003-2005
754785,995025,0,30,30,2003-2005
754815,995025,0,30,30,2003-2005
754845,994995,-30,0,30,2003-2005
754875,994995,0,30,30,2003-2005
754905,994995,0,30,30,2003-2005
754935,994995,0,30,30,2003-2005
754965,994995,0,30,30,2003-2005
754995,994965,0,0,0,2003-2005
755025,994965,0,0,0,2003-2005
755055,994965,0,0,0,2003-2005
755085,994965,0,0,0,2003-2005
755115,994995,0,30,30,2003-2005
755145,994995,0,30,30,2003-2005
755175,994995,0,30,30,2003-2005
755205,994995,0,30,30,2003-2005
755235,994995,0,30,30,2003-2005
755265,994995,0,30,30,2003-2005
755295,994995,0,30,30,2003-2005
755325,994995,0,30,30,2003-2005
755355,994995,0,30,30,2003-2005
755385,995025,0,30,30,2003-2005
755415,995025,0,30,30,2003-2005
755445,995025,0,30,30,2003-2005
755475,995025,0,30,30,2003-2005
755505,995025,0,30,30,2003-2005
755535,995025,0,30,30,2003-2005
755565,995025,0,0,0,2003-2005
755595,995025,0,0,0,2003-2005
755625,995025,0,0,0,2003-2005
755655,995025,0,0,0,2003-2005
755685,995025,0,0,0,2003-2005
755715,995025,0,0,0,2003-2005
755745,995025,0,0,0,2003-2005
755775,995055,0,0,0,2003-2005
755805,995055,0,0,0,2003-2005
755835,995055,0,0,0,2003-2005
755865,995085,0,0,0,2003-2005
755895,995115,0,30,30,2003-2005
755925,995115,0,0,0,2003-2005
755955,995115,0,0,0,2003-2005
755985,995145,0,0,0,2003-2005
756015,995145,0,0,0,2003-2005
756045,995175,0,30,30,2003-2005
756075,995175,0,0,0,2003-2005
756105,995175,0,0,0,2003-2005
756135,995175,0,0,0,2003-2005
756165,995205,0,0,0,2003-2005
756195,995205,0,0,0,2003-2005
756225,995235,0,30,30,2003-2005
756255,995235,0,0,0,2003-2005
756285,995265,0,30,30,2003-2005
756315,995265,0,30,30,2003-2005
756345,995265,0,0,0,2003-2005
756375,995295,0,30,30,2003-2005
756405,995295,0,30,30,2003-2005
756435,995325,0,30,30,2003-2005
756465,995325,0,30,30,2003-2005
756495,995325,0,30,30,2003-2005
756525,995355,0,30,30,2003-2005
756555,995355,0,30,30,2003-2005
756585,995355,0,30,30,2003-2005
756615,995385,0,30,30,2003-2005
756645,995385,0,30,30,2003-2005
756675,995415,0,30,30,2003-2005
756705,995415,0,30,30,2003-2005
756735,995415,0,0,0,2003-2005
756765,995445,0,30,30,2003-2005
756795,995445,0,30,30,2003-2005
756825,995475,0,30,30,2003-2005
756855,995475,0,30,30,2003-2005
756885,995475,0,30,30,2003-2005
756915,995505,0,30,30,2003-2005
756945,995505,0,30,30,2003-2005
756975,995505,0,30,30,2003-2005
757005,995535,0,30,30,2003-2005
757035,995535,0,30,30,2003-2005
757065,995565,0,30,30,2003-2005
757095,995565,0,30,30,2003-2005
757125,995565,0,30,30,2003-2005
757155,995595,0,30,30,2003-2005
757185,995595,0,30,30,2003-2005
757215,995595,0,30,30,2003-2005
757245,995595,0,0,0,2003-2005
757275,995625,0,30,30,2003-2005
757305,995655,0,60,60,2003-2005
757335,995655,30,30,42.4264068711929,2003-2005
757365,995655,0,30,30,2003-2005
757395,995655,0,30,30,2003-2005
757425,995655,0,0,0,2003-2005
757455,995655,0,0,0,2003-2005
757485,995685,0,30,30,2003-2005
757515,995685,0,30,30,2003-2005
757545,995685,0,0,0,2003-2005
757575,995685,0,0,0,2003-2005
757605,995685,0,0,0,2003-2005
757635,995685,0,0,0,2003-2005
757665,995685,0,0,0,2003-2005
757695,995715,0,30,30,2003-2005
757725,995715,0,30,30,2003-2005
757755,995715,0,30,30,2003-2005
757785,995715,0,30,30,2003-2005
757815,995715,0,30,30,2003-2005
757845,995745,0,60,60,2003-2005
757875,995745,0,60,60,2003-2005
757905,995745,0,60,60,2003-2005
757935,995745,0,60,60,2003-2005
757965,995745,0,60,60,2003-2005
757995,995745,0,60,60,2003-2005
758025,995745,0,60,60,2003-2005
758055,995745,0,60,60,2003-2005
758085,995745,0,60,60,2003-2005
758115,995745,0,60,60,2003-2005
758145,995745,0,60,60,2003-2005
758175,995745,0,60,60,2003-2005
758205,995745,0,60,60,2003-2005
758235,995745,0,60,60,2003-2005
758265,995745,30,30,42.4264068711929,2003-2005
758295,995745,0,30,30,2003-2005
758325,995745,0,30,30,2003-2005
758355,995745,0,30,30,2003-2005
758385,995745,0,30,30,2003-2005
758415,995745,0,30,30,2003-2005
758445,995745,0,30,30,2003-2005
758475,995745,0,30,30,2003-2005
758505,995745,0,30,30,2003-2005
758535,995745,0,30,30,2003-2005
758565,995745,0,30,30,2003-2005
758595,995745,0,30,30,2003-2005
758625,995745,0,30,30,2003-2005
758655,995745,0,30,30,2003-2005
758685,995745,0,0,0,2003-2005
758715,995745,0,0,0,2003-2005
758745,995745,0,0,0,2003-2005
758775,995745,0,0,0,2003-2005
758805,995745,0,0,0,2003-2005
758835,995745,0,0,0,2003-2005
758865,995745,0,0,0,2003-2005
758895,995745,0,0,0,2003-2005
758925,995745,0,0,0,2003-2005
758955,995745,-30,0,30,2003-2005
758985,995745,0,30,30,2003-2005
759015,995745,0,30,30,2003-2005
759045,995745,0,30,30,2003-2005
759075,995745,0,30,30,2003-2005
759105,995715,0,0,0,2003-2005
759135,995715,0,0,0,2003-2005
759165,995715,-30,0,30,2003-2005
759195,995715,0,30,30,2003-2005
759225,995715,0,30,30,2003-2005
759255,995685,0,0,0,2003-2005
759285,995685,0,0,0,2003-2005
759315,995685,0,0,0,2003-2005
759345,995655,0,-30,30,2003-2005
759375,995655,0,0,0,2003-2005
759405,995655,0,0,0,2003-2005
759435,995625,0,-30,30,2003-2005
759465,995625,0,0,0,2003-2005
759495,995595,0,-30,30,2003-2005
759525,995595,0,0,0,2003-2005
759555,995595,0,0,0,2003-2005
759585,995565,0,-30,30,2003-2005
759615,995565,0,0,0,2003-2005
759645,995565,0,0,0,2003-2005
759675,995565,-30,0,30,2003-2005
759705,995535,0,0,0,2003-2005
759735,995535,0,0,0,2003-2005
759765,995535,-30,0,30,2003-2005
759795,995505,0,0,0,2003-2005
759825,995505,-30,0,30,2003-2005
759855,995475,0,0,0,2003-2005
759885,995475,-30,0,30,2003-2005
759915,995445,0,0,0,2003-2005
759945,995445,-30,0,30,2003-2005
759975,995445,0,30,30,2003-2005
760005,995415,0,0,0,2003-2005
760035,995385,0,0,0,2003-2005
760065,995385,-30,0,30,2003-2005
760095,995355,-30,0,30,2003-2005
760125,995325,0,0,0,2003-2005
760155,995325,-30,0,30,2003-2005
760185,995295,-30,0,30,2003-2005
760215,995265,-30,0,30,2003-2005
760245,995235,0,0,0,2003-2005
760275,995235,0,0,0,2003-2005
760305,995205,0,0,0,2003-2005
760335,995205,0,0,0,2003-2005
760365,995175,0,0,0,2003-2005
760395,995145,0,0,0,2003-2005
760425,995115,0,-30,30,2003-2005
760455,995085,0,-30,30,2003-2005
760485,995085,0,0,0,2003-2005
760515,995055,0,0,0,2003-2005
760545,995025,0,-30,30,2003-2005
760575,994995,0,-30,30,2003-2005
760605,994965,0,-30,30,2003-2005
760635,994935,30,-30,42.4264068711929,2003-2005
760665,994905,30,-30,42.4264068711929,2003-2005
760695,994875,0,-60,60,2003-2005
760725,994875,30,-30,42.4264068711929,2003-2005
760755,994845,0,-60,60,2003-2005
760785,994815,30,-60,67.0820393249937,2003-2005
760785,994785,60,-60,84.8528137423857,2003-2005
760815,994755,30,-90,94.8683298050514,2003-2005
760845,994755,0,-90,90,2003-2005
760875,994755,60,0,60,2003-2005
760905,994755,30,0,30,2003-2005
760935,994725,0,-30,30,2003-2005
760965,994695,0,-30,30,2003-2005
760995,994695,0,-30,30,2003-2005
761025,994695,0,-30,30,2003-2005
761055,994665,0,-30,30,2003-2005
761085,994665,0,0,0,2003-2005
761115,994635,0,0,0,2003-2005
761145,994605,0,-30,30,2003-2005
761175,994575,0,-30,30,2003-2005
761205,994575,0,0,0,2003-2005
761235,994545,0,-30,30,2003-2005
761265,994545,0,0,0,2003-2005
761295,994515,0,0,0,2003-2005
761325,994485,0,-30,30,2003-2005
761355,994485,0,0,0,2003-2005
761385,994455,0,0,0,2003-2005
761415,994455,0,0,0,2003-2005
761445,994425,0,0,0,2003-2005
761475,994395,0,0,0,2003-2005
761505,994395,-30,0,30,2003-2005
761535,994365,0,0,0,2003-2005
761565,994365,-30,0,30,2003-2005
761595,994365,-30,30,42.4264068711929,2003-2005
761625,994365,0,60,60,2003-2005
761655,994335,-30,30,42.4264068711929,2003-2005
761685,994305,-30,30,42.4264068711929,2003-2005
761715,994305,0,60,60,2003-2005
761745,994275,0,30,30,2003-2005
761775,994245,-30,0,30,2003-2005
761805,994215,-30,0,30,2003-2005
761835,994215,-30,30,42.4264068711929,2003-2005
761865,994185,0,30,30,2003-2005
761895,994155,-30,0,30,2003-2005
761925,994125,-30,0,30,2003-2005
761955,994095,-30,0,30,2003-2005
761985,994065,0,0,0,2003-2005
762015,994035,0,0,0,2003-2005
762045,994035,-30,0,30,2003-2005
762075,994005,-30,0,30,2003-2005
762105,993975,0,0,0,2003-2005
762135,993945,0,0,0,2003-2005
762165,993915,0,0,0,2003-2005
762195,993915,0,0,0,2003-2005
762225,993885,0,0,0,2003-2005
762255,993885,-30,0,30,2003-2005
762285,993855,0,0,0,2003-2005
762315,993855,-30,0,30,2003-2005
762345,993825,-30,0,30,2003-2005
762375,993825,0,30,30,2003-2005
762405,993795,-30,0,30,2003-2005
762435,993795,0,30,30,2003-2005
762465,993795,-30,30,42.4264068711929,2003-2005
762495,993765,-30,30,42.4264068711929,2003-2005
762525,993765,0,60,60,2003-2005
762555,993735,-30,30,42.4264068711929,2003-2005
762585,993735,0,60,60,2003-2005
762615,993735,-30,60,67.0820393249937,2003-2005
762645,993735,-60,60,84.8528137423857,2003-2005
762675,993735,0,90,90,2003-2005
762705,993735,0,90,90,2003-2005
762735,993705,0,60,60,2003-2005
762765,993705,-30,60,67.0820393249937,2003-2005
762795,993705,-60,60,84.8528137423857,2003-2005
762825,993705,0,90,90,2003-2005
762855,993705,0,90,90,2003-2005
762885,993705,0,90,90,2003-2005
762915,993705,0,90,90,2003-2005
762945,993705,0,90,90,2003-2005
762975,993675,0,60,60,2003-2005
763005,993645,0,30,30,2003-2005
763035,993645,0,30,30,2003-2005
763065,993645,0,30,30,2003-2005
763095,993645,0,30,30,2003-2005
763125,993645,0,30,30,2003-2005
763155,993645,0,30,30,2003-2005
763185,993645,0,30,30,2003-2005
763215,993615,0,0,0,2003-2005
763245,993615,0,0,0,2003-2005
763275,993615,0,0,0,2003-2005
763305,993615,0,0,0,2003-2005
763335,993585,0,-30,30,2003-2005
763365,993585,0,0,0,2003-2005
763395,993585,0,0,0,2003-2005
763425,993585,0,0,0,2003-2005
763455,993585,0,0,0,2003-2005
763485,993585,0,0,0,2003-2005
763515,993585,0,0,0,2003-2005
763545,993585,0,0,0,2003-2005
763575,993555,0,0,0,2003-2005
763605,993555,0,0,0,2003-2005
763635,993555,0,0,0,2003-2005
763665,993555,0,0,0,2003-2005
763695,993555,0,0,0,2003-2005
763725,993555,0,0,0,2003-2005
763755,993555,0,0,0,2003-2005
763785,993555,0,0,0,2003-2005
763815,993555,0,0,0,2003-2005
763845,993555,0,0,0,2003-2005
763875,993555,0,0,0,2003-2005
763905,993525,0,-30,30,2003-2005
763935,993525,0,-30,30,2003-2005
763965,993525,0,-30,30,2003-2005
763995,993525,0,-30,30,2003-2005
764025,993525,0,0,0,2003-2005
764055,993525,0,0,0,2003-2005
764085,993495,0,-30,30,2003-2005
764115,993495,0,-30,30,2003-2005
764145,993495,0,0,0,2003-2005
764175,993495,0,0,0,2003-2005
764205,993465,0,-30,30,2003-2005
764235,993465,0,0,0,2003-2005
764265,993465,-30,0,30,2003-2005
764295,993435,0,0,0,2003-2005
764325,993435,-30,0,30,2003-2005
764355,993435,0,30,30,2003-2005
764385,993405,0,0,0,2003-2005
764415,993405,0,0,0,2003-2005
764445,993405,0,0,0,2003-2005
764475,993405,0,0,0,2003-2005
764505,993405,0,0,0,2003-2005
764535,993405,0,0,0,2003-2005
764565,993405,0,0,0,2003-2005
764595,993405,0,0,0,2003-2005
764625,993405,0,0,0,2003-2005
764655,993405,0,0,0,2003-2005
764685,993435,0,30,30,2003-2005
764715,993435,0,30,30,2003-2005
764745,993435,0,30,30,2003-2005
764775,993435,0,30,30,2003-2005
764805,993435,0,30,30,2003-2005
764835,993435,0,30,30,2003-2005
764865,993435,0,30,30,2003-2005
764895,993435,0,30,30,2003-2005
764925,993435,0,30,30,2003-2005
764955,993465,0,60,60,2003-2005
764985,993465,0,60,60,2003-2005
765015,993465,0,60,60,2003-2005
765045,993465,0,60,60,2003-2005
765075,993465,0,60,60,2003-2005
765105,993465,0,60,60,2003-2005
765135,993465,30,30,42.4264068711929,2003-2005
765165,993465,0,30,30,2003-2005
765195,993435,0,0,0,2003-2005
765225,993435,0,0,0,2003-2005
765255,993435,0,0,0,2003-2005
765285,993435,0,0,0,2003-2005
765315,993435,0,0,0,2003-2005
765345,993435,0,0,0,2003-2005
765375,993435,0,0,0,2003-2005
765405,993465,0,30,30,2003-2005
765435,993465,0,30,30,2003-2005
765465,993465,0,30,30,2003-2005
765495,993495,30,30,42.4264068711929,2003-2005
765525,993495,0,30,30,2003-2005
765555,993495,0,30,30,2003-2005
765585,993525,0,30,30,2003-2005
765615,993525,0,30,30,2003-2005
765645,993525,0,30,30,2003-2005
765675,993555,0,30,30,2003-2005
765705,993555,0,30,30,2003-2005
765735,993555,0,0,0,2003-2005
765765,993555,0,0,0,2003-2005
765795,993555,-30,0,30,2003-2005
765825,993555,0,-30,30,2003-2005
765855,993585,0,0,0,2003-2005
765885,993585,0,0,0,2003-2005
765915,993585,0,0,0,2003-2005
765945,993585,0,0,0,2003-2005
765975,993585,0,0,0,2003-2005
766005,993585,0,0,0,2003-2005
766035,993585,0,0,0,2003-2005
766065,993585,0,0,0,2003-2005
766095,993585,0,0,0,2003-2005
766125,993585,0,0,0,2003-2005
766155,993585,0,0,0,2003-2005
766185,993585,0,0,0,2003-2005
766215,993585,0,0,0,2003-2005
766245,993585,0,0,0,2003-2005
766275,993585,0,0,0,2003-2005
766305,993585,0,0,0,2003-2005
766335,993585,-30,0,30,2003-2005
766365,993615,0,0,0,2003-2005
766395,993615,0,0,0,2003-2005
766425,993615,0,0,0,2003-2005
766455,993615,-30,0,30,2003-2005
766485,993615,0,-30,30,2003-2005
766515,993615,0,-30,30,2003-2005
766545,993615,0,-30,30,2003-2005
766575,993615,0,-30,30,2003-2005
766605,993645,0,0,0,2003-2005
766635,993645,0,0,0,2003-2005
766665,993645,-30,0,30,2003-2005
766695,993645,0,30,30,2003-2005
766725,993645,-30,30,42.4264068711929,2003-2005
766755,993615,0,30,30,2003-2005
766785,993615,0,30,30,2003-2005
766815,993615,-30,30,42.4264068711929,2003-2005
766845,993615,0,60,60,2003-2005
766875,993585,0,30,30,2003-2005
766905,993585,0,30,30,2003-2005
766935,993585,0,30,30,2003-2005
766965,993585,0,30,30,2003-2005
766995,993585,0,30,30,2003-2005
767025,993585,0,30,30,2003-2005
767055,993585,0,30,30,2003-2005
767085,993585,0,0,0,2003-2005
767115,993585,0,0,0,2003-2005
767145,993615,0,0,0,2003-2005
767175,993615,0,0,0,2003-2005
767205,993645,0,0,0,2003-2005
767235,993645,0,0,0,2003-2005
767265,993645,0,0,0,2003-2005
767295,993645,0,0,0,2003-2005
767325,993645,0,0,0,2003-2005
767355,993645,0,0,0,2003-2005
767385,993645,0,0,0,2003-2005
767415,993615,0,0,0,2003-2005
767445,993615,0,0,0,2003-2005
767475,993615,0,0,0,2003-2005
767505,993585,0,0,0,2003-2005
767535,993585,0,0,0,2003-2005
767565,993555,0,-30,30,2003-2005
767595,993555,0,0,0,2003-2005
767625,993555,0,0,0,2003-2005
767655,993525,0,0,0,2003-2005
767685,993525,0,0,0,2003-2005
767715,993495,0,-30,30,2003-2005
767745,993495,0,0,0,2003-2005
767775,993465,0,-30,30,2003-2005
767805,993465,0,0,0,2003-2005
767835,993465,0,0,0,2003-2005
767865,993435,0,-30,30,2003-2005
767895,993435,0,0,0,2003-2005
767925,993435,-30,0,30,2003-2005
767955,993405,0,0,0,2003-2005
767985,993405,0,0,0,2003-2005
768015,993375,0,0,0,2003-2005
768045,993375,0,0,0,2003-2005
768075,993375,-30,0,30,2003-2005
768105,993345,0,0,0,2003-2005
768135,993345,0,0,0,2003-2005
768165,993345,-30,0,30,2003-2005
768195,993345,0,30,30,2003-2005
768225,993315,0,0,0,2003-2005
768255,993315,0,0,0,2003-2005
768285,993315,-30,0,30,2003-2005
768315,993285,0,0,0,2003-2005
768345,993285,0,0,0,2003-2005
768375,993285,0,0,0,2003-2005
768405,993255,0,0,0,2003-2005
768435,993255,0,0,0,2003-2005
768465,993255,0,0,0,2003-2005
768495,993255,-30,0,30,2003-2005
768525,993255,0,30,30,2003-2005
768555,993225,0,0,0,2003-2005
768585,993225,-30,0,30,2003-2005
768615,993225,0,30,30,2003-2005
768645,993195,0,0,0,2003-2005
768675,993195,0,0,0,2003-2005
768705,993195,-30,0,30,2003-2005
768735,993165,0,0,0,2003-2005
768765,993165,0,0,0,2003-2005
768795,993165,-30,0,30,2003-2005
768825,993135,0,0,0,2003-2005
768855,993135,0,0,0,2003-2005
768885,993135,-30,0,30,2003-2005
768915,993135,0,30,30,2003-2005
768945,993105,0,0,0,2003-2005
768975,993105,-30,0,30,2003-2005
769005,993105,0,30,30,2003-2005
769035,993075,0,0,0,2003-2005
769065,993075,0,0,0,2003-2005
769095,993075,-30,0,30,2003-2005
769125,993045,0,0,0,2003-2005
769155,993015,0,0,0,2003-2005
769185,993015,-30,0,30,2003-2005
769215,992985,-30,0,30,2003-2005
769245,992955,0,0,0,2003-2005
769275,992925,0,0,0,2003-2005
769275,992895,0,-30,30,2003-2005
769305,992865,0,-30,30,2003-2005
769335,992835,0,-30,30,2003-2005
769365,992805,30,0,30,2003-2005
769395,992775,0,-30,30,2003-2005
769425,992745,0,-30,30,2003-2005
769455,992715,0,-30,30,2003-2005
769455,992685,30,-30,42.4264068711929,2003-2005
769485,992655,30,0,30,2003-2005
769515,992625,0,-30,30,2003-2005
769545,992595,0,-30,30,2003-2005
769575,992565,0,-30,30,2003-2005
769605,992535,0,0,0,2003-2005
769605,992505,0,-30,30,2003-2005
769635,992475,0,-30,30,2003-2005
769665,992445,0,-30,30,2003-2005
769695,992415,0,-30,30,2003-2005
769725,992385,0,0,0,2003-2005
769725,992355,0,-30,30,2003-2005
769755,992325,0,-30,30,2003-2005
769785,992295,0,-30,30,2003-2005
769815,992265,0,-30,30,2003-2005
769845,992235,0,-30,30,2003-2005
769875,992205,0,0,0,2003-2005
769905,992175,0,0,0,2003-2005
769935,992145,0,0,0,2003-2005
769965,992115,0,0,0,2003-2005
769965,992085,0,0,0,2003-2005
769995,992055,0,0,0,2003-2005
769995,992025,0,-30,30,2003-2005
770025,991995,0,-30,30,2003-2005
770055,991965,0,-30,30,2003-2005
770085,991935,0,-30,30,2003-2005
770085,991905,30,0,30,2003-2005
770085,991875,30,-30,42.4264068711929,2003-2005
770115,991845,30,-30,42.4264068711929,2003-2005
770145,991845,0,-30,30,2003-2005
770175,991815,0,0,0,2003-2005
770205,991785,0,0,0,2003-2005
770235,991755,0,0,0,2003-2005
770265,991725,0,0,0,2003-2005
770265,991695,0,-30,30,2003-2005
770295,991665,0,-30,30,2003-2005
770325,991635,0,-30,30,2003-2005
770355,991605,0,0,0,2003-2005
770385,991575,0,0,0,2003-2005
770415,991545,0,0,0,2003-2005
770415,991515,0,-30,30,2003-2005
770445,991485,0,0,0,2003-2005
770475,991455,0,0,0,2003-2005
770475,991425,0,-30,30,2003-2005
770505,991395,0,-30,30,2003-2005
770535,991365,0,-30,30,2003-2005
770535,991335,0,-60,60,2003-2005
770565,991305,30,-30,42.4264068711929,2003-2005
770565,991275,30,-60,67.0820393249937,2003-2005
770595,991245,30,-60,67.0820393249937,2003-2005
770625,991245,30,-30,42.4264068711929,2003-2005
770655,991215,30,-30,42.4264068711929,2003-2005
770685,991185,30,-30,42.4264068711929,2003-2005
770715,991155,30,-30,42.4264068711929,2003-2005
770745,991125,0,-60,60,2003-2005
770775,991095,30,-30,42.4264068711929,2003-2005
770805,991065,30,-30,42.4264068711929,2003-2005
770835,991035,30,-30,42.4264068711929,2003-2005
770865,991005,30,0,30,2003-2005
770895,990975,0,-30,30,2003-2005
770925,990975,0,0,0,2003-2005
770955,990945,0,0,0,2003-2005
770985,990915,0,0,0,2003-2005
771015,990885,-30,0,30,2003-2005
771015,990855,0,0,0,2003-2005
771045,990825,0,0,0,2003-2005
771075,990795,0,0,0,2003-2005
771105,990765,0,0,0,2003-2005
771135,990735,0,0,0,2003-2005
771165,990705,0,0,0,2003-2005
771195,990675,0,0,0,2003-2005
771225,990645,0,0,0,2003-2005
771255,990615,0,0,0,2003-2005
771285,990585,0,0,0,2003-2005
771315,990555,0,0,0,2003-2005
771345,990555,-30,0,30,2003-2005
771375,990525,-30,0,30,2003-2005
771405,990495,-30,0,30,2003-2005
771435,990465,-30,0,30,2003-2005
771465,990435,-30,0,30,2003-2005
771495,990405,-30,0,30,2003-2005
771525,990375,0,0,0,2003-2005
771555,990345,0,0,0,2003-2005
771585,990345,-30,0,30,2003-2005
771615,990315,0,0,0,2003-2005
771645,990285,0,0,0,2003-2005
771675,990255,0,0,0,2003-2005
771705,990225,0,-30,30,2003-2005
771735,990225,0,0,0,2003-2005
771765,990195,0,0,0,2003-2005
771795,990195,0,0,0,2003-2005
771825,990165,0,0,0,2003-2005
771855,990165,-30,0,30,2003-2005
771885,990135,0,0,0,2003-2005
771915,990135,-30,0,30,2003-2005
771945,990105,0,0,0,2003-2005
771975,990105,-30,0,30,2003-2005
772005,990075,0,0,0,2003-2005
772035,990045,0,0,0,2003-2005
772065,990045,0,0,0,2003-2005
772095,990015,0,0,0,2003-2005
772125,990015,0,0,0,2003-2005
772155,989985,0,0,0,2003-2005
772185,989985,-30,0,30,2003-2005
772215,989955,0,0,0,2003-2005
772245,989955,-30,0,30,2003-2005
772275,989925,0,0,0,2003-2005
772305,989925,-30,0,30,2003-2005
772335,989895,0,0,0,2003-2005
772365,989865,0,0,0,2003-2005
772395,989865,0,0,0,2003-2005
772425,989865,-30,0,30,2003-2005
772455,989835,0,0,0,2003-2005
772485,989805,0,0,0,2003-2005
772515,989805,-30,0,30,2003-2005
772545,989775,0,0,0,2003-2005
772575,989745,0,-30,30,2003-2005
772605,989745,0,0,0,2003-2005
772635,989715,0,0,0,2003-2005
730725,1010955,0,30,30,2005-2007
730755,1010925,-30,0,30,2005-2007
730755,1010895,0,0,0,2005-2007
730785,1010865,0,0,0,2005-2007
730815,1010835,0,0,0,2005-2007
730845,1010835,0,0,0,2005-2007
730875,1010805,0,0,0,2005-2007
730905,1010805,0,0,0,2005-2007
730935,1010775,0,0,0,2005-2007
730965,1010775,0,0,0,2005-2007
730995,1010745,0,0,0,2005-2007
731025,1010745,0,0,0,2005-2007
731055,1010715,0,0,0,2005-2007
731085,1010715,0,0,0,2005-2007
731115,1010685,0,0,0,2005-2007
731145,1010685,0,0,0,2005-2007
731175,1010685,-30,0,30,2005-2007
731205,1010655,0,0,0,2005-2007
731235,1010655,-30,0,30,2005-2007
731265,1010655,-30,30,42.4264068711929,2005-2007
731295,1010625,0,30,30,2005-2007
731325,1010625,0,30,30,2005-2007
731355,1010595,-30,0,30,2005-2007
731385,1010595,-30,30,42.4264068711929,2005-2007
731415,1010565,0,30,30,2005-2007
731445,1010565,0,30,30,2005-2007
731475,1010565,-30,30,42.4264068711929,2005-2007
731505,1010535,0,30,30,2005-2007
731535,1010535,0,30,30,2005-2007
731565,1010535,-30,30,42.4264068711929,2005-2007
731595,1010535,-60,30,67.0820393249937,2005-2007
731625,1010505,0,60,60,2005-2007
731655,1010505,0,60,60,2005-2007
731685,1010475,-30,30,42.4264068711929,2005-2007
731715,1010475,0,60,60,2005-2007
731745,1010475,0,60,60,2005-2007
731775,1010445,-30,30,42.4264068711929,2005-2007
731805,1010445,0,60,60,2005-2007
731835,1010445,-30,60,67.0820393249937,2005-2007
731865,1010415,0,60,60,2005-2007
731895,1010415,0,60,60,2005-2007
731925,1010415,-30,60,67.0820393249937,2005-2007
731955,1010385,0,60,60,2005-2007
731985,1010385,0,60,60,2005-2007
732015,1010355,0,30,30,2005-2007
732045,1010355,0,30,30,2005-2007
732075,1010355,0,30,30,2005-2007
732105,1010325,0,0,0,2005-2007
732135,1010325,-30,0,30,2005-2007
732165,1010325,0,30,30,2005-2007
732195,1010295,0,0,0,2005-2007
732225,1010295,0,0,0,2005-2007
732255,1010295,0,0,0,2005-2007
732285,1010295,0,0,0,2005-2007
732315,1010265,0,-30,30,2005-2007
732345,1010265,0,0,0,2005-2007
732375,1010265,0,0,0,2005-2007
732405,1010265,0,0,0,2005-2007
732435,1010265,0,0,0,2005-2007
732465,1010265,0,0,0,2005-2007
732495,1010265,0,0,0,2005-2007
732525,1010265,0,0,0,2005-2007
732555,1010265,-30,0,30,2005-2007
732585,1010235,0,0,0,2005-2007
732615,1010235,0,0,0,2005-2007
732645,1010235,0,0,0,2005-2007
732675,1010235,0,0,0,2005-2007
732705,1010235,0,0,0,2005-2007
732735,1010235,0,0,0,2005-2007
732765,1010205,0,-30,30,2005-2007
732795,1010205,0,-30,30,2005-2007
732825,1010205,0,-30,30,2005-2007
732855,1010205,0,-30,30,2005-2007
732885,1010205,0,0,0,2005-2007
732915,1010175,0,-30,30,2005-2007
732945,1010175,0,-30,30,2005-2007
732975,1010175,0,0,0,2005-2007
733005,1010175,0,0,0,2005-2007
733035,1010145,0,-30,30,2005-2007
733065,1010145,0,-30,30,2005-2007
733095,1010145,0,-30,30,2005-2007
733125,1010115,0,-30,30,2005-2007
733155,1010115,0,-30,30,2005-2007
733185,1010115,0,-30,30,2005-2007
733215,1010115,0,0,0,2005-2007
733245,1010085,0,-30,30,2005-2007
733275,1010085,0,-30,30,2005-2007
733305,1010085,0,0,0,2005-2007
733335,1010055,0,-30,30,2005-2007
733365,1010055,0,-30,30,2005-2007
733395,1010055,0,0,0,2005-2007
733425,1010055,0,0,0,2005-2007
733455,1010055,-30,0,30,2005-2007
733485,1010025,0,0,0,2005-2007
733515,1010025,-30,0,30,2005-2007
733545,1009995,0,0,0,2005-2007
733575,1009995,0,0,0,2005-2007
733605,1009995,0,0,0,2005-2007
733635,1009965,0,-30,30,2005-2007
733665,1009965,0,-30,30,2005-2007
733695,1009965,0,0,0,2005-2007
733725,1009965,0,0,0,2005-2007
733755,1009935,0,-30,30,2005-2007
733785,1009935,0,-30,30,2005-2007
733815,1009935,0,0,0,2005-2007
733845,1009905,0,-30,30,2005-2007
733875,1009905,0,-30,30,2005-2007
733905,1009905,0,0,0,2005-2007
733935,1009875,0,-30,30,2005-2007
733965,1009875,0,0,0,2005-2007
733995,1009875,0,0,0,2005-2007
734025,1009845,0,0,0,2005-2007
734055,1009845,0,0,0,2005-2007
734085,1009845,0,0,0,2005-2007
734115,1009815,0,-30,30,2005-2007
734145,1009785,0,-30,30,2005-2007
734175,1009785,0,-30,30,2005-2007
734205,1009785,0,0,0,2005-2007
734235,1009785,0,0,0,2005-2007
734265,1009755,0,0,0,2005-2007
734295,1009755,0,0,0,2005-2007
734325,1009725,0,-30,30,2005-2007
734355,1009725,0,0,0,2005-2007
734385,1009725,0,0,0,2005-2007
734415,1009725,0,0,0,2005-2007
734445,1009695,0,0,0,2005-2007
734475,1009695,0,0,0,2005-2007
734505,1009665,0,-30,30,2005-2007
734535,1009665,0,-30,30,2005-2007
734565,1009665,0,0,0,2005-2007
734595,1009665,0,0,0,2005-2007
734625,1009635,0,-30,30,2005-2007
734655,1009635,0,0,0,2005-2007
734685,1009635,0,0,0,2005-2007
734715,1009605,0,-30,30,2005-2007
734745,1009605,0,0,0,2005-2007
734775,1009605,0,0,0,2005-2007
734805,1009605,0,0,0,2005-2007
734835,1009575,0,-30,30,2005-2007
734865,1009575,0,0,0,2005-2007
734895,1009545,0,-30,30,2005-2007
734925,1009545,0,-30,30,2005-2007
734955,1009545,0,0,0,2005-2007
734985,1009545,0,0,0,2005-2007
735015,1009545,0,0,0,2005-2007
735045,1009545,-30,0,30,2005-2007
735075,1009545,0,30,30,2005-2007
735105,1009545,0,30,30,2005-2007
735135,1009515,-30,0,30,2005-2007
735165,1009515,0,30,30,2005-2007
735195,1009515,0,30,30,2005-2007
735225,1009485,-30,0,30,2005-2007
735255,1009455,0,0,0,2005-2007
735285,1009425,0,-30,30,2005-2007
735315,1009395,0,-60,60,2005-2007
735345,1009365,30,-60,67.0820393249937,2005-2007
735375,1009365,0,-60,60,2005-2007
735405,1009335,30,-60,67.0820393249937,2005-2007
735435,1009305,30,-60,67.0820393249937,2005-2007
735465,1009305,30,-30,42.4264068711929,2005-2007
735495,1009275,30,-30,42.4264068711929,2005-2007
735525,1009245,30,-30,42.4264068711929,2005-2007
735555,1009215,30,-30,42.4264068711929,2005-2007
735585,1009215,0,-30,30,2005-2007
735615,1009185,0,-30,30,2005-2007
735615,1009155,30,-30,42.4264068711929,2005-2007
735645,1009125,30,-30,42.4264068711929,2005-2007
735675,1009095,30,0,30,2005-2007
735705,1009095,0,0,0,2005-2007
735735,1009065,-30,0,30,2005-2007
735765,1009035,0,0,0,2005-2007
735795,1009035,0,0,0,2005-2007
735825,1009005,0,0,0,2005-2007
735855,1008975,0,-30,30,2005-2007
735885,1008975,0,0,0,2005-2007
735915,1008945,0,0,0,2005-2007
735945,1008915,0,-30,30,2005-2007
735975,1008915,0,0,0,2005-2007
736005,1008885,0,0,0,2005-2007
736035,1008855,0,-30,30,2005-2007
736065,1008855,0,0,0,2005-2007
736095,1008825,0,-30,30,2005-2007
736125,1008825,0,0,0,2005-2007
736155,1008795,0,0,0,2005-2007
736185,1008795,0,0,0,2005-2007
736215,1008765,0,0,0,2005-2007
736245,1008735,0,0,0,2005-2007
736275,1008705,0,0,0,2005-2007
736305,1008675,0,0,0,2005-2007
736335,1008645,0,-30,30,2005-2007
736365,1008615,0,-30,30,2005-2007
736395,1008585,0,-30,30,2005-2007
736425,1008585,0,0,0,2005-2007
736455,1008555,0,0,0,2005-2007
736485,1008525,0,0,0,2005-2007
736515,1008495,0,0,0,2005-2007
736515,1008465,0,-30,30,2005-2007
736545,1008435,30,-30,42.4264068711929,2005-2007
736575,1008405,30,-30,42.4264068711929,2005-2007
736605,1008375,30,-30,42.4264068711929,2005-2007
736635,1008345,30,-30,42.4264068711929,2005-2007
736665,1008315,30,-30,42.4264068711929,2005-2007
736695,1008285,30,-30,42.4264068711929,2005-2007
736725,1008285,0,-30,30,2005-2007
736755,1008255,0,-30,30,2005-2007
736785,1008225,0,0,0,2005-2007
736785,1008195,0,-30,30,2005-2007
736815,1008165,0,-30,30,2005-2007
736845,1008135,0,-30,30,2005-2007
736875,1008105,0,-30,30,2005-2007
736905,1008075,0,0,0,2005-2007
736935,1008045,0,0,0,2005-2007
736965,1008015,0,0,0,2005-2007
736995,1007985,0,0,0,2005-2007
737025,1007955,0,-30,30,2005-2007
737025,1007925,30,0,30,2005-2007
737055,1007895,0,0,0,2005-2007
737085,1007865,0,0,0,2005-2007
737115,1007835,0,0,0,2005-2007
737145,1007805,0,0,0,2005-2007
737175,1007775,0,0,0,2005-2007
737205,1007745,0,0,0,2005-2007
737235,1007715,0,0,0,2005-2007
737235,1007685,0,-30,30,2005-2007
737265,1007655,0,-30,30,2005-2007
737295,1007625,0,-30,30,2005-2007
737325,1007595,0,0,0,2005-2007
737325,1007565,0,-30,30,2005-2007
737355,1007535,0,-30,30,2005-2007
737385,1007505,0,-30,30,2005-2007
737415,1007475,0,-30,30,2005-2007
737445,1007445,0,0,0,2005-2007
737445,1007415,0,0,0,2005-2007
737475,1007385,0,0,0,2005-2007
737475,1007355,0,-30,30,2005-2007
737505,1007325,0,0,0,2005-2007
737535,1007295,0,0,0,2005-2007
737565,1007265,0,0,0,2005-2007
737565,1007235,0,-30,30,2005-2007
737595,1007205,0,0,0,2005-2007
737625,1007175,0,0,0,2005-2007
737655,1007145,0,0,0,2005-2007
737655,1007115,0,-30,30,2005-2007
737685,1007085,0,-30,30,2005-2007
737715,1007055,0,-30,30,2005-2007
737745,1007025,0,-30,30,2005-2007
737745,1006995,30,-30,42.4264068711929,2005-2007
737775,1006965,30,-30,42.4264068711929,2005-2007
737805,1006935,30,-30,42.4264068711929,2005-2007
737835,1006905,30,-30,42.4264068711929,2005-2007
737865,1006875,30,0,30,2005-2007
737865,1006845,30,-30,42.4264068711929,2005-2007
737895,1006815,30,-30,42.4264068711929,2005-2007
737925,1006785,30,0,30,2005-2007
737955,1006755,0,-30,30,2005-2007
737985,1006725,0,-30,30,2005-2007
737985,1006695,30,0,30,2005-2007
737985,1006665,30,-30,42.4264068711929,2005-2007
738015,1006635,30,-30,42.4264068711929,2005-2007
738015,1006605,60,0,60,2005-2007
738045,1006575,30,0,30,2005-2007
738075,1006545,0,0,0,2005-2007
738075,1006515,0,0,0,2005-2007
738105,1006485,0,0,0,2005-2007
738105,1006455,0,0,0,2005-2007
738135,1006425,0,0,0,2005-2007
738135,1006395,0,0,0,2005-2007
738135,1006365,0,0,0,2005-2007
738165,1006335,0,0,0,2005-2007
738165,1006305,0,0,0,2005-2007
738165,1006275,0,-30,30,2005-2007
738195,1006245,0,0,0,2005-2007
738225,1006215,-30,0,30,2005-2007
738255,1006185,-30,0,30,2005-2007
738255,1006155,0,0,0,2005-2007
738255,1006125,0,0,0,2005-2007
738285,1006095,0,0,0,2005-2007
738285,1006065,0,0,0,2005-2007
738285,1006035,0,-30,30,2005-2007
738315,1006005,0,0,0,2005-2007
738315,1005975,0,-30,30,2005-2007
738345,1005945,0,-30,30,2005-2007
738375,1005915,0,0,0,2005-2007
738375,1005885,0,-30,30,2005-2007
738405,1005855,0,0,0,2005-2007
738405,1005825,0,-30,30,2005-2007
738435,1005795,0,0,0,2005-2007
738435,1005765,0,-30,30,2005-2007
738435,1005735,30,0,30,2005-2007
738465,1005705,0,-30,30,2005-2007
738465,1005675,30,0,30,2005-2007
738495,1005645,0,-30,30,2005-2007
738495,1005615,30,0,30,2005-2007
738525,1005585,0,-30,30,2005-2007
738555,1005555,0,0,0,2005-2007
738555,1005525,0,0,0,2005-2007
738585,1005495,0,0,0,2005-2007
738585,1005465,0,0,0,2005-2007
738615,1005435,-30,0,30,2005-2007
738615,1005405,0,0,0,2005-2007
738615,1005375,0,0,0,2005-2007
738645,1005345,0,0,0,2005-2007
738675,1005315,0,0,0,2005-2007
738705,1005285,-30,0,30,2005-2007
738705,1005255,0,0,0,2005-2007
738735,1005225,0,0,0,2005-2007
738765,1005195,-30,0,30,2005-2007
738795,1005165,-30,0,30,2005-2007
738825,1005135,-30,30,42.4264068711929,2005-2007
738825,1005105,-30,0,30,2005-2007
738825,1005075,-30,0,30,2005-2007
738855,1005045,-30,0,30,2005-2007
738885,1005015,-30,0,30,2005-2007
738885,1004985,0,0,0,2005-2007
738915,1004955,-30,0,30,2005-2007
738915,1004925,0,0,0,2005-2007
738945,1004895,-30,0,30,2005-2007
738945,1004865,0,0,0,2005-2007
738945,1004835,0,0,0,2005-2007
738975,1004805,0,0,0,2005-2007
739005,1004775,0,0,0,2005-2007
739035,1004745,-30,0,30,2005-2007
739035,1004715,0,0,0,2005-2007
739065,1004685,-30,0,30,2005-2007
739065,1004655,0,0,0,2005-2007
739095,1004625,0,0,0,2005-2007
739095,1004595,0,0,0,2005-2007
739125,1004565,0,0,0,2005-2007
739155,1004535,0,0,0,2005-2007
739155,1004505,0,-30,30,2005-2007
739185,1004475,0,-30,30,2005-2007
739215,1004445,0,0,0,2005-2007
739215,1004415,0,-30,30,2005-2007
739245,1004385,0,-30,30,2005-2007
739275,1004355,0,-30,30,2005-2007
739305,1004355,0,-30,30,2005-2007
739335,1004325,0,-30,30,2005-2007
739365,1004295,0,-30,30,2005-2007
739395,1004265,0,-30,30,2005-2007
739425,1004265,0,0,0,2005-2007
739455,1004235,0,-30,30,2005-2007
739485,1004205,0,-30,30,2005-2007
739515,1004205,0,0,0,2005-2007
739545,1004175,0,0,0,2005-2007
739575,1004145,0,0,0,2005-2007
739605,1004115,0,0,0,2005-2007
739635,1004085,0,-30,30,2005-2007
739665,1004055,0,-30,30,2005-2007
739695,1004025,0,-30,30,2005-2007
739725,1003995,0,-30,30,2005-2007
739755,1003965,0,-30,30,2005-2007
739755,1003935,30,-30,42.4264068711929,2005-2007
739785,1003905,30,-30,42.4264068711929,2005-2007
739815,1003905,0,-30,30,2005-2007
739845,1003905,0,0,0,2005-2007
739875,1003875,0,0,0,2005-2007
739905,1003845,0,-30,30,2005-2007
739935,1003815,0,-30,30,2005-2007
739965,1003785,0,-30,30,2005-2007
739995,1003755,0,-30,30,2005-2007
740025,1003725,0,-30,30,2005-2007
740055,1003695,0,-30,30,2005-2007
740085,1003665,0,-30,30,2005-2007
740115,1003635,0,0,0,2005-2007
740145,1003605,0,0,0,2005-2007
740175,1003575,0,0,0,2005-2007
740205,1003545,0,0,0,2005-2007
740235,1003515,0,0,0,2005-2007
740265,1003485,0,0,0,2005-2007
740295,1003455,0,0,0,2005-2007
740325,1003425,0,0,0,2005-2007
740355,1003395,0,0,0,2005-2007
740385,1003365,0,0,0,2005-2007
740415,1003335,0,0,0,2005-2007
740445,1003305,0,0,0,2005-2007
740445,1003275,0,-30,30,2005-2007
740475,1003245,0,-30,30,2005-2007
740505,1003215,0,-30,30,2005-2007
740535,1003185,0,0,0,2005-2007
740565,1003155,0,0,0,2005-2007
740595,1003125,0,0,0,2005-2007
740625,1003095,0,0,0,2005-2007
740625,1003065,0,-30,30,2005-2007
740655,1003035,0,-30,30,2005-2007
740685,1003005,0,-30,30,2005-2007
740715,1002975,30,-30,42.4264068711929,2005-2007
740745,1002945,30,-30,42.4264068711929,2005-2007
740775,1002915,0,-60,60,2005-2007
740805,1002885,30,-60,67.0820393249937,2005-2007
740835,1002855,30,-60,67.0820393249937,2005-2007
740865,1002825,30,-60,67.0820393249937,2005-2007
740895,1002795,0,-90,90,2005-2007
740925,1002765,60,-60,84.8528137423857,2005-2007
740955,1002735,60,-30,67.0820393249937,2005-2007
740985,1002705,30,-60,67.0820393249937,2005-2007
741015,1002675,30,-60,67.0820393249937,2005-2007
741045,1002675,0,-60,60,2005-2007
741075,1002645,30,-60,67.0820393249937,2005-2007
741105,1002645,30,-30,42.4264068711929,2005-2007
741135,1002615,30,0,30,2005-2007
741165,1002615,0,0,0,2005-2007
741195,1002585,0,0,0,2005-2007
741225,1002555,0,0,0,2005-2007
741255,1002525,0,0,0,2005-2007
741285,1002525,-30,0,30,2005-2007
741315,1002495,-30,0,30,2005-2007
741345,1002465,0,0,0,2005-2007
741375,1002435,0,0,0,2005-2007
741405,1002405,0,0,0,2005-2007
741435,1002375,0,0,0,2005-2007
741465,1002345,0,0,0,2005-2007
741495,1002315,0,0,0,2005-2007
741525,1002285,0,0,0,2005-2007
741555,1002285,-30,0,30,2005-2007
741585,1002255,0,0,0,2005-2007
741615,1002225,0,0,0,2005-2007
741645,1002195,0,0,0,2005-2007
741675,1002165,0,0,0,2005-2007
741705,1002135,0,0,0,2005-2007
741735,1002135,-30,0,30,2005-2007
741765,1002105,-30,0,30,2005-2007
741765,1002075,0,0,0,2005-2007
741765,1002045,0,-30,30,2005-2007
741765,1002015,30,0,30,2005-2007
741765,1001985,30,0,30,2005-2007
741795,1001955,0,0,0,2005-2007
741795,1001925,0,0,0,2005-2007
741795,1001895,0,0,0,2005-2007
741825,1001865,-30,0,30,2005-2007
741825,1001835,-30,0,30,2005-2007
741825,1001805,-30,0,30,2005-2007
741825,1001775,-30,0,30,2005-2007
741855,1001745,-30,30,42.4264068711929,2005-2007
741855,1001715,-30,0,30,2005-2007
741855,1001685,-30,0,30,2005-2007
741855,1001655,-30,0,30,2005-2007
741855,1001625,-30,0,30,2005-2007
741855,1001595,-30,0,30,2005-2007
741885,1001565,-30,30,42.4264068711929,2005-2007
741885,1001535,-30,0,30,2005-2007
741885,1001505,-30,0,30,2005-2007
741885,1001475,-30,0,30,2005-2007
741915,1001445,-30,30,42.4264068711929,2005-2007
741915,1001415,-30,0,30,2005-2007
741915,1001385,-30,0,30,2005-2007
741915,1001355,-30,0,30,2005-2007
741915,1001325,0,0,0,2005-2007
741945,1001295,-30,0,30,2005-2007
741945,1001265,-30,0,30,2005-2007
741945,1001235,0,0,0,2005-2007
741945,1001205,0,0,0,2005-2007
741975,1001175,-30,0,30,2005-2007
741975,1001145,-30,0,30,2005-2007
741975,1001115,0,0,0,2005-2007
741975,1001085,0,0,0,2005-2007
742005,1001055,-30,0,30,2005-2007
742005,1001025,0,0,0,2005-2007
742035,1000995,-30,0,30,2005-2007
742035,1000965,-30,0,30,2005-2007
742035,1000935,0,0,0,2005-2007
742035,1000905,0,0,0,2005-2007
742065,1000875,0,0,0,2005-2007
742065,1000845,0,-30,30,2005-2007
742095,1000815,0,0,0,2005-2007
742095,1000785,0,0,0,2005-2007
742125,1000755,0,0,0,2005-2007
742155,1000725,-30,0,30,2005-2007
742155,1000695,0,0,0,2005-2007
742185,1000665,0,0,0,2005-2007
742215,1000635,-30,0,30,2005-2007
742245,1000605,-30,0,30,2005-2007
742275,1000575,-30,0,30,2005-2007
742275,1000545,0,0,0,2005-2007
742305,1000515,0,0,0,2005-2007
742305,1000485,0,-30,30,2005-2007
742335,1000455,0,0,0,2005-2007
742365,1000425,0,0,0,2005-2007
742365,1000395,0,-30,30,2005-2007
742395,1000365,0,0,0,2005-2007
742425,1000335,0,0,0,2005-2007
742455,1000305,0,-30,30,2005-2007
742485,1000275,30,-30,42.4264068711929,2005-2007
742515,1000275,0,-30,30,2005-2007
742545,1000245,0,-30,30,2005-2007
742575,1000245,0,-30,30,2005-2007
742605,1000215,0,-30,30,2005-2007
742635,1000215,0,0,0,2005-2007
742665,1000185,0,-30,30,2005-2007
742695,1000155,0,-30,30,2005-2007
742725,1000155,0,0,0,2005-2007
742755,1000125,0,-30,30,2005-2007
742785,1000125,0,0,0,2005-2007
742815,1000095,0,0,0,2005-2007
742845,1000065,0,-30,30,2005-2007
742875,1000065,0,0,0,2005-2007
742905,1000035,0,0,0,2005-2007
742935,1000035,0,0,0,2005-2007
742965,1000035,-30,0,30,2005-2007
742995,1000035,0,30,30,2005-2007
743025,1000005,-30,0,30,2005-2007
743055,999975,0,0,0,2005-2007
743085,999975,-30,0,30,2005-2007
743115,999945,0,0,0,2005-2007
743145,999915,0,0,0,2005-2007
743175,999915,0,0,0,2005-2007
743205,999885,0,0,0,2005-2007
743235,999885,0,0,0,2005-2007
743265,999855,0,0,0,2005-2007
743295,999825,0,-30,30,2005-2007
743325,999795,0,-30,30,2005-2007
743355,999795,0,-30,30,2005-2007
743385,999765,0,-30,30,2005-2007
743415,999735,30,-30,42.4264068711929,2005-2007
743445,999735,0,-30,30,2005-2007
743475,999705,0,-30,30,2005-2007
743505,999705,0,0,0,2005-2007
743535,999675,0,-30,30,2005-2007
743565,999645,0,-30,30,2005-2007
743595,999615,30,-30,42.4264068711929,2005-2007
743625,999615,0,-30,30,2005-2007
743655,999585,0,-30,30,2005-2007
743685,999585,0,0,0,2005-2007
743715,999555,0,0,0,2005-2007
743745,999525,0,-30,30,2005-2007
743775,999525,0,0,0,2005-2007
743805,999495,0,0,0,2005-2007
743835,999465,0,0,0,2005-2007
743865,999435,0,-30,30,2005-2007
743895,999405,0,-30,30,2005-2007
743925,999405,0,0,0,2005-2007
743955,999375,0,-30,30,2005-2007
743985,999345,0,-30,30,2005-2007
744015,999315,0,-30,30,2005-2007
744045,999315,0,0,0,2005-2007
744075,999285,0,0,0,2005-2007
744105,999255,0,0,0,2005-2007
744135,999225,0,-30,30,2005-2007
744165,999225,0,0,0,2005-2007
744195,999195,0,0,0,2005-2007
744225,999165,0,-30,30,2005-2007
744255,999165,0,0,0,2005-2007
744285,999135,0,0,0,2005-2007
744315,999105,0,0,0,2005-2007
744345,999075,0,0,0,2005-2007
744375,999045,0,0,0,2005-2007
744405,999045,-30,0,30,2005-2007
744435,999015,-30,0,30,2005-2007
744435,998985,0,0,0,2005-2007
744465,998955,0,0,0,2005-2007
744495,998925,0,0,0,2005-2007
744525,998895,0,-30,30,2005-2007
744555,998865,0,-30,30,2005-2007
744555,998835,30,0,30,2005-2007
744585,998805,0,0,0,2005-2007
744615,998805,-30,0,30,2005-2007
744645,998775,-30,0,30,2005-2007
744675,998745,-30,0,30,2005-2007
744705,998715,-30,0,30,2005-2007
744735,998685,-30,0,30,2005-2007
744765,998655,0,0,0,2005-2007
744765,998625,0,-30,30,2005-2007
744795,998595,0,0,0,2005-2007
744825,998565,0,0,0,2005-2007
744855,998535,0,0,0,2005-2007
744885,998535,-30,0,30,2005-2007
744915,998505,-30,0,30,2005-2007
744915,998475,0,0,0,2005-2007
744945,998445,0,0,0,2005-2007
744975,998415,-30,0,30,2005-2007
745005,998385,0,0,0,2005-2007
745035,998355,0,0,0,2005-2007
745065,998325,-30,0,30,2005-2007
745095,998295,-30,0,30,2005-2007
745125,998265,-30,0,30,2005-2007
745155,998235,-30,0,30,2005-2007
745185,998205,-30,0,30,2005-2007
745215,998175,0,0,0,2005-2007
745245,998145,0,0,0,2005-2007
745275,998115,0,0,0,2005-2007
745305,998085,0,0,0,2005-2007
745335,998085,0,0,0,2005-2007
745365,998055,0,0,0,2005-2007
745395,998025,0,-30,30,2005-2007
745425,998025,0,0,0,2005-2007
745455,997995,0,0,0,2005-2007
745485,997965,0,-30,30,2005-2007
745515,997965,0,0,0,2005-2007
745545,997935,0,-30,30,2005-2007
745575,997935,0,0,0,2005-2007
745605,997905,0,0,0,2005-2007
745635,997905,0,0,0,2005-2007
745665,997905,-30,0,30,2005-2007
745695,997875,0,0,0,2005-2007
745725,997845,0,-30,30,2005-2007
745755,997845,0,0,0,2005-2007
745785,997815,0,-30,30,2005-2007
745815,997815,0,0,0,2005-2007
745845,997785,0,-30,30,2005-2007
745875,997785,0,0,0,2005-2007
745905,997785,0,0,0,2005-2007
745935,997755,0,-30,30,2005-2007
745965,997755,0,0,0,2005-2007
745995,997755,0,0,0,2005-2007
746025,997755,-30,0,30,2005-2007
746055,997725,0,0,0,2005-2007
746085,997725,-30,0,30,2005-2007
746115,997725,0,30,30,2005-2007
746145,997695,0,0,0,2005-2007
746175,997695,0,0,0,2005-2007
746205,997695,0,0,0,2005-2007
746235,997695,-30,0,30,2005-2007
746265,997695,0,30,30,2005-2007
746295,997695,0,30,30,2005-2007
746325,997665,0,0,0,2005-2007
746355,997665,0,0,0,2005-2007
746385,997665,0,0,0,2005-2007
746415,997665,0,0,0,2005-2007
746445,997665,-30,0,30,2005-2007
746475,997665,0,30,30,2005-2007
746505,997665,0,30,30,2005-2007
746535,997635,0,0,0,2005-2007
746565,997635,0,0,0,2005-2007
746595,997635,0,0,0,2005-2007
746625,997635,0,0,0,2005-2007
746655,997635,-30,0,30,2005-2007
746685,997635,0,30,30,2005-2007
746715,997605,0,0,0,2005-2007
746745,997605,0,0,0,2005-2007
746775,997605,-30,0,30,2005-2007
746805,997605,0,30,30,2005-2007
746835,997605,0,30,30,2005-2007
746865,997605,0,30,30,2005-2007
746895,997605,0,30,30,2005-2007
746925,997605,0,30,30,2005-2007
746955,997605,0,30,30,2005-2007
746985,997575,-30,0,30,2005-2007
747015,997575,0,30,30,2005-2007
747045,997575,0,30,30,2005-2007
747075,997575,0,30,30,2005-2007
747105,997575,0,30,30,2005-2007
747135,997575,0,30,30,2005-2007
747165,997575,0,30,30,2005-2007
747195,997575,0,30,30,2005-2007
747225,997545,0,0,0,2005-2007
747255,997545,0,0,0,2005-2007
747285,997545,0,0,0,2005-2007
747315,997545,0,0,0,2005-2007
747345,997545,0,0,0,2005-2007
747375,997545,0,0,0,2005-2007
747405,997545,0,0,0,2005-2007
747435,997515,0,-30,30,2005-2007
747465,997515,0,-30,30,2005-2007
747495,997515,0,-30,30,2005-2007
747525,997515,0,-30,30,2005-2007
747555,997515,0,0,0,2005-2007
747585,997515,0,0,0,2005-2007
747615,997515,0,0,0,2005-2007
747645,997515,0,0,0,2005-2007
747675,997515,0,0,0,2005-2007
747705,997515,-30,0,30,2005-2007
747735,997515,0,30,30,2005-2007
747765,997515,0,30,30,2005-2007
747795,997515,-30,30,42.4264068711929,2005-2007
747825,997515,0,60,60,2005-2007
747855,997515,0,60,60,2005-2007
747885,997515,0,60,60,2005-2007
747915,997485,0,30,30,2005-2007
747945,997485,0,30,30,2005-2007
747975,997455,0,0,0,2005-2007
748005,997455,0,0,0,2005-2007
748035,997425,0,-30,30,2005-2007
748065,997425,0,-30,30,2005-2007
748095,997425,0,0,0,2005-2007
748125,997395,0,-30,30,2005-2007
748155,997395,0,-30,30,2005-2007
748185,997395,0,-30,30,2005-2007
748215,997365,0,-30,30,2005-2007
748245,997365,0,-30,30,2005-2007
748275,997365,0,-30,30,2005-2007
748305,997365,0,-30,30,2005-2007
748335,997365,0,-30,30,2005-2007
748365,997365,0,0,0,2005-2007
748395,997335,0,-30,30,2005-2007
748425,997335,0,-30,30,2005-2007
748455,997335,0,-30,30,2005-2007
748485,997335,0,-30,30,2005-2007
748515,997335,0,-30,30,2005-2007
748545,997335,0,-30,30,2005-2007
748575,997335,0,-30,30,2005-2007
748605,997335,-30,-30,42.4264068711929,2005-2007
748635,997335,0,-60,60,2005-2007
748665,997335,0,-60,60,2005-2007
748695,997335,0,-60,60,2005-2007
748725,997335,0,-60,60,2005-2007
748755,997365,0,-30,30,2005-2007
748785,997365,0,-30,30,2005-2007
748815,997395,0,0,0,2005-2007
748845,997395,0,0,0,2005-2007
748875,997395,0,0,0,2005-2007
748905,997395,0,0,0,2005-2007
748935,997395,0,0,0,2005-2007
748965,997395,0,0,0,2005-2007
748995,997395,0,0,0,2005-2007
749025,997395,0,0,0,2005-2007
749055,997395,0,0,0,2005-2007
749085,997395,0,0,0,2005-2007
749115,997395,0,0,0,2005-2007
749145,997395,0,0,0,2005-2007
749175,997395,0,0,0,2005-2007
749205,997395,0,0,0,2005-2007
749235,997395,0,0,0,2005-2007
749265,997395,0,0,0,2005-2007
749295,997395,0,0,0,2005-2007
749325,997395,0,0,0,2005-2007
749355,997395,0,0,0,2005-2007
749385,997395,0,0,0,2005-2007
749415,997395,0,0,0,2005-2007
749445,997395,0,0,0,2005-2007
749475,997395,0,0,0,2005-2007
749505,997395,0,0,0,2005-2007
749535,997365,0,-30,30,2005-2007
749565,997365,0,0,0,2005-2007
749595,997365,0,0,0,2005-2007
749625,997365,0,0,0,2005-2007
749655,997365,0,0,0,2005-2007
749685,997335,0,0,0,2005-2007
749715,997335,0,0,0,2005-2007
749745,997335,0,0,0,2005-2007
749775,997305,0,-30,30,2005-2007
749805,997305,0,-30,30,2005-2007
749835,997305,0,0,0,2005-2007
749865,997275,0,-30,30,2005-2007
749895,997275,0,-30,30,2005-2007
749925,997275,0,-30,30,2005-2007
749955,997275,0,0,0,2005-2007
749985,997245,0,-30,30,2005-2007
750015,997245,0,-30,30,2005-2007
750045,997245,0,0,0,2005-2007
750075,997215,0,-30,30,2005-2007
750105,997215,0,-30,30,2005-2007
750135,997215,0,0,0,2005-2007
750165,997215,0,0,0,2005-2007
750195,997185,0,-30,30,2005-2007
750225,997185,0,0,0,2005-2007
750255,997185,0,0,0,2005-2007
750285,997155,0,0,0,2005-2007
750315,997155,0,0,0,2005-2007
750345,997125,0,-30,30,2005-2007
750375,997125,0,0,0,2005-2007
750405,997095,0,-30,30,2005-2007
750435,997095,0,0,0,2005-2007
750465,997095,0,0,0,2005-2007
750495,997065,0,0,0,2005-2007
750525,997065,0,0,0,2005-2007
750555,997035,0,-30,30,2005-2007
750585,997035,0,0,0,2005-2007
750615,997005,0,0,0,2005-2007
750645,997005,0,0,0,2005-2007
750675,996975,0,-30,30,2005-2007
750705,996975,0,0,0,2005-2007
750735,996945,0,0,0,2005-2007
750765,996945,0,0,0,2005-2007
750795,996945,-30,0,30,2005-2007
750825,996915,0,0,0,2005-2007
750855,996885,0,-30,30,2005-2007
750885,996885,0,0,0,2005-2007
750915,996885,-30,0,30,2005-2007
750945,996855,0,0,0,2005-2007
750975,996825,0,-30,30,2005-2007
751005,996825,0,0,0,2005-2007
751035,996795,0,-30,30,2005-2007
751065,996795,0,0,0,2005-2007
751095,996765,0,0,0,2005-2007
751125,996765,0,0,0,2005-2007
751155,996735,0,0,0,2005-2007
751185,996735,0,0,0,2005-2007
751215,996705,0,0,0,2005-2007
751245,996705,0,0,0,2005-2007
751275,996675,0,0,0,2005-2007
751305,996675,-30,0,30,2005-2007
751335,996645,0,0,0,2005-2007
751365,996645,0,0,0,2005-2007
751395,996615,0,0,0,2005-2007
751425,996615,-30,0,30,2005-2007
751455,996615,0,30,30,2005-2007
751485,996585,-30,0,30,2005-2007
751515,996555,0,0,0,2005-2007
751545,996555,-30,0,30,2005-2007
751575,996525,-30,0,30,2005-2007
751605,996525,-30,30,42.4264068711929,2005-2007
751635,996495,0,30,30,2005-2007
751665,996465,-30,0,30,2005-2007
751695,996435,-30,0,30,2005-2007
751725,996435,-30,30,42.4264068711929,2005-2007
751755,996405,0,30,30,2005-2007
751785,996375,0,0,0,2005-2007
751815,996375,-30,0,30,2005-2007
751845,996345,-30,0,30,2005-2007
751875,996315,0,0,0,2005-2007
751905,996285,0,0,0,2005-2007
751935,996255,0,0,0,2005-2007
751965,996255,0,0,0,2005-2007
751995,996255,-30,0,30,2005-2007
752025,996225,0,0,0,2005-2007
752055,996225,-30,0,30,2005-2007
752085,996195,0,0,0,2005-2007
752115,996195,0,0,0,2005-2007
752145,996195,-30,0,30,2005-2007
752175,996165,0,0,0,2005-2007
752205,996165,-30,0,30,2005-2007
752235,996135,0,0,0,2005-2007
752265,996135,0,0,0,2005-2007
752295,996135,0,0,0,2005-2007
752325,996105,0,-30,30,2005-2007
752355,996105,0,0,0,2005-2007
752385,996105,0,0,0,2005-2007
752415,996075,0,0,0,2005-2007
752445,996075,0,0,0,2005-2007
752475,996075,0,0,0,2005-2007
752505,996075,-30,0,30,2005-2007
752535,996045,0,0,0,2005-2007
752565,996045,0,0,0,2005-2007
752595,996015,0,0,0,2005-2007
752625,996015,0,0,0,2005-2007
752655,996015,-30,0,30,2005-2007
752685,995985,0,0,0,2005-2007
752715,995985,0,0,0,2005-2007
752745,995955,0,0,0,2005-2007
752775,995955,0,0,0,2005-2007
752805,995925,0,0,0,2005-2007
752835,995895,0,0,0,2005-2007
752865,995895,0,0,0,2005-2007
752895,995895,-30,0,30,2005-2007
752925,995865,0,0,0,2005-2007
752955,995835,0,0,0,2005-2007
752985,995835,0,0,0,2005-2007
753015,995805,0,0,0,2005-2007
753045,995805,-30,0,30,2005-2007
753075,995775,0,0,0,2005-2007
753105,995745,0,0,0,2005-2007
753135,995745,0,0,0,2005-2007
753165,995715,0,0,0,2005-2007
753195,995685,0,-30,30,2005-2007
753225,995685,0,0,0,2005-2007
753255,995655,0,0,0,2005-2007
753285,995625,0,-30,30,2005-2007
753315,995625,0,0,0,2005-2007
753345,995595,0,0,0,2005-2007
753375,995565,0,-30,30,2005-2007
753405,995565,0,0,0,2005-2007
753435,995565,0,0,0,2005-2007
753465,995535,0,0,0,2005-2007
753495,995505,0,0,0,2005-2007
753525,995475,0,-30,30,2005-2007
753555,995475,0,0,0,2005-2007
753585,995445,0,0,0,2005-2007
753615,995415,0,-30,30,2005-2007
753645,995385,0,-30,30,2005-2007
753675,995385,0,0,0,2005-2007
753705,995355,0,0,0,2005-2007
753735,995325,0,-30,30,2005-2007
753765,995325,0,0,0,2005-2007
753795,995325,0,0,0,2005-2007
753825,995295,0,0,0,2005-2007
753855,995295,-30,0,30,2005-2007
753885,995265,0,0,0,2005-2007
753915,995235,0,-30,30,2005-2007
753945,995235,0,0,0,2005-2007
753975,995235,0,0,0,2005-2007
754005,995205,0,-30,30,2005-2007
754035,995205,0,0,0,2005-2007
754065,995175,0,0,0,2005-2007
754095,995175,-30,0,30,2005-2007
754125,995175,0,30,30,2005-2007
754155,995145,-30,0,30,2005-2007
754185,995115,0,0,0,2005-2007
754215,995115,0,0,0,2005-2007
754245,995115,0,0,0,2005-2007
754275,995085,0,0,0,2005-2007
754305,995085,0,0,0,2005-2007
754335,995085,0,0,0,2005-2007
754365,995055,0,-30,30,2005-2007
754395,995055,0,-30,30,2005-2007
754425,995055,0,-30,30,2005-2007
754455,995055,0,0,0,2005-2007
754485,995025,0,-30,30,2005-2007
754515,995025,0,-30,30,2005-2007
754545,995025,0,0,0,2005-2007
754575,995025,0,0,0,2005-2007
754605,995025,0,0,0,2005-2007
754635,995025,0,0,0,2005-2007
754665,995025,0,0,0,2005-2007
754695,994995,0,-30,30,2005-2007
754725,994995,0,0,0,2005-2007
754755,994995,0,0,0,2005-2007
754785,994995,0,0,0,2005-2007
754815,994995,0,0,0,2005-2007
754845,994965,0,-30,30,2005-2007
754875,994965,0,0,0,2005-2007
754905,994965,0,0,0,2005-2007
754935,994965,0,0,0,2005-2007
754965,994965,0,0,0,2005-2007
754995,994965,0,0,0,2005-2007
755025,994965,0,0,0,2005-2007
755055,994965,0,0,0,2005-2007
755085,994965,0,0,0,2005-2007
755115,994965,0,0,0,2005-2007
755145,994965,0,0,0,2005-2007
755175,994965,0,0,0,2005-2007
755205,994965,0,0,0,2005-2007
755235,994965,0,0,0,2005-2007
755265,994965,0,0,0,2005-2007
755295,994965,0,0,0,2005-2007
755325,994965,0,0,0,2005-2007
755355,994965,0,0,0,2005-2007
755385,994995,0,30,30,2005-2007
755415,994995,0,30,30,2005-2007
755445,994995,0,30,30,2005-2007
755475,994995,0,30,30,2005-2007
755505,994995,0,0,0,2005-2007
755535,994995,0,0,0,2005-2007
755565,995025,0,30,30,2005-2007
755595,995025,0,30,30,2005-2007
755625,995025,0,30,30,2005-2007
755655,995025,0,0,0,2005-2007
755685,995025,0,0,0,2005-2007
755715,995025,0,0,0,2005-2007
755745,995025,0,0,0,2005-2007
755775,995055,0,0,0,2005-2007
755805,995055,0,0,0,2005-2007
755835,995055,0,0,0,2005-2007
755865,995085,0,0,0,2005-2007
755895,995085,-30,0,30,2005-2007
755925,995115,0,0,0,2005-2007
755955,995115,-30,0,30,2005-2007
755985,995145,0,0,0,2005-2007
756015,995145,-30,0,30,2005-2007
756045,995145,0,-30,30,2005-2007
756075,995175,-30,0,30,2005-2007
756105,995175,0,-30,30,2005-2007
756135,995175,0,-30,30,2005-2007
756165,995205,-30,0,30,2005-2007
756195,995205,0,-30,30,2005-2007
756225,995205,0,-30,30,2005-2007
756255,995235,-30,0,30,2005-2007
756285,995235,0,-30,30,2005-2007
756315,995235,0,-30,30,2005-2007
756345,995265,0,0,0,2005-2007
756375,995265,0,0,0,2005-2007
756405,995265,-30,0,30,2005-2007
756435,995295,0,0,0,2005-2007
756465,995295,0,0,0,2005-2007
756495,995295,-30,0,30,2005-2007
756525,995325,0,0,0,2005-2007
756555,995325,0,0,0,2005-2007
756585,995325,0,0,0,2005-2007
756615,995355,0,0,0,2005-2007
756645,995355,0,0,0,2005-2007
756675,995385,0,30,30,2005-2007
756705,995385,0,0,0,2005-2007
756735,995415,0,30,30,2005-2007
756765,995415,0,30,30,2005-2007
756795,995415,0,0,0,2005-2007
756825,995445,0,30,30,2005-2007
756855,995445,0,30,30,2005-2007
756885,995445,0,30,30,2005-2007
756915,995475,0,30,30,2005-2007
756945,995475,0,30,30,2005-2007
756975,995475,0,30,30,2005-2007
757005,995505,0,30,30,2005-2007
757035,995505,0,30,30,2005-2007
757065,995535,0,30,30,2005-2007
757095,995535,0,30,30,2005-2007
757125,995535,0,30,30,2005-2007
757155,995565,0,30,30,2005-2007
757185,995565,0,30,30,2005-2007
757215,995565,0,0,0,2005-2007
757245,995595,0,30,30,2005-2007
757275,995595,0,30,30,2005-2007
757305,995595,0,30,30,2005-2007
757335,995595,0,0,0,2005-2007
757365,995625,0,30,30,2005-2007
757395,995625,0,0,0,2005-2007
757425,995655,0,30,30,2005-2007
757455,995655,0,30,30,2005-2007
757485,995655,0,30,30,2005-2007
757515,995655,0,30,30,2005-2007
757545,995685,0,30,30,2005-2007
757575,995685,0,30,30,2005-2007
757605,995685,0,30,30,2005-2007
757635,995685,0,30,30,2005-2007
757665,995685,0,30,30,2005-2007
757695,995685,0,30,30,2005-2007
757725,995685,0,30,30,2005-2007
757755,995685,0,0,0,2005-2007
757785,995685,0,0,0,2005-2007
757815,995685,0,0,0,2005-2007
757845,995685,0,0,0,2005-2007
757875,995685,0,0,0,2005-2007
757905,995685,0,0,0,2005-2007
757935,995685,0,0,0,2005-2007
757965,995685,0,0,0,2005-2007
757995,995685,0,0,0,2005-2007
758025,995685,-30,0,30,2005-2007
758055,995685,0,-30,30,2005-2007
758085,995685,0,-30,30,2005-2007
758115,995685,0,-30,30,2005-2007
758145,995685,0,-30,30,2005-2007
758175,995685,0,-30,30,2005-2007
758205,995685,0,-30,30,2005-2007
758235,995685,0,-30,30,2005-2007
758265,995685,0,-30,30,2005-2007
758295,995715,0,0,0,2005-2007
758325,995715,0,0,0,2005-2007
758355,995715,0,0,0,2005-2007
758385,995715,0,0,0,2005-2007
758415,995715,0,0,0,2005-2007
758445,995715,0,0,0,2005-2007
758475,995715,0,0,0,2005-2007
758505,995715,-30,0,30,2005-2007
758535,995715,0,-30,30,2005-2007
758565,995715,0,-30,30,2005-2007
758595,995715,0,-30,30,2005-2007
758625,995715,0,-30,30,2005-2007
758655,995715,0,-30,30,2005-2007
758685,995745,0,0,0,2005-2007
758715,995745,0,0,0,2005-2007
758745,995745,0,0,0,2005-2007
758775,995745,0,0,0,2005-2007
758805,995745,0,0,0,2005-2007
758835,995745,0,0,0,2005-2007
758865,995745,0,0,0,2005-2007
758895,995745,0,0,0,2005-2007
758925,995745,0,0,0,2005-2007
758955,995715,0,0,0,2005-2007
758985,995715,0,0,0,2005-2007
759015,995715,0,0,0,2005-2007
759045,995715,0,0,0,2005-2007
759075,995715,0,0,0,2005-2007
759105,995715,0,0,0,2005-2007
759135,995715,0,0,0,2005-2007
759165,995685,0,-30,30,2005-2007
759195,995685,0,-30,30,2005-2007
759225,995685,0,-30,30,2005-2007
759255,995685,0,0,0,2005-2007
759285,995685,0,0,0,2005-2007
759315,995685,0,0,0,2005-2007
759345,995685,-30,0,30,2005-2007
759375,995655,0,0,0,2005-2007
759405,995655,0,0,0,2005-2007
759435,995655,0,0,0,2005-2007
759465,995625,0,0,0,2005-2007
759495,995625,-30,0,30,2005-2007
759525,995595,0,0,0,2005-2007
759555,995595,0,0,0,2005-2007
759585,995595,0,0,0,2005-2007
759615,995565,0,0,0,2005-2007
759645,995565,0,0,0,2005-2007
759675,995535,0,-30,30,2005-2007
759705,995535,0,0,0,2005-2007
759735,995535,0,0,0,2005-2007
759765,995505,0,0,0,2005-2007
759795,995505,0,0,0,2005-2007
759825,995475,0,-30,30,2005-2007
759855,995475,0,0,0,2005-2007
759885,995445,0,-30,30,2005-2007
759915,995445,0,0,0,2005-2007
759945,995415,0,0,0,2005-2007
759975,995415,0,0,0,2005-2007
760005,995415,-30,0,30,2005-2007
760035,995385,-30,0,30,2005-2007
760065,995355,0,0,0,2005-2007
760095,995325,0,0,0,2005-2007
760125,995325,-30,0,30,2005-2007
760155,995295,0,0,0,2005-2007
760185,995265,0,0,0,2005-2007
760215,995235,0,0,0,2005-2007
760245,995235,-30,0,30,2005-2007
760275,995235,0,30,30,2005-2007
760305,995205,0,0,0,2005-2007
760335,995205,-30,0,30,2005-2007
760365,995175,0,0,0,2005-2007
760395,995145,0,0,0,2005-2007
760425,995145,-30,0,30,2005-2007
760455,995115,0,0,0,2005-2007
760485,995085,0,0,0,2005-2007
760515,995055,0,0,0,2005-2007
760545,995055,-30,0,30,2005-2007
760575,995025,-30,0,30,2005-2007
760605,994995,0,0,0,2005-2007
760635,994995,-30,0,30,2005-2007
760665,994965,-30,0,30,2005-2007
760695,994935,-30,0,30,2005-2007
760725,994935,0,30,30,2005-2007
760755,994905,-30,0,30,2005-2007
760785,994905,-30,30,42.4264068711929,2005-2007
760815,994875,-30,30,42.4264068711929,2005-2007
760845,994845,-30,30,42.4264068711929,2005-2007
760875,994845,-60,30,67.0820393249937,2005-2007
760905,994845,-60,60,84.8528137423857,2005-2007
760935,994815,0,60,60,2005-2007
760935,994785,0,30,30,2005-2007
760935,994755,0,0,0,2005-2007
760965,994725,0,0,0,2005-2007
760995,994725,0,0,0,2005-2007
761025,994725,-30,0,30,2005-2007
761055,994695,0,0,0,2005-2007
761085,994665,0,0,0,2005-2007
761115,994635,0,-30,30,2005-2007
761145,994635,0,0,0,2005-2007
761175,994605,0,-30,30,2005-2007
761205,994575,0,-30,30,2005-2007
761235,994575,0,-30,30,2005-2007
761265,994545,0,-30,30,2005-2007
761295,994515,0,-30,30,2005-2007
761325,994515,0,0,0,2005-2007
761355,994485,0,-30,30,2005-2007
761385,994455,0,-30,30,2005-2007
761415,994455,0,0,0,2005-2007
761445,994425,0,-30,30,2005-2007
761475,994395,0,-30,30,2005-2007
761505,994365,0,-30,30,2005-2007
761535,994365,0,-30,30,2005-2007
761565,994335,0,-30,30,2005-2007
761595,994305,30,-30,42.4264068711929,2005-2007
761625,994305,0,-30,30,2005-2007
761655,994275,0,-30,30,2005-2007
761685,994245,30,-30,42.4264068711929,2005-2007
761715,994245,0,-30,30,2005-2007
761745,994245,0,-30,30,2005-2007
761775,994215,0,-30,30,2005-2007
761805,994185,0,-30,30,2005-2007
761835,994155,0,-30,30,2005-2007
761865,994155,0,0,0,2005-2007
761895,994125,0,0,0,2005-2007
761925,994095,0,-30,30,2005-2007
761955,994065,0,-30,30,2005-2007
761985,994065,0,0,0,2005-2007
762015,994035,0,-30,30,2005-2007
762045,994005,0,-30,30,2005-2007
762075,993975,0,-30,30,2005-2007
762105,993975,0,0,0,2005-2007
762135,993945,0,0,0,2005-2007
762165,993915,0,-30,30,2005-2007
762195,993915,0,0,0,2005-2007
762225,993885,0,0,0,2005-2007
762255,993855,0,0,0,2005-2007
762285,993855,-30,0,30,2005-2007
762315,993825,0,0,0,2005-2007
762345,993795,0,0,0,2005-2007
762375,993795,0,0,0,2005-2007
762405,993765,0,0,0,2005-2007
762435,993765,-30,0,30,2005-2007
762465,993735,-30,0,30,2005-2007
762495,993705,0,0,0,2005-2007
762525,993705,-30,0,30,2005-2007
762555,993675,0,0,0,2005-2007
762585,993675,0,0,0,2005-2007
762615,993645,0,0,0,2005-2007
762645,993645,0,0,0,2005-2007
762675,993645,0,0,0,2005-2007
762705,993645,0,0,0,2005-2007
762735,993645,0,0,0,2005-2007
762765,993615,0,-30,30,2005-2007
762795,993615,0,-30,30,2005-2007
762825,993615,0,-30,30,2005-2007
762855,993615,0,-30,30,2005-2007
762885,993615,0,-30,30,2005-2007
762915,993615,0,-30,30,2005-2007
762945,993615,0,-30,30,2005-2007
762975,993615,0,-30,30,2005-2007
763005,993615,0,-30,30,2005-2007
763035,993615,0,-30,30,2005-2007
763065,993615,0,-30,30,2005-2007
763095,993615,0,-30,30,2005-2007
763125,993615,0,-30,30,2005-2007
763155,993615,0,-30,30,2005-2007
763185,993615,0,-30,30,2005-2007
763215,993615,0,-30,30,2005-2007
763245,993615,0,0,0,2005-2007
763275,993615,0,0,0,2005-2007
763305,993615,0,0,0,2005-2007
763335,993615,0,0,0,2005-2007
763365,993585,0,-30,30,2005-2007
763395,993585,0,-30,30,2005-2007
763425,993585,0,-30,30,2005-2007
763455,993585,0,0,0,2005-2007
763485,993585,0,0,0,2005-2007
763515,993585,0,0,0,2005-2007
763545,993585,0,0,0,2005-2007
763575,993555,0,-30,30,2005-2007
763605,993555,0,-30,30,2005-2007
763635,993555,0,-30,30,2005-2007
763665,993555,0,0,0,2005-2007
763695,993555,0,0,0,2005-2007
763725,993555,0,0,0,2005-2007
763755,993555,0,0,0,2005-2007
763785,993555,0,0,0,2005-2007
763815,993555,0,0,0,2005-2007
763845,993555,-30,0,30,2005-2007
763875,993555,0,30,30,2005-2007
763905,993555,0,30,30,2005-2007
763935,993555,0,30,30,2005-2007
763965,993555,0,30,30,2005-2007
763995,993555,0,30,30,2005-2007
764025,993525,0,0,0,2005-2007
764055,993525,-30,0,30,2005-2007
764085,993525,0,30,30,2005-2007
764115,993525,0,30,30,2005-2007
764145,993495,0,0,0,2005-2007
764175,993495,0,0,0,2005-2007
764205,993495,0,0,0,2005-2007
764235,993465,0,-30,30,2005-2007
764265,993435,0,-60,60,2005-2007
764295,993435,0,-60,60,2005-2007
764325,993405,0,-90,90,2005-2007
764355,993405,0,-90,90,2005-2007
764385,993405,60,-60,84.8528137423857,2005-2007
764415,993405,30,-60,67.0820393249937,2005-2007
764445,993405,0,-60,60,2005-2007
764475,993405,0,-60,60,2005-2007
764505,993405,0,-60,60,2005-2007
764535,993405,0,-60,60,2005-2007
764565,993405,0,-60,60,2005-2007
764595,993405,0,-60,60,2005-2007
764625,993405,0,-60,60,2005-2007
764655,993405,0,-60,60,2005-2007
764685,993405,0,-60,60,2005-2007
764715,993405,0,-60,60,2005-2007
764745,993405,0,-60,60,2005-2007
764775,993405,0,-60,60,2005-2007
764805,993405,0,-60,60,2005-2007
764835,993405,0,-60,60,2005-2007
764865,993405,0,-60,60,2005-2007
764895,993405,0,-60,60,2005-2007
764925,993405,0,-60,60,2005-2007
764955,993405,0,-60,60,2005-2007
764985,993405,0,-60,60,2005-2007
765015,993405,0,-60,60,2005-2007
765045,993405,0,-60,60,2005-2007
765075,993405,0,-60,60,2005-2007
765105,993405,0,-60,60,2005-2007
765135,993405,0,-60,60,2005-2007
765165,993435,0,-30,30,2005-2007
765195,993435,0,-30,30,2005-2007
765225,993435,0,-30,30,2005-2007
765255,993435,0,-30,30,2005-2007
765285,993435,0,-30,30,2005-2007
765315,993435,-30,-30,42.4264068711929,2005-2007
765345,993435,0,-60,60,2005-2007
765375,993435,0,-60,60,2005-2007
765405,993435,0,-60,60,2005-2007
765435,993435,0,-60,60,2005-2007
765465,993435,0,-60,60,2005-2007
765495,993435,0,-60,60,2005-2007
765525,993465,-30,-30,42.4264068711929,2005-2007
765555,993465,0,-60,60,2005-2007
765585,993495,0,-30,30,2005-2007
765615,993495,0,-30,30,2005-2007
765645,993495,0,-30,30,2005-2007
765675,993525,-30,0,30,2005-2007
765705,993525,0,-30,30,2005-2007
765735,993555,0,0,0,2005-2007
765765,993555,0,0,0,2005-2007
765795,993585,0,30,30,2005-2007
765825,993585,0,0,0,2005-2007
765855,993585,0,0,0,2005-2007
765885,993585,0,0,0,2005-2007
765915,993585,0,0,0,2005-2007
765945,993585,0,0,0,2005-2007
765975,993585,0,0,0,2005-2007
766005,993585,0,0,0,2005-2007
766035,993585,0,0,0,2005-2007
766065,993585,0,0,0,2005-2007
766095,993585,0,0,0,2005-2007
766125,993585,0,0,0,2005-2007
766155,993585,0,0,0,2005-2007
766185,993585,0,0,0,2005-2007
766215,993585,0,0,0,2005-2007
766245,993585,0,0,0,2005-2007
766275,993585,0,0,0,2005-2007
766305,993585,0,0,0,2005-2007
766335,993615,0,30,30,2005-2007
766365,993615,0,30,30,2005-2007
766395,993615,0,30,30,2005-2007
766425,993615,0,0,0,2005-2007
766455,993645,0,30,30,2005-2007
766485,993645,0,30,30,2005-2007
766515,993645,0,30,30,2005-2007
766545,993645,0,30,30,2005-2007
766575,993645,0,30,30,2005-2007
766605,993645,0,30,30,2005-2007
766635,993645,0,30,30,2005-2007
766665,993615,0,0,0,2005-2007
766695,993615,0,0,0,2005-2007
766725,993585,0,-30,30,2005-2007
766755,993585,0,-30,30,2005-2007
766785,993585,0,-30,30,2005-2007
766815,993555,0,-60,60,2005-2007
766845,993555,0,-60,60,2005-2007
766875,993555,-30,-60,67.0820393249937,2005-2007
766905,993555,-60,-60,84.8528137423857,2005-2007
766935,993555,0,-90,90,2005-2007
766965,993555,0,-90,90,2005-2007
766995,993555,0,-90,90,2005-2007
767025,993555,0,-90,90,2005-2007
767055,993555,0,-90,90,2005-2007
767085,993585,0,-60,60,2005-2007
767115,993585,0,-60,60,2005-2007
767145,993615,0,-30,30,2005-2007
767175,993615,0,-30,30,2005-2007
767205,993645,0,0,0,2005-2007
767235,993645,0,0,0,2005-2007
767265,993645,0,0,0,2005-2007
767295,993645,0,0,0,2005-2007
767325,993645,0,0,0,2005-2007
767355,993645,0,0,0,2005-2007
767385,993645,-30,0,30,2005-2007
767415,993615,0,0,0,2005-2007
767445,993615,0,0,0,2005-2007
767475,993615,-30,0,30,2005-2007
767505,993585,0,0,0,2005-2007
767535,993585,0,0,0,2005-2007
767565,993585,-30,0,30,2005-2007
767595,993555,0,0,0,2005-2007
767625,993555,-30,0,30,2005-2007
767655,993525,0,0,0,2005-2007
767685,993525,0,0,0,2005-2007
767715,993525,-30,0,30,2005-2007
767745,993495,0,0,0,2005-2007
767775,993495,-30,0,30,2005-2007
767805,993465,0,0,0,2005-2007
767835,993465,-30,0,30,2005-2007
767865,993465,0,30,30,2005-2007
767895,993435,0,0,0,2005-2007
767925,993405,0,0,0,2005-2007
767955,993405,0,0,0,2005-2007
767985,993405,0,0,0,2005-2007
768015,993375,0,0,0,2005-2007
768045,993375,0,0,0,2005-2007
768075,993345,0,0,0,2005-2007
768105,993345,0,0,0,2005-2007
768135,993345,0,0,0,2005-2007
768165,993315,0,0,0,2005-2007
768195,993315,0,0,0,2005-2007
768225,993315,0,0,0,2005-2007
768255,993315,0,0,0,2005-2007
768285,993285,0,0,0,2005-2007
768315,993285,0,0,0,2005-2007
768345,993285,0,0,0,2005-2007
768375,993285,0,0,0,2005-2007
768405,993255,0,0,0,2005-2007
768435,993255,0,0,0,2005-2007
768465,993255,0,0,0,2005-2007
768495,993225,0,-30,30,2005-2007
768525,993225,0,0,0,2005-2007
768555,993225,0,0,0,2005-2007
768585,993195,0,-30,30,2005-2007
768615,993195,0,-30,30,2005-2007
768645,993195,0,-30,30,2005-2007
768675,993195,0,0,0,2005-2007
768705,993165,0,-30,30,2005-2007
768735,993165,0,-30,30,2005-2007
768765,993165,0,-30,30,2005-2007
768795,993135,0,-30,30,2005-2007
768825,993135,0,-30,30,2005-2007
768855,993135,0,-30,30,2005-2007
768885,993105,0,-30,30,2005-2007
768915,993105,0,-30,30,2005-2007
768945,993105,0,-30,30,2005-2007
768975,993075,0,-30,30,2005-2007
769005,993075,0,-30,30,2005-2007
769035,993075,0,-30,30,2005-2007
769065,993075,0,0,0,2005-2007
769095,993045,0,0,0,2005-2007
769125,993045,0,0,0,2005-2007
769155,993015,0,0,0,2005-2007
769185,992985,0,0,0,2005-2007
769215,992955,0,0,0,2005-2007
769245,992955,-30,0,30,2005-2007
769275,992925,-30,0,30,2005-2007
769305,992895,-30,0,30,2005-2007
769335,992865,-30,0,30,2005-2007
769365,992865,0,30,30,2005-2007
769395,992835,-30,0,30,2005-2007
769395,992805,0,0,0,2005-2007
769425,992775,-30,0,30,2005-2007
769455,992745,-30,0,30,2005-2007
769485,992715,-30,0,30,2005-2007
769515,992685,-30,30,42.4264068711929,2005-2007
769515,992655,-30,0,30,2005-2007
769545,992625,-30,0,30,2005-2007
769575,992595,-30,0,30,2005-2007
769605,992565,-30,0,30,2005-2007
769605,992535,-30,0,30,2005-2007
769635,992505,-30,0,30,2005-2007
769665,992475,-30,0,30,2005-2007
769695,992445,-30,0,30,2005-2007
769725,992415,-30,0,30,2005-2007
769725,992385,-30,0,30,2005-2007
769755,992355,-30,0,30,2005-2007
769785,992325,-30,0,30,2005-2007
769815,992295,-30,0,30,2005-2007
769845,992265,-30,0,30,2005-2007
769875,992235,-30,30,42.4264068711929,2005-2007
769875,992205,-30,0,30,2005-2007
769905,992175,-30,0,30,2005-2007
769935,992145,-30,0,30,2005-2007
769965,992115,-30,30,42.4264068711929,2005-2007
769965,992085,-30,0,30,2005-2007
769995,992055,-30,0,30,2005-2007
770025,992025,-30,0,30,2005-2007
770055,991995,-30,0,30,2005-2007
770085,991965,-30,0,30,2005-2007
770115,991935,-30,0,30,2005-2007
770115,991905,0,0,0,2005-2007
770145,991875,0,0,0,2005-2007
770175,991845,0,0,0,2005-2007
770175,991815,0,-30,30,2005-2007
770205,991785,0,-30,30,2005-2007
770235,991755,0,0,0,2005-2007
770265,991725,0,0,0,2005-2007
770295,991695,0,0,0,2005-2007
770325,991665,0,0,0,2005-2007
770355,991635,0,0,0,2005-2007
770355,991605,0,-30,30,2005-2007
770385,991575,0,-30,30,2005-2007
770415,991545,0,-30,30,2005-2007
770445,991515,0,-30,30,2005-2007
770445,991485,30,0,30,2005-2007
770475,991455,0,-30,30,2005-2007
770505,991425,0,0,0,2005-2007
770535,991395,0,0,0,2005-2007
770565,991395,-30,0,30,2005-2007
770595,991365,-30,0,30,2005-2007
770595,991335,-30,0,30,2005-2007
770625,991305,-30,0,30,2005-2007
770655,991275,-30,30,42.4264068711929,2005-2007
770685,991245,-30,30,42.4264068711929,2005-2007
770715,991215,-30,30,42.4264068711929,2005-2007
770745,991185,-60,0,60,2005-2007
770775,991185,-60,60,84.8528137423857,2005-2007
770805,991155,-60,60,84.8528137423857,2005-2007
770805,991125,-60,30,67.0820393249937,2005-2007
770835,991095,-60,60,84.8528137423857,2005-2007
770865,991065,-30,60,67.0820393249937,2005-2007
770895,991035,-60,30,67.0820393249937,2005-2007
770895,991005,-30,30,42.4264068711929,2005-2007
770925,990975,-60,0,60,2005-2007
770955,990945,-60,30,67.0820393249937,2005-2007
770985,990915,0,60,60,2005-2007
770985,990885,0,30,30,2005-2007
771015,990855,-30,0,30,2005-2007
771045,990825,-30,0,30,2005-2007
771075,990795,-30,0,30,2005-2007
771105,990765,-30,0,30,2005-2007
771135,990735,-30,0,30,2005-2007
771165,990705,-30,0,30,2005-2007
771195,990675,-30,0,30,2005-2007
771225,990645,0,0,0,2005-2007
771255,990615,0,0,0,2005-2007
771285,990585,0,0,0,2005-2007
771315,990555,0,0,0,2005-2007
771345,990525,0,0,0,2005-2007
771375,990495,0,0,0,2005-2007
771405,990465,0,0,0,2005-2007
771435,990435,0,-30,30,2005-2007
771465,990405,0,-30,30,2005-2007
771495,990375,0,-30,30,2005-2007
771525,990375,0,0,0,2005-2007
771555,990345,0,0,0,2005-2007
771585,990315,0,-30,30,2005-2007
771615,990315,0,0,0,2005-2007
771645,990285,0,0,0,2005-2007
771675,990255,0,0,0,2005-2007
771705,990255,-30,0,30,2005-2007
771735,990225,0,0,0,2005-2007
771765,990195,0,0,0,2005-2007
771795,990195,0,0,0,2005-2007
771825,990165,0,0,0,2005-2007
771855,990135,0,-30,30,2005-2007
771885,990135,0,0,0,2005-2007
771915,990105,0,-30,30,2005-2007
771945,990105,0,0,0,2005-2007
771975,990075,0,0,0,2005-2007
772005,990075,0,0,0,2005-2007
772035,990045,0,0,0,2005-2007
772065,990045,0,0,0,2005-2007
772095,990015,0,0,0,2005-2007
772125,990015,0,0,0,2005-2007
772155,989985,0,-30,30,2005-2007
772185,989955,0,-30,30,2005-2007
772215,989955,0,-30,30,2005-2007
772245,989925,0,-30,30,2005-2007
772275,989925,0,-30,30,2005-2007
772305,989895,0,-30,30,2005-2007
772335,989895,0,-30,30,2005-2007
772365,989865,0,-30,30,2005-2007
772395,989865,0,0,0,2005-2007
772425,989835,0,-30,30,2005-2007
772455,989835,0,0,0,2005-2007
772485,989805,0,-30,30,2005-2007
772515,989775,0,-30,30,2005-2007
772545,989775,0,-30,30,2005-2007
772575,989775,0,0,0,2005-2007
772605,989745,0,-30,30,2005-2007
772635,989715,0,-30,30,2005-2007
730725,1010925,0,-30,30,2007-2009
730755,1010895,0,0,0,2007-2009
730785,1010865,0,0,0,2007-2009
730815,1010835,0,0,0,2007-2009
730845,1010835,0,0,0,2007-2009
730875,1010805,0,-30,30,2007-2009
730905,1010805,0,0,0,2007-2009
730935,1010775,0,-30,30,2007-2009
730965,1010775,0,0,0,2007-2009
730995,1010745,0,-30,30,2007-2009
731025,1010745,0,0,0,2007-2009
731055,1010715,0,0,0,2007-2009
731085,1010715,-30,0,30,2007-2009
731115,1010685,0,0,0,2007-2009
731145,1010685,0,0,0,2007-2009
731175,1010655,0,0,0,2007-2009
731205,1010655,0,0,0,2007-2009
731235,1010625,0,0,0,2007-2009
731265,1010595,0,-30,30,2007-2009
731295,1010595,0,-30,30,2007-2009
731325,1010595,0,0,0,2007-2009
731355,1010565,0,-30,30,2007-2009
731385,1010535,30,-30,42.4264068711929,2007-2009
731415,1010535,0,-30,30,2007-2009
731445,1010535,0,0,0,2007-2009
731475,1010505,0,-30,30,2007-2009
731505,1010505,0,0,0,2007-2009
731535,1010505,0,0,0,2007-2009
731565,1010475,0,0,0,2007-2009
731595,1010445,0,-30,30,2007-2009
731625,1010445,0,0,0,2007-2009
731655,1010445,-30,0,30,2007-2009
731685,1010415,0,0,0,2007-2009
731715,1010415,0,0,0,2007-2009
731745,1010415,-30,0,30,2007-2009
731775,1010385,0,0,0,2007-2009
731805,1010385,-30,0,30,2007-2009
731835,1010355,0,0,0,2007-2009
731865,1010355,0,0,0,2007-2009
731895,1010355,0,0,0,2007-2009
731925,1010325,0,0,0,2007-2009
731955,1010325,0,0,0,2007-2009
731985,1010325,0,0,0,2007-2009
732015,1010325,0,0,0,2007-2009
732045,1010325,0,0,0,2007-2009
732075,1010325,0,0,0,2007-2009
732105,1010325,0,0,0,2007-2009
732135,1010295,0,0,0,2007-2009
732165,1010295,0,0,0,2007-2009
732195,1010295,0,0,0,2007-2009
732225,1010295,0,0,0,2007-2009
732255,1010295,0,0,0,2007-2009
732285,1010295,0,0,0,2007-2009
732315,1010295,0,0,0,2007-2009
732345,1010265,0,-30,30,2007-2009
732375,1010265,0,-30,30,2007-2009
732405,1010265,0,0,0,2007-2009
732435,1010265,0,0,0,2007-2009
732465,1010265,0,0,0,2007-2009
732495,1010265,0,0,0,2007-2009
732525,1010265,0,0,0,2007-2009
732555,1010235,0,-30,30,2007-2009
732585,1010235,0,-30,30,2007-2009
732615,1010235,0,-30,30,2007-2009
732645,1010235,0,-30,30,2007-2009
732675,1010235,0,-30,30,2007-2009
732705,1010235,0,-30,30,2007-2009
732735,1010235,0,-30,30,2007-2009
732765,1010235,0,-30,30,2007-2009
732795,1010235,0,0,0,2007-2009
732825,1010235,0,0,0,2007-2009
732855,1010235,0,0,0,2007-2009
732885,1010205,0,-30,30,2007-2009
732915,1010205,0,-30,30,2007-2009
732945,1010205,0,0,0,2007-2009
732975,1010175,0,-30,30,2007-2009
733005,1010175,0,-30,30,2007-2009
733035,1010175,0,0,0,2007-2009
733065,1010175,0,0,0,2007-2009
733095,1010175,0,0,0,2007-2009
733125,1010145,0,-30,30,2007-2009
733155,1010145,0,0,0,2007-2009
733185,1010145,0,0,0,2007-2009
733215,1010115,0,0,0,2007-2009
733245,1010115,0,0,0,2007-2009
733275,1010115,0,0,0,2007-2009
733305,1010085,0,0,0,2007-2009
733335,1010085,0,0,0,2007-2009
733365,1010085,0,0,0,2007-2009
733395,1010055,0,0,0,2007-2009
733425,1010055,0,0,0,2007-2009
733455,1010025,0,-30,30,2007-2009
733485,1010025,0,-30,30,2007-2009
733515,1009995,0,-30,30,2007-2009
733545,1009995,0,-30,30,2007-2009
733575,1009995,0,-30,30,2007-2009
733605,1009995,0,-30,30,2007-2009
733635,1009995,0,0,0,2007-2009
733665,1009995,0,0,0,2007-2009
733695,1009965,0,-30,30,2007-2009
733725,1009965,0,0,0,2007-2009
733755,1009965,0,0,0,2007-2009
733785,1009965,-30,0,30,2007-2009
733815,1009935,0,0,0,2007-2009
733845,1009935,0,0,0,2007-2009
733875,1009935,-30,0,30,2007-2009
733905,1009905,0,0,0,2007-2009
733935,1009905,0,0,0,2007-2009
733965,1009875,0,0,0,2007-2009
733995,1009875,0,0,0,2007-2009
734025,1009845,0,0,0,2007-2009
734055,1009845,0,0,0,2007-2009
734085,1009845,-30,0,30,2007-2009
734115,1009845,0,30,30,2007-2009
734145,1009815,0,0,0,2007-2009
734175,1009815,-30,0,30,2007-2009
734205,1009785,0,0,0,2007-2009
734235,1009785,0,0,0,2007-2009
734265,1009755,0,-30,30,2007-2009
734295,1009755,0,-30,30,2007-2009
734325,1009755,0,-30,30,2007-2009
734355,1009725,0,-60,60,2007-2009
734385,1009725,30,-30,42.4264068711929,2007-2009
734415,1009725,0,-30,30,2007-2009
734445,1009695,30,-30,42.4264068711929,2007-2009
734475,1009695,0,-30,30,2007-2009
734505,1009695,0,-30,30,2007-2009
734535,1009695,0,-30,30,2007-2009
734565,1009665,0,-60,60,2007-2009
734595,1009665,0,-60,60,2007-2009
734625,1009665,0,-60,60,2007-2009
734655,1009635,60,-60,84.8528137423857,2007-2009
734685,1009635,30,-60,67.0820393249937,2007-2009
734715,1009635,0,-60,60,2007-2009
734745,1009605,30,-60,67.0820393249937,2007-2009
734775,1009605,0,-60,60,2007-2009
734805,1009605,0,-60,60,2007-2009
734835,1009605,0,-60,60,2007-2009
734865,1009575,60,-60,84.8528137423857,2007-2009
734895,1009575,30,-60,67.0820393249937,2007-2009
734925,1009575,0,-60,60,2007-2009
734955,1009545,60,-60,84.8528137423857,2007-2009
734985,1009545,30,-60,67.0820393249937,2007-2009
735015,1009545,0,-60,60,2007-2009
735045,1009515,30,-60,67.0820393249937,2007-2009
735075,1009515,0,-60,60,2007-2009
735105,1009515,30,-30,42.4264068711929,2007-2009
735135,1009485,0,-60,60,2007-2009
735165,1009485,0,-60,60,2007-2009
735195,1009485,30,-30,42.4264068711929,2007-2009
735225,1009455,0,-60,60,2007-2009
735255,1009455,0,-60,60,2007-2009
735285,1009455,0,-60,60,2007-2009
735315,1009455,30,-30,42.4264068711929,2007-2009
735345,1009455,0,-30,30,2007-2009
735375,1009425,30,-30,42.4264068711929,2007-2009
735405,1009425,0,-30,30,2007-2009
735435,1009395,30,-30,42.4264068711929,2007-2009
735465,1009365,30,-30,42.4264068711929,2007-2009
735495,1009335,30,-30,42.4264068711929,2007-2009
735525,1009305,30,-30,42.4264068711929,2007-2009
735555,1009275,30,0,30,2007-2009
735585,1009245,0,-30,30,2007-2009
735615,1009215,0,-30,30,2007-2009
735645,1009185,0,-30,30,2007-2009
735675,1009155,0,-30,30,2007-2009
735705,1009125,0,-30,30,2007-2009
735705,1009095,30,-30,42.4264068711929,2007-2009
735705,1009065,30,-60,67.0820393249937,2007-2009
735735,1009035,30,-60,67.0820393249937,2007-2009
735765,1009035,30,-30,42.4264068711929,2007-2009
735795,1009035,0,-30,30,2007-2009
735825,1009005,0,-30,30,2007-2009
735855,1009005,0,0,0,2007-2009
735885,1008975,0,0,0,2007-2009
735915,1008945,0,0,0,2007-2009
735945,1008945,-30,0,30,2007-2009
735975,1008915,0,30,30,2007-2009
736005,1008885,0,0,0,2007-2009
736035,1008885,-30,0,30,2007-2009
736065,1008855,0,0,0,2007-2009
736095,1008855,-30,0,30,2007-2009
736125,1008825,0,0,0,2007-2009
736155,1008795,0,0,0,2007-2009
736185,1008795,0,0,0,2007-2009
736215,1008765,0,0,0,2007-2009
736245,1008735,0,0,0,2007-2009
736275,1008705,0,-30,30,2007-2009
736305,1008675,0,-30,30,2007-2009
736335,1008675,0,0,0,2007-2009
736365,1008645,0,-30,30,2007-2009
736395,1008615,0,-30,30,2007-2009
736425,1008585,0,-30,30,2007-2009
736455,1008555,0,-30,30,2007-2009
736485,1008525,30,0,30,2007-2009
736515,1008495,0,-30,30,2007-2009
736545,1008495,0,0,0,2007-2009
736575,1008465,0,0,0,2007-2009
736605,1008435,0,0,0,2007-2009
736635,1008405,0,0,0,2007-2009
736665,1008375,0,0,0,2007-2009
736695,1008345,0,0,0,2007-2009
736725,1008315,0,0,0,2007-2009
736755,1008285,0,-30,30,2007-2009
736785,1008255,0,0,0,2007-2009
736785,1008225,0,0,0,2007-2009
736815,1008195,0,0,0,2007-2009
736845,1008165,0,0,0,2007-2009
736875,1008135,0,0,0,2007-2009
736905,1008105,-30,0,30,2007-2009
736905,1008075,0,0,0,2007-2009
736935,1008045,0,0,0,2007-2009
736965,1008015,0,0,0,2007-2009
736995,1007985,0,0,0,2007-2009
737025,1007985,-30,0,30,2007-2009
737055,1007955,-30,0,30,2007-2009
737055,1007925,-30,0,30,2007-2009
737055,1007895,0,0,0,2007-2009
737085,1007865,0,0,0,2007-2009
737115,1007835,0,0,0,2007-2009
737145,1007805,0,0,0,2007-2009
737175,1007775,0,0,0,2007-2009
737205,1007745,0,0,0,2007-2009
737235,1007715,0,0,0,2007-2009
737265,1007685,0,0,0,2007-2009
737295,1007655,-30,0,30,2007-2009
737325,1007625,-30,0,30,2007-2009
737325,1007595,0,0,0,2007-2009
737355,1007565,0,0,0,2007-2009
737385,1007535,-30,0,30,2007-2009
737415,1007505,-30,0,30,2007-2009
737445,1007475,-30,0,30,2007-2009
737445,1007445,0,0,0,2007-2009
737445,1007415,0,0,0,2007-2009
737475,1007385,0,0,0,2007-2009
737505,1007355,0,0,0,2007-2009
737505,1007325,0,0,0,2007-2009
737535,1007295,0,0,0,2007-2009
737565,1007265,0,0,0,2007-2009
737595,1007235,-30,0,30,2007-2009
737595,1007205,0,0,0,2007-2009
737625,1007175,0,0,0,2007-2009
737655,1007145,-30,0,30,2007-2009
737685,1007115,-30,0,30,2007-2009
737715,1007085,-30,0,30,2007-2009
737745,1007055,-30,0,30,2007-2009
737775,1007025,-30,30,42.4264068711929,2007-2009
737805,1006995,-30,30,42.4264068711929,2007-2009
737835,1006965,-60,0,60,2007-2009
737865,1006935,-60,30,67.0820393249937,2007-2009
737895,1006905,-60,30,67.0820393249937,2007-2009
737895,1006875,-30,30,42.4264068711929,2007-2009
737925,1006845,-30,30,42.4264068711929,2007-2009
737955,1006815,-60,0,60,2007-2009
737955,1006785,-30,30,42.4264068711929,2007-2009
737985,1006755,0,30,30,2007-2009
738015,1006725,-30,0,30,2007-2009
738015,1006695,0,0,0,2007-2009
738045,1006665,-30,0,30,2007-2009
738075,1006635,-60,0,60,2007-2009
738075,1006605,-30,30,42.4264068711929,2007-2009
738075,1006575,-30,0,30,2007-2009
738075,1006545,-30,0,30,2007-2009
738075,1006515,-30,0,30,2007-2009
738105,1006485,-30,30,42.4264068711929,2007-2009
738105,1006455,-30,0,30,2007-2009
738135,1006425,-30,0,30,2007-2009
738135,1006395,-30,0,30,2007-2009
738135,1006365,-30,0,30,2007-2009
738165,1006335,-30,0,30,2007-2009
738165,1006305,0,0,0,2007-2009
738195,1006275,-30,0,30,2007-2009
738195,1006245,0,0,0,2007-2009
738195,1006215,0,0,0,2007-2009
738225,1006185,0,0,0,2007-2009
738255,1006155,-30,0,30,2007-2009
738255,1006125,0,0,0,2007-2009
738285,1006095,-30,0,30,2007-2009
738285,1006065,0,0,0,2007-2009
738315,1006035,0,0,0,2007-2009
738315,1006005,0,-30,30,2007-2009
738345,1005975,0,0,0,2007-2009
738375,1005945,-30,0,30,2007-2009
738375,1005915,0,0,0,2007-2009
738405,1005885,-30,0,30,2007-2009
738405,1005855,0,0,0,2007-2009
738435,1005825,-30,0,30,2007-2009
738435,1005795,-30,0,30,2007-2009
738465,1005765,-30,0,30,2007-2009
738465,1005735,-30,0,30,2007-2009
738495,1005705,-30,0,30,2007-2009
738495,1005675,-30,0,30,2007-2009
738525,1005645,-30,0,30,2007-2009
738525,1005615,-30,0,30,2007-2009
738555,1005585,-30,0,30,2007-2009
738555,1005555,-30,0,30,2007-2009
738555,1005525,0,0,0,2007-2009
738585,1005495,-30,0,30,2007-2009
738585,1005465,-30,0,30,2007-2009
738585,1005435,0,0,0,2007-2009
738615,1005405,-30,0,30,2007-2009
738615,1005375,0,0,0,2007-2009
738645,1005345,0,0,0,2007-2009
738675,1005315,-30,0,30,2007-2009
738675,1005285,0,0,0,2007-2009
738705,1005255,0,0,0,2007-2009
738735,1005225,-30,0,30,2007-2009
738735,1005195,0,0,0,2007-2009
738765,1005165,0,0,0,2007-2009
738765,1005135,0,0,0,2007-2009
738795,1005105,0,0,0,2007-2009
738795,1005075,0,-30,30,2007-2009
738825,1005045,0,0,0,2007-2009
738855,1005015,0,0,0,2007-2009
738885,1004985,0,0,0,2007-2009
738885,1004955,0,0,0,2007-2009
738915,1004925,0,0,0,2007-2009
738915,1004895,0,-30,30,2007-2009
738945,1004865,0,0,0,2007-2009
738945,1004835,0,0,0,2007-2009
738975,1004805,-30,0,30,2007-2009
739005,1004775,-30,0,30,2007-2009
739005,1004745,-30,0,30,2007-2009
739035,1004715,-30,30,42.4264068711929,2007-2009
739035,1004685,-30,0,30,2007-2009
739065,1004655,-30,0,30,2007-2009
739095,1004625,-30,0,30,2007-2009
739095,1004595,-30,0,30,2007-2009
739125,1004565,-30,0,30,2007-2009
739155,1004535,-30,0,30,2007-2009
739185,1004505,-30,30,42.4264068711929,2007-2009
739215,1004475,-30,30,42.4264068711929,2007-2009
739215,1004445,-30,0,30,2007-2009
739245,1004415,0,0,0,2007-2009
739275,1004385,0,0,0,2007-2009
739305,1004385,-30,0,30,2007-2009
739335,1004355,-30,0,30,2007-2009
739365,1004325,-30,0,30,2007-2009
739395,1004295,-30,0,30,2007-2009
739425,1004265,-30,0,30,2007-2009
739455,1004265,-30,30,42.4264068711929,2007-2009
739485,1004235,0,30,30,2007-2009
739515,1004205,-30,0,30,2007-2009
739545,1004175,-30,0,30,2007-2009
739575,1004145,-30,0,30,2007-2009
739605,1004115,0,0,0,2007-2009
739635,1004115,-30,0,30,2007-2009
739665,1004085,-30,0,30,2007-2009
739695,1004055,-30,0,30,2007-2009
739725,1004025,-30,0,30,2007-2009
739755,1003995,-30,0,30,2007-2009
739785,1003965,0,0,0,2007-2009
739815,1003935,0,0,0,2007-2009
739845,1003905,0,0,0,2007-2009
739875,1003875,0,0,0,2007-2009
739905,1003875,-30,0,30,2007-2009
739935,1003845,-30,0,30,2007-2009
739965,1003815,-30,0,30,2007-2009
739995,1003785,0,0,0,2007-2009
740025,1003755,0,0,0,2007-2009
740055,1003725,0,0,0,2007-2009
740085,1003695,0,0,0,2007-2009
740115,1003665,0,0,0,2007-2009
740115,1003635,0,-30,30,2007-2009
740145,1003605,30,0,30,2007-2009
740175,1003575,0,-30,30,2007-2009
740205,1003545,0,-30,30,2007-2009
740235,1003515,0,-30,30,2007-2009
740265,1003485,0,-30,30,2007-2009
740295,1003455,0,-30,30,2007-2009
740325,1003425,0,-30,30,2007-2009
740355,1003395,0,0,0,2007-2009
740385,1003365,0,0,0,2007-2009
740415,1003335,0,0,0,2007-2009
740445,1003305,0,0,0,2007-2009
740475,1003275,0,0,0,2007-2009
740505,1003245,0,0,0,2007-2009
740535,1003215,-30,0,30,2007-2009
740535,1003185,0,0,0,2007-2009
740565,1003155,0,0,0,2007-2009
740595,1003125,-30,0,30,2007-2009
740625,1003095,-30,0,30,2007-2009
740655,1003065,-30,0,30,2007-2009
740685,1003035,-30,30,42.4264068711929,2007-2009
740715,1003035,-60,30,67.0820393249937,2007-2009
740745,1003005,-60,30,67.0820393249937,2007-2009
740775,1002975,-60,30,67.0820393249937,2007-2009
740805,1002975,-60,60,84.8528137423857,2007-2009
740835,1002945,-60,60,84.8528137423857,2007-2009
740865,1002915,-60,60,84.8528137423857,2007-2009
740895,1002885,-60,60,84.8528137423857,2007-2009
740925,1002885,-90,60,108.16653826392,2007-2009
740955,1002885,-90,90,127.279220613579,2007-2009
740985,1002855,-90,90,127.279220613579,2007-2009
740985,1002825,-90,60,108.16653826392,2007-2009
741015,1002795,-90,60,108.16653826392,2007-2009
741015,1002765,-60,60,84.8528137423857,2007-2009
741045,1002735,-60,60,84.8528137423857,2007-2009
741075,1002735,-90,60,108.16653826392,2007-2009
741105,1002705,-90,60,108.16653826392,2007-2009
741135,1002675,-90,60,108.16653826392,2007-2009
741165,1002645,-120,30,123.69316876853,2007-2009
741165,1002615,-90,60,108.16653826392,2007-2009
741195,1002585,-30,90,94.8683298050514,2007-2009
741225,1002555,-60,60,84.8528137423857,2007-2009
741255,1002525,-60,60,84.8528137423857,2007-2009
741285,1002495,-60,60,84.8528137423857,2007-2009
741315,1002465,-60,60,84.8528137423857,2007-2009
741345,1002465,-90,60,108.16653826392,2007-2009
741375,1002435,-90,60,108.16653826392,2007-2009
741405,1002405,-90,60,108.16653826392,2007-2009
741435,1002375,-90,60,108.16653826392,2007-2009
741465,1002345,-90,60,108.16653826392,2007-2009
741495,1002315,-30,90,94.8683298050514,2007-2009
741525,1002285,-60,60,84.8528137423857,2007-2009
741555,1002255,-30,60,67.0820393249937,2007-2009
741585,1002255,-60,60,84.8528137423857,2007-2009
741615,1002225,-60,60,84.8528137423857,2007-2009
741645,1002195,-60,60,84.8528137423857,2007-2009
741675,1002165,-30,60,67.0820393249937,2007-2009
741705,1002135,-60,30,67.0820393249937,2007-2009
741735,1002105,-60,30,67.0820393249937,2007-2009
741765,1002075,-60,30,67.0820393249937,2007-2009
741795,1002045,-60,30,67.0820393249937,2007-2009
741795,1002015,-30,30,42.4264068711929,2007-2009
741795,1001985,-30,0,30,2007-2009
741795,1001955,-30,0,30,2007-2009
741795,1001925,-30,0,30,2007-2009
741795,1001895,-30,0,30,2007-2009
741795,1001865,0,0,0,2007-2009
741795,1001835,0,0,0,2007-2009
741795,1001805,0,0,0,2007-2009
741795,1001775,0,0,0,2007-2009
741795,1001745,0,0,0,2007-2009
741825,1001715,-30,0,30,2007-2009
741825,1001685,-30,0,30,2007-2009
741825,1001655,0,0,0,2007-2009
741825,1001625,0,0,0,2007-2009
741825,1001595,0,0,0,2007-2009
741825,1001565,0,0,0,2007-2009
741855,1001535,-30,0,30,2007-2009
741855,1001505,-30,0,30,2007-2009
741855,1001475,-30,0,30,2007-2009
741855,1001445,-30,0,30,2007-2009
741885,1001415,-30,0,30,2007-2009
741885,1001385,-30,0,30,2007-2009
741885,1001355,-30,0,30,2007-2009
741915,1001325,-30,30,42.4264068711929,2007-2009
741915,1001295,-30,0,30,2007-2009
741915,1001265,-30,0,30,2007-2009
741945,1001235,-30,30,42.4264068711929,2007-2009
741945,1001205,-30,0,30,2007-2009
741945,1001175,-30,0,30,2007-2009
741945,1001145,0,0,0,2007-2009
741975,1001115,-30,0,30,2007-2009
741975,1001085,-30,0,30,2007-2009
741975,1001055,0,0,0,2007-2009
742005,1001025,-30,0,30,2007-2009
742005,1000995,0,0,0,2007-2009
742005,1000965,0,0,0,2007-2009
742035,1000935,-30,0,30,2007-2009
742035,1000905,0,0,0,2007-2009
742065,1000875,-30,0,30,2007-2009
742095,1000845,-30,30,42.4264068711929,2007-2009
742095,1000815,-30,0,30,2007-2009
742095,1000785,-30,0,30,2007-2009
742125,1000755,-30,30,42.4264068711929,2007-2009
742125,1000725,-30,0,30,2007-2009
742155,1000695,-60,0,60,2007-2009
742185,1000665,-60,30,67.0820393249937,2007-2009
742185,1000635,-30,30,42.4264068711929,2007-2009
742215,1000605,-60,0,60,2007-2009
742245,1000575,-60,30,67.0820393249937,2007-2009
742275,1000545,-60,30,67.0820393249937,2007-2009
742305,1000515,-60,60,84.8528137423857,2007-2009
742335,1000485,-60,60,84.8528137423857,2007-2009
742335,1000455,-60,30,67.0820393249937,2007-2009
742365,1000425,-60,60,84.8528137423857,2007-2009
742395,1000395,-60,60,84.8528137423857,2007-2009
742395,1000365,-60,30,67.0820393249937,2007-2009
742425,1000335,-60,30,67.0820393249937,2007-2009
742455,1000335,-60,60,84.8528137423857,2007-2009
742485,1000335,-90,60,108.16653826392,2007-2009
742515,1000305,-60,90,108.16653826392,2007-2009
742545,1000275,-90,60,108.16653826392,2007-2009
742575,1000275,-30,120,123.69316876853,2007-2009
742605,1000245,-60,90,108.16653826392,2007-2009
742635,1000215,-90,60,108.16653826392,2007-2009
742665,1000215,-30,120,123.69316876853,2007-2009
742695,1000185,-60,90,108.16653826392,2007-2009
742725,1000155,-30,90,94.8683298050514,2007-2009
742755,1000155,-60,90,108.16653826392,2007-2009
742785,1000125,-90,60,108.16653826392,2007-2009
742815,1000095,-30,90,94.8683298050514,2007-2009
742845,1000095,-60,90,108.16653826392,2007-2009
742875,1000065,0,90,90,2007-2009
742905,1000035,0,60,60,2007-2009
742935,1000035,0,60,60,2007-2009
742965,1000005,0,30,30,2007-2009
742995,1000005,0,30,30,2007-2009
743025,999975,0,0,0,2007-2009
743055,999975,0,0,0,2007-2009
743085,999945,0,-30,30,2007-2009
743115,999945,0,0,0,2007-2009
743145,999915,0,-30,30,2007-2009
743175,999915,0,0,0,2007-2009
743205,999885,0,-30,30,2007-2009
743235,999885,0,0,0,2007-2009
743265,999855,0,0,0,2007-2009
743295,999855,-30,0,30,2007-2009
743325,999825,0,0,0,2007-2009
743355,999825,-30,0,30,2007-2009
743385,999795,-30,0,30,2007-2009
743415,999795,-30,30,42.4264068711929,2007-2009
743445,999765,-30,30,42.4264068711929,2007-2009
743475,999735,0,30,30,2007-2009
743505,999705,-30,0,30,2007-2009
743535,999705,-30,30,42.4264068711929,2007-2009
743565,999675,-30,30,42.4264068711929,2007-2009
743595,999675,0,60,60,2007-2009
743625,999645,-30,30,42.4264068711929,2007-2009
743655,999615,-30,30,42.4264068711929,2007-2009
743685,999585,-30,30,42.4264068711929,2007-2009
743715,999555,0,30,30,2007-2009
743745,999555,-30,30,42.4264068711929,2007-2009
743775,999525,0,30,30,2007-2009
743805,999495,-30,0,30,2007-2009
743835,999465,-30,0,30,2007-2009
743865,999465,-30,30,42.4264068711929,2007-2009
743895,999435,0,30,30,2007-2009
743925,999405,-30,0,30,2007-2009
743955,999405,-30,30,42.4264068711929,2007-2009
743985,999375,-30,30,42.4264068711929,2007-2009
744015,999345,-30,30,42.4264068711929,2007-2009
744045,999315,-30,30,42.4264068711929,2007-2009
744075,999285,0,30,30,2007-2009
744105,999255,-30,0,30,2007-2009
744135,999255,-30,30,42.4264068711929,2007-2009
744165,999225,-30,30,42.4264068711929,2007-2009
744195,999195,0,30,30,2007-2009
744225,999195,-30,30,42.4264068711929,2007-2009
744255,999165,-30,30,42.4264068711929,2007-2009
744285,999135,-30,30,42.4264068711929,2007-2009
744315,999105,-30,30,42.4264068711929,2007-2009
744345,999075,-30,30,42.4264068711929,2007-2009
744375,999045,-30,30,42.4264068711929,2007-2009
744405,999015,0,30,30,2007-2009
744435,998985,-30,0,30,2007-2009
744465,998955,-30,0,30,2007-2009
744495,998925,-30,0,30,2007-2009
744525,998925,-30,30,42.4264068711929,2007-2009
744555,998895,-30,30,42.4264068711929,2007-2009
744585,998865,-30,30,42.4264068711929,2007-2009
744585,998835,-30,0,30,2007-2009
744585,998805,0,0,0,2007-2009
744615,998775,0,0,0,2007-2009
744645,998745,0,-30,30,2007-2009
744675,998715,0,-30,30,2007-2009
744705,998685,0,0,0,2007-2009
744735,998655,0,0,0,2007-2009
744765,998655,-30,0,30,2007-2009
744795,998625,-30,0,30,2007-2009
744795,998595,0,0,0,2007-2009
744825,998565,0,0,0,2007-2009
744855,998535,0,0,0,2007-2009
744885,998505,0,0,0,2007-2009
744915,998475,-30,0,30,2007-2009
744945,998445,-30,0,30,2007-2009
744945,998415,0,0,0,2007-2009
744975,998385,0,0,0,2007-2009
745005,998385,-30,0,30,2007-2009
745035,998355,-30,0,30,2007-2009
745035,998325,0,0,0,2007-2009
745065,998295,0,0,0,2007-2009
745095,998265,0,0,0,2007-2009
745125,998235,0,0,0,2007-2009
745155,998205,-30,0,30,2007-2009
745185,998175,-30,0,30,2007-2009
745215,998175,0,30,30,2007-2009
745245,998145,-30,0,30,2007-2009
745275,998115,0,0,0,2007-2009
745305,998085,0,0,0,2007-2009
745335,998085,-30,0,30,2007-2009
745365,998055,0,0,0,2007-2009
745395,998055,-30,0,30,2007-2009
745425,998025,0,0,0,2007-2009
745455,997995,0,0,0,2007-2009
745485,997995,0,0,0,2007-2009
745515,997965,0,0,0,2007-2009
745545,997965,-30,0,30,2007-2009
745575,997935,0,0,0,2007-2009
745605,997905,0,0,0,2007-2009
745635,997905,-30,0,30,2007-2009
745665,997875,0,0,0,2007-2009
745695,997875,0,0,0,2007-2009
745725,997875,-30,0,30,2007-2009
745755,997845,0,0,0,2007-2009
745785,997845,-30,0,30,2007-2009
745815,997815,0,0,0,2007-2009
745845,997815,-30,0,30,2007-2009
745875,997785,0,0,0,2007-2009
745905,997785,-30,0,30,2007-2009
745935,997785,0,30,30,2007-2009
745965,997755,0,0,0,2007-2009
745995,997755,0,0,0,2007-2009
746025,997725,0,-30,30,2007-2009
746055,997725,0,0,0,2007-2009
746085,997695,0,-30,30,2007-2009
746115,997695,0,-30,30,2007-2009
746145,997695,0,0,0,2007-2009
746175,997695,-30,0,30,2007-2009
746205,997695,0,30,30,2007-2009
746235,997665,0,0,0,2007-2009
746265,997665,0,0,0,2007-2009
746295,997665,-30,0,30,2007-2009
746325,997665,0,30,30,2007-2009
746355,997665,0,30,30,2007-2009
746385,997665,0,30,30,2007-2009
746415,997665,0,30,30,2007-2009
746445,997635,-30,0,30,2007-2009
746475,997635,0,30,30,2007-2009
746505,997635,0,30,30,2007-2009
746535,997635,0,30,30,2007-2009
746565,997635,0,30,30,2007-2009
746595,997635,0,30,30,2007-2009
746625,997635,0,30,30,2007-2009
746655,997605,0,0,0,2007-2009
746685,997605,0,0,0,2007-2009
746715,997605,0,0,0,2007-2009
746745,997605,0,0,0,2007-2009
746775,997575,0,-30,30,2007-2009
746805,997575,0,-30,30,2007-2009
746835,997575,0,0,0,2007-2009
746865,997575,0,0,0,2007-2009
746895,997575,0,0,0,2007-2009
746925,997575,0,0,0,2007-2009
746955,997575,0,0,0,2007-2009
746985,997545,0,-30,30,2007-2009
747015,997545,0,-30,30,2007-2009
747045,997545,0,-30,30,2007-2009
747075,997545,0,-30,30,2007-2009
747105,997545,0,-30,30,2007-2009
747135,997545,0,-30,30,2007-2009
747165,997545,0,0,0,2007-2009
747195,997545,0,0,0,2007-2009
747225,997545,0,0,0,2007-2009
747255,997545,0,0,0,2007-2009
747285,997545,0,0,0,2007-2009
747315,997545,0,0,0,2007-2009
747345,997545,0,0,0,2007-2009
747375,997545,0,0,0,2007-2009
747405,997545,0,0,0,2007-2009
747435,997545,0,0,0,2007-2009
747465,997545,0,0,0,2007-2009
747495,997545,0,0,0,2007-2009
747525,997545,0,0,0,2007-2009
747555,997515,0,-30,30,2007-2009
747585,997515,0,-30,30,2007-2009
747615,997515,0,-30,30,2007-2009
747645,997515,0,-30,30,2007-2009
747675,997515,0,0,0,2007-2009
747705,997485,0,-30,30,2007-2009
747735,997485,0,-30,30,2007-2009
747765,997485,0,-30,30,2007-2009
747795,997455,0,-60,60,2007-2009
747825,997455,0,-60,60,2007-2009
747855,997455,30,-30,42.4264068711929,2007-2009
747885,997455,0,-30,30,2007-2009
747915,997455,0,-30,30,2007-2009
747945,997455,0,-30,30,2007-2009
747975,997455,0,-30,30,2007-2009
748005,997455,0,0,0,2007-2009
748035,997455,0,0,0,2007-2009
748065,997455,-30,0,30,2007-2009
748095,997425,0,0,0,2007-2009
748125,997425,0,0,0,2007-2009
748155,997425,-30,0,30,2007-2009
748185,997425,0,30,30,2007-2009
748215,997395,-30,0,30,2007-2009
748245,997395,0,30,30,2007-2009
748275,997395,0,30,30,2007-2009
748305,997395,-30,30,42.4264068711929,2007-2009
748335,997395,0,60,60,2007-2009
748365,997365,0,30,30,2007-2009
748395,997365,0,30,30,2007-2009
748425,997365,0,30,30,2007-2009
748455,997365,-30,30,42.4264068711929,2007-2009
748485,997365,0,60,60,2007-2009
748515,997365,0,60,60,2007-2009
748545,997365,0,60,60,2007-2009
748575,997365,0,60,60,2007-2009
748605,997395,0,90,90,2007-2009
748635,997395,0,90,90,2007-2009
748665,997395,60,60,84.8528137423857,2007-2009
748695,997395,30,60,67.0820393249937,2007-2009
748725,997395,0,60,60,2007-2009
748755,997395,0,60,60,2007-2009
748785,997395,0,60,60,2007-2009
748815,997395,30,30,42.4264068711929,2007-2009
748845,997395,0,30,30,2007-2009
748875,997395,0,30,30,2007-2009
748905,997395,0,30,30,2007-2009
748935,997395,0,30,30,2007-2009
748965,997395,0,30,30,2007-2009
748995,997395,0,30,30,2007-2009
749025,997395,0,30,30,2007-2009
749055,997395,0,30,30,2007-2009
749085,997395,0,30,30,2007-2009
749115,997395,0,30,30,2007-2009
749145,997395,0,30,30,2007-2009
749175,997395,0,30,30,2007-2009
749205,997395,0,30,30,2007-2009
749235,997395,0,30,30,2007-2009
749265,997395,0,30,30,2007-2009
749295,997395,0,30,30,2007-2009
749325,997395,0,30,30,2007-2009
749355,997395,0,30,30,2007-2009
749385,997395,0,30,30,2007-2009
749415,997395,0,30,30,2007-2009
749445,997395,0,30,30,2007-2009
749475,997395,0,30,30,2007-2009
749505,997395,0,30,30,2007-2009
749535,997395,-30,30,42.4264068711929,2007-2009
749565,997365,0,30,30,2007-2009
749595,997365,0,30,30,2007-2009
749625,997365,0,30,30,2007-2009
749655,997365,0,30,30,2007-2009
749685,997335,-30,0,30,2007-2009
749715,997335,0,30,30,2007-2009
749745,997335,0,30,30,2007-2009
749775,997335,0,30,30,2007-2009
749805,997335,-30,30,42.4264068711929,2007-2009
749835,997305,0,30,30,2007-2009
749865,997305,0,30,30,2007-2009
749895,997305,0,30,30,2007-2009
749925,997305,-30,30,42.4264068711929,2007-2009
749955,997275,0,30,30,2007-2009
749985,997275,0,30,30,2007-2009
750015,997275,0,30,30,2007-2009
750045,997245,-30,0,30,2007-2009
750075,997245,0,30,30,2007-2009
750105,997245,0,30,30,2007-2009
750135,997215,-30,0,30,2007-2009
750165,997215,0,30,30,2007-2009
750195,997215,0,30,30,2007-2009
750225,997185,-30,0,30,2007-2009
750255,997185,0,30,30,2007-2009
750285,997155,-30,0,30,2007-2009
750315,997155,0,30,30,2007-2009
750345,997155,0,30,30,2007-2009
750375,997125,-30,0,30,2007-2009
750405,997125,0,30,30,2007-2009
750435,997095,0,0,0,2007-2009
750465,997095,-30,0,30,2007-2009
750495,997065,0,0,0,2007-2009
750525,997065,0,0,0,2007-2009
750555,997065,-30,0,30,2007-2009
750585,997035,0,0,0,2007-2009
750615,997005,0,0,0,2007-2009
750645,997005,0,0,0,2007-2009
750675,997005,-30,0,30,2007-2009
750705,996975,-30,0,30,2007-2009
750735,996945,0,0,0,2007-2009
750765,996945,0,0,0,2007-2009
750795,996915,0,-30,30,2007-2009
750825,996915,0,0,0,2007-2009
750855,996915,0,0,0,2007-2009
750885,996885,0,0,0,2007-2009
750915,996855,0,-30,30,2007-2009
750945,996855,0,0,0,2007-2009
750975,996855,0,0,0,2007-2009
751005,996825,0,0,0,2007-2009
751035,996825,-30,0,30,2007-2009
751065,996795,0,0,0,2007-2009
751095,996765,0,-30,30,2007-2009
751125,996765,0,0,0,2007-2009
751155,996735,0,0,0,2007-2009
751185,996735,0,0,0,2007-2009
751215,996705,0,-30,30,2007-2009
751245,996705,0,0,0,2007-2009
751275,996675,0,-30,30,2007-2009
751305,996645,0,-30,30,2007-2009
751335,996645,0,-30,30,2007-2009
751365,996645,0,0,0,2007-2009
751395,996615,0,-30,30,2007-2009
751425,996585,30,-30,42.4264068711929,2007-2009
751455,996585,0,-30,30,2007-2009
751485,996555,0,-30,30,2007-2009
751515,996555,0,-30,30,2007-2009
751545,996525,0,-30,30,2007-2009
751575,996495,0,-60,60,2007-2009
751605,996465,30,-60,67.0820393249937,2007-2009
751635,996465,30,-30,42.4264068711929,2007-2009
751665,996435,0,-60,60,2007-2009
751695,996405,30,-60,67.0820393249937,2007-2009
751725,996375,30,-60,67.0820393249937,2007-2009
751755,996375,0,-60,60,2007-2009
751785,996375,30,-30,42.4264068711929,2007-2009
751815,996345,30,-30,42.4264068711929,2007-2009
751845,996315,30,-30,42.4264068711929,2007-2009
751875,996315,0,-30,30,2007-2009
751905,996285,30,-30,42.4264068711929,2007-2009
751935,996255,0,-60,60,2007-2009
751965,996255,30,-30,42.4264068711929,2007-2009
751995,996225,30,-30,42.4264068711929,2007-2009
752025,996225,0,-30,30,2007-2009
752055,996195,0,-30,30,2007-2009
752085,996195,0,-30,30,2007-2009
752115,996195,0,0,0,2007-2009
752145,996165,0,0,0,2007-2009
752175,996165,0,0,0,2007-2009
752205,996135,0,0,0,2007-2009
752235,996135,0,0,0,2007-2009
752265,996135,0,0,0,2007-2009
752295,996135,-30,0,30,2007-2009
752325,996135,0,30,30,2007-2009
752355,996105,0,0,0,2007-2009
752385,996105,0,0,0,2007-2009
752415,996075,0,-30,30,2007-2009
752445,996075,0,0,0,2007-2009
752475,996075,0,0,0,2007-2009
752505,996045,0,-30,30,2007-2009
752535,996045,0,0,0,2007-2009
752565,996045,0,0,0,2007-2009
752595,996015,0,0,0,2007-2009
752625,996015,0,0,0,2007-2009
752655,995985,0,0,0,2007-2009
752685,995985,0,0,0,2007-2009
752715,995985,0,0,0,2007-2009
752745,995955,0,0,0,2007-2009
752775,995955,0,0,0,2007-2009
752805,995925,0,0,0,2007-2009
752835,995895,0,0,0,2007-2009
752865,995895,0,0,0,2007-2009
752895,995865,0,0,0,2007-2009
752925,995865,0,0,0,2007-2009
752955,995835,0,0,0,2007-2009
752985,995835,-30,0,30,2007-2009
753015,995805,0,0,0,2007-2009
753045,995775,0,0,0,2007-2009
753075,995775,0,0,0,2007-2009
753105,995745,0,0,0,2007-2009
753135,995745,-30,0,30,2007-2009
753165,995715,0,0,0,2007-2009
753195,995715,-30,0,30,2007-2009
753225,995685,0,0,0,2007-2009
753255,995655,0,0,0,2007-2009
753285,995655,-30,0,30,2007-2009
753315,995625,0,0,0,2007-2009
753345,995595,0,0,0,2007-2009
753375,995595,0,0,0,2007-2009
753405,995565,0,0,0,2007-2009
753435,995565,0,0,0,2007-2009
753465,995535,0,0,0,2007-2009
753495,995505,0,0,0,2007-2009
753525,995505,0,0,0,2007-2009
753555,995475,0,0,0,2007-2009
753585,995445,0,-30,30,2007-2009
753615,995445,0,0,0,2007-2009
753645,995415,0,0,0,2007-2009
753675,995385,0,0,0,2007-2009
753705,995355,0,-30,30,2007-2009
753735,995355,0,0,0,2007-2009
753765,995325,0,0,0,2007-2009
753795,995325,0,0,0,2007-2009
753825,995295,0,0,0,2007-2009
753855,995265,0,0,0,2007-2009
753885,995265,0,0,0,2007-2009
753915,995265,-30,0,30,2007-2009
753945,995235,0,0,0,2007-2009
753975,995235,-30,0,30,2007-2009
754005,995235,0,30,30,2007-2009
754035,995205,-30,0,30,2007-2009
754065,995175,0,0,0,2007-2009
754095,995145,0,0,0,2007-2009
754125,995145,-30,0,30,2007-2009
754155,995115,0,0,0,2007-2009
754185,995115,0,0,0,2007-2009
754215,995115,-30,0,30,2007-2009
754245,995115,0,30,30,2007-2009
754275,995085,0,0,0,2007-2009
754305,995085,0,0,0,2007-2009
754335,995085,0,0,0,2007-2009
754365,995085,0,0,0,2007-2009
754395,995085,0,0,0,2007-2009
754425,995085,-30,0,30,2007-2009
754455,995055,0,0,0,2007-2009
754485,995055,0,0,0,2007-2009
754515,995055,0,0,0,2007-2009
754545,995025,0,-30,30,2007-2009
754575,995025,0,0,0,2007-2009
754605,995025,0,0,0,2007-2009
754635,995025,-30,0,30,2007-2009
754665,995025,0,30,30,2007-2009
754695,995025,0,30,30,2007-2009
754725,994995,0,0,0,2007-2009
754755,994995,0,0,0,2007-2009
754785,994995,0,0,0,2007-2009
754815,994995,0,0,0,2007-2009
754845,994995,-30,0,30,2007-2009
754875,994965,0,0,0,2007-2009
754905,994965,0,0,0,2007-2009
754935,994965,0,0,0,2007-2009
754965,994965,0,0,0,2007-2009
754995,994965,0,0,0,2007-2009
755025,994965,0,0,0,2007-2009
755055,994965,0,0,0,2007-2009
755085,994965,0,0,0,2007-2009
755115,994965,0,0,0,2007-2009
755145,994965,0,0,0,2007-2009
755175,994965,0,0,0,2007-2009
755205,994965,0,0,0,2007-2009
755235,994965,0,0,0,2007-2009
755265,994965,0,0,0,2007-2009
755295,994965,0,0,0,2007-2009
755325,994965,0,0,0,2007-2009
755355,994965,0,0,0,2007-2009
755385,994965,0,0,0,2007-2009
755415,994965,-30,0,30,2007-2009
755445,994965,0,-30,30,2007-2009
755475,994965,0,-30,30,2007-2009
755505,994995,0,0,0,2007-2009
755535,994995,0,0,0,2007-2009
755565,994995,0,0,0,2007-2009
755595,994995,0,0,0,2007-2009
755625,994995,-30,0,30,2007-2009
755655,995025,0,0,0,2007-2009
755685,995025,0,0,0,2007-2009
755715,995025,0,0,0,2007-2009
755745,995025,0,0,0,2007-2009
755775,995055,0,0,0,2007-2009
755805,995055,0,0,0,2007-2009
755835,995055,0,0,0,2007-2009
755865,995085,0,0,0,2007-2009
755895,995115,0,30,30,2007-2009
755925,995115,0,0,0,2007-2009
755955,995145,0,30,30,2007-2009
755985,995145,0,0,0,2007-2009
756015,995175,0,30,30,2007-2009
756045,995175,0,30,30,2007-2009
756075,995205,0,30,30,2007-2009
756105,995205,0,30,30,2007-2009
756135,995205,0,0,0,2007-2009
756165,995235,0,30,30,2007-2009
756195,995235,0,30,30,2007-2009
756225,995235,0,0,0,2007-2009
756255,995265,0,30,30,2007-2009
756285,995265,0,30,30,2007-2009
756315,995265,0,0,0,2007-2009
756345,995265,0,0,0,2007-2009
756375,995265,0,0,0,2007-2009
756405,995295,0,0,0,2007-2009
756435,995295,0,0,0,2007-2009
756465,995295,0,0,0,2007-2009
756495,995325,0,0,0,2007-2009
756525,995325,0,0,0,2007-2009
756555,995325,0,0,0,2007-2009
756585,995325,-30,0,30,2007-2009
756615,995355,0,0,0,2007-2009
756645,995355,0,0,0,2007-2009
756675,995355,-30,0,30,2007-2009
756705,995385,0,0,0,2007-2009
756735,995385,0,0,0,2007-2009
756765,995385,0,0,0,2007-2009
756795,995415,0,0,0,2007-2009
756825,995415,0,0,0,2007-2009
756855,995415,0,0,0,2007-2009
756885,995415,-30,0,30,2007-2009
756915,995445,-30,0,30,2007-2009
756945,995445,0,-30,30,2007-2009
756975,995445,0,-30,30,2007-2009
757005,995475,-30,0,30,2007-2009
757035,995475,0,-30,30,2007-2009
757065,995505,0,0,0,2007-2009
757095,995505,0,0,0,2007-2009
757125,995505,-30,0,30,2007-2009
757155,995535,0,0,0,2007-2009
757185,995535,0,0,0,2007-2009
757215,995565,0,0,0,2007-2009
757245,995565,0,0,0,2007-2009
757275,995565,0,0,0,2007-2009
757305,995565,-30,0,30,2007-2009
757335,995595,0,0,0,2007-2009
757365,995595,-30,0,30,2007-2009
757395,995625,0,0,0,2007-2009
757425,995625,0,0,0,2007-2009
757455,995625,0,0,0,2007-2009
757485,995625,-30,0,30,2007-2009
757515,995625,0,-30,30,2007-2009
757545,995655,0,0,0,2007-2009
757575,995655,0,0,0,2007-2009
757605,995655,-30,0,30,2007-2009
757635,995655,0,-30,30,2007-2009
757665,995655,0,-30,30,2007-2009
757695,995655,0,-30,30,2007-2009
757725,995655,0,-30,30,2007-2009
757755,995685,0,0,0,2007-2009
757785,995685,0,0,0,2007-2009
757815,995685,0,0,0,2007-2009
757845,995685,0,0,0,2007-2009
757875,995685,0,0,0,2007-2009
757905,995685,0,0,0,2007-2009
757935,995685,0,0,0,2007-2009
757965,995685,0,0,0,2007-2009
757995,995685,0,0,0,2007-2009
758025,995715,0,30,30,2007-2009
758055,995715,0,30,30,2007-2009
758085,995715,0,30,30,2007-2009
758115,995715,0,30,30,2007-2009
758145,995715,0,30,30,2007-2009
758175,995715,0,30,30,2007-2009
758205,995715,0,30,30,2007-2009
758235,995715,0,30,30,2007-2009
758265,995715,0,0,0,2007-2009
758295,995715,0,0,0,2007-2009
758325,995715,0,0,0,2007-2009
758355,995715,0,0,0,2007-2009
758385,995715,0,0,0,2007-2009
758415,995715,0,0,0,2007-2009
758445,995715,0,0,0,2007-2009
758475,995715,0,0,0,2007-2009
758505,995745,0,30,30,2007-2009
758535,995745,0,30,30,2007-2009
758565,995745,0,30,30,2007-2009
758595,995745,0,30,30,2007-2009
758625,995745,0,30,30,2007-2009
758655,995745,0,30,30,2007-2009
758685,995745,0,30,30,2007-2009
758715,995745,0,30,30,2007-2009
758745,995745,0,30,30,2007-2009
758775,995745,0,0,0,2007-2009
758805,995745,0,0,0,2007-2009
758835,995745,0,0,0,2007-2009
758865,995745,-30,0,30,2007-2009
758895,995745,0,30,30,2007-2009
758925,995745,0,30,30,2007-2009
758955,995715,0,0,0,2007-2009
758985,995715,0,0,0,2007-2009
759015,995715,0,0,0,2007-2009
759045,995715,0,0,0,2007-2009
759075,995715,0,0,0,2007-2009
759105,995715,0,0,0,2007-2009
759135,995715,0,0,0,2007-2009
759165,995715,0,0,0,2007-2009
759195,995715,-30,0,30,2007-2009
759225,995715,0,30,30,2007-2009
759255,995685,0,0,0,2007-2009
759285,995685,0,0,0,2007-2009
759315,995685,0,0,0,2007-2009
759345,995655,0,-30,30,2007-2009
759375,995655,0,0,0,2007-2009
759405,995655,0,0,0,2007-2009
759435,995655,-30,0,30,2007-2009
759465,995625,0,0,0,2007-2009
759495,995595,0,0,0,2007-2009
759525,995595,0,0,0,2007-2009
759555,995595,0,0,0,2007-2009
759585,995595,0,0,0,2007-2009
759615,995565,0,0,0,2007-2009
759645,995565,0,0,0,2007-2009
759675,995565,0,0,0,2007-2009
759705,995535,0,0,0,2007-2009
759735,995535,0,0,0,2007-2009
759765,995505,0,0,0,2007-2009
759795,995505,0,0,0,2007-2009
759825,995505,0,0,0,2007-2009
759855,995475,0,0,0,2007-2009
759885,995475,-30,0,30,2007-2009
759915,995445,0,0,0,2007-2009
759945,995415,0,-30,30,2007-2009
759975,995415,0,0,0,2007-2009
760005,995385,0,0,0,2007-2009
760035,995355,0,-30,30,2007-2009
760065,995355,0,0,0,2007-2009
760095,995325,0,0,0,2007-2009
760125,995295,0,-30,30,2007-2009
760155,995295,0,0,0,2007-2009
760185,995265,0,-30,30,2007-2009
760215,995235,0,-30,30,2007-2009
760245,995205,0,-30,30,2007-2009
760275,995205,0,-30,30,2007-2009
760305,995205,0,0,0,2007-2009
760335,995175,0,-30,30,2007-2009
760365,995175,0,0,0,2007-2009
760395,995145,0,0,0,2007-2009
760425,995115,0,0,0,2007-2009
760455,995115,0,0,0,2007-2009
760485,995085,0,0,0,2007-2009
760515,995055,0,0,0,2007-2009
760545,995025,0,0,0,2007-2009
760575,994995,0,-30,30,2007-2009
760605,994995,0,0,0,2007-2009
760635,994965,0,0,0,2007-2009
760665,994935,0,-30,30,2007-2009
760695,994905,0,-30,30,2007-2009
760725,994905,0,-30,30,2007-2009
760755,994875,0,-30,30,2007-2009
760785,994845,0,-30,30,2007-2009
760815,994815,0,-30,30,2007-2009
760845,994785,0,-30,30,2007-2009
760875,994755,30,-30,42.4264068711929,2007-2009
760905,994755,0,-30,30,2007-2009
760935,994755,0,0,0,2007-2009
760965,994725,0,-30,30,2007-2009
760995,994725,0,-30,30,2007-2009
761025,994695,0,-30,30,2007-2009
761055,994695,0,0,0,2007-2009
761085,994665,0,0,0,2007-2009
761115,994665,0,0,0,2007-2009
761145,994635,0,0,0,2007-2009
761175,994635,-30,0,30,2007-2009
761205,994605,-30,0,30,2007-2009
761235,994605,0,30,30,2007-2009
761265,994575,-30,0,30,2007-2009
761295,994545,-30,0,30,2007-2009
761325,994515,0,0,0,2007-2009
761355,994515,-30,0,30,2007-2009
761385,994485,0,0,0,2007-2009
761415,994455,0,0,0,2007-2009
761445,994455,-30,0,30,2007-2009
761475,994425,0,0,0,2007-2009
761505,994395,0,0,0,2007-2009
761535,994395,0,0,0,2007-2009
761565,994365,0,0,0,2007-2009
761595,994365,-30,0,30,2007-2009
761625,994335,0,0,0,2007-2009
761655,994305,0,0,0,2007-2009
761685,994305,0,0,0,2007-2009
761715,994275,0,0,0,2007-2009
761745,994275,0,0,0,2007-2009
761775,994245,0,0,0,2007-2009
761805,994215,0,0,0,2007-2009
761835,994185,0,-30,30,2007-2009
761865,994155,0,-30,30,2007-2009
761895,994125,0,-30,30,2007-2009
761925,994125,0,0,0,2007-2009
761955,994095,0,0,0,2007-2009
761985,994065,0,0,0,2007-2009
762015,994065,-30,0,30,2007-2009
762045,994035,-30,0,30,2007-2009
762075,994005,0,0,0,2007-2009
762105,993975,0,0,0,2007-2009
762135,993945,0,0,0,2007-2009
762165,993945,0,0,0,2007-2009
762195,993915,0,0,0,2007-2009
762225,993885,0,0,0,2007-2009
762255,993855,0,0,0,2007-2009
762285,993825,0,-30,30,2007-2009
762315,993825,0,-30,30,2007-2009
762345,993795,0,-30,30,2007-2009
762375,993795,0,0,0,2007-2009
762405,993765,0,-30,30,2007-2009
762435,993735,0,-30,30,2007-2009
762465,993705,0,-30,30,2007-2009
762495,993705,0,-30,30,2007-2009
762525,993675,0,-30,30,2007-2009
762555,993675,0,-30,30,2007-2009
762585,993675,0,-30,30,2007-2009
762615,993645,0,-30,30,2007-2009
762645,993645,0,-30,30,2007-2009
762675,993645,0,0,0,2007-2009
762705,993645,0,0,0,2007-2009
762735,993645,0,0,0,2007-2009
762765,993645,0,0,0,2007-2009
762795,993645,0,0,0,2007-2009
762825,993645,0,0,0,2007-2009
762855,993645,0,0,0,2007-2009
762885,993645,-30,0,30,2007-2009
762915,993645,0,30,30,2007-2009
762945,993645,0,30,30,2007-2009
762975,993645,0,30,30,2007-2009
763005,993645,0,30,30,2007-2009
763035,993645,0,30,30,2007-2009
763065,993645,0,30,30,2007-2009
763095,993645,0,30,30,2007-2009
763125,993645,0,30,30,2007-2009
763155,993645,0,30,30,2007-2009
763185,993645,0,30,30,2007-2009
763215,993645,-30,30,42.4264068711929,2007-2009
763245,993615,0,30,30,2007-2009
763275,993615,0,30,30,2007-2009
763305,993615,0,30,30,2007-2009
763335,993615,0,30,30,2007-2009
763365,993615,0,30,30,2007-2009
763395,993615,0,30,30,2007-2009
763425,993615,0,30,30,2007-2009
763455,993585,0,0,0,2007-2009
763485,993585,-30,0,30,2007-2009
763515,993585,0,30,30,2007-2009
763545,993585,0,30,30,2007-2009
763575,993585,0,30,30,2007-2009
763605,993585,0,30,30,2007-2009
763635,993585,0,30,30,2007-2009
763665,993555,-30,0,30,2007-2009
763695,993555,0,30,30,2007-2009
763725,993555,0,30,30,2007-2009
763755,993555,0,30,30,2007-2009
763785,993555,0,30,30,2007-2009
763815,993555,0,30,30,2007-2009
763845,993525,0,0,0,2007-2009
763875,993525,0,0,0,2007-2009
763905,993525,0,0,0,2007-2009
763935,993525,0,0,0,2007-2009
763965,993525,0,0,0,2007-2009
763995,993525,0,0,0,2007-2009
764025,993525,0,0,0,2007-2009
764055,993495,0,-30,30,2007-2009
764085,993495,0,-30,30,2007-2009
764115,993495,0,-30,30,2007-2009
764145,993495,0,-30,30,2007-2009
764175,993495,0,-30,30,2007-2009
764205,993495,0,-30,30,2007-2009
764235,993495,0,-30,30,2007-2009
764265,993495,0,-30,30,2007-2009
764295,993495,0,-30,30,2007-2009
764325,993495,0,-30,30,2007-2009
764355,993495,0,-30,30,2007-2009
764385,993495,0,-30,30,2007-2009
764415,993495,0,-30,30,2007-2009
764445,993465,0,-60,60,2007-2009
764475,993465,0,-60,60,2007-2009
764505,993465,0,-60,60,2007-2009
764535,993465,0,-60,60,2007-2009
764565,993465,0,-60,60,2007-2009
764595,993465,0,-60,60,2007-2009
764625,993465,0,-60,60,2007-2009
764655,993465,0,-60,60,2007-2009
764685,993465,0,-60,60,2007-2009
764715,993465,0,-60,60,2007-2009
764745,993465,0,-60,60,2007-2009
764775,993465,0,-60,60,2007-2009
764805,993465,0,-60,60,2007-2009
764835,993465,0,-60,60,2007-2009
764865,993465,0,-60,60,2007-2009
764895,993465,30,-30,42.4264068711929,2007-2009
764925,993465,0,-30,30,2007-2009
764955,993465,0,-30,30,2007-2009
764985,993465,0,-30,30,2007-2009
765015,993465,0,-30,30,2007-2009
765045,993465,0,-30,30,2007-2009
765075,993465,0,-30,30,2007-2009
765105,993465,0,0,0,2007-2009
765135,993465,0,0,0,2007-2009
765165,993465,0,0,0,2007-2009
765195,993465,0,0,0,2007-2009
765225,993465,0,0,0,2007-2009
765255,993465,-30,0,30,2007-2009
765285,993465,0,30,30,2007-2009
765315,993495,0,60,60,2007-2009
765345,993495,0,60,60,2007-2009
765375,993495,0,60,60,2007-2009
765405,993495,0,60,60,2007-2009
765435,993495,0,60,60,2007-2009
765465,993495,30,30,42.4264068711929,2007-2009
765495,993495,0,30,30,2007-2009
765525,993525,0,60,60,2007-2009
765555,993525,30,30,42.4264068711929,2007-2009
765585,993525,0,30,30,2007-2009
765615,993525,0,30,30,2007-2009
765645,993525,0,0,0,2007-2009
765675,993555,0,30,30,2007-2009
765705,993555,0,30,30,2007-2009
765735,993555,0,0,0,2007-2009
765765,993555,0,0,0,2007-2009
765795,993555,0,0,0,2007-2009
765825,993585,0,30,30,2007-2009
765855,993585,0,30,30,2007-2009
765885,993585,0,30,30,2007-2009
765915,993585,0,30,30,2007-2009
765945,993585,0,30,30,2007-2009
765975,993585,0,0,0,2007-2009
766005,993585,0,0,0,2007-2009
766035,993585,0,0,0,2007-2009
766065,993585,0,0,0,2007-2009
766095,993585,0,0,0,2007-2009
766125,993585,0,0,0,2007-2009
766155,993585,0,0,0,2007-2009
766185,993585,0,0,0,2007-2009
766215,993585,0,0,0,2007-2009
766245,993585,0,0,0,2007-2009
766275,993585,0,0,0,2007-2009
766305,993585,0,0,0,2007-2009
766335,993585,0,0,0,2007-2009
766365,993585,-30,0,30,2007-2009
766395,993585,0,-30,30,2007-2009
766425,993615,0,0,0,2007-2009
766455,993615,0,0,0,2007-2009
766485,993615,-30,0,30,2007-2009
766515,993615,0,-30,30,2007-2009
766545,993615,0,-30,30,2007-2009
766575,993615,0,-30,30,2007-2009
766605,993615,0,-30,30,2007-2009
766635,993615,0,-30,30,2007-2009
766665,993615,0,-30,30,2007-2009
766695,993615,0,-30,30,2007-2009
766725,993615,0,0,0,2007-2009
766755,993615,0,0,0,2007-2009
766785,993615,0,0,0,2007-2009
766815,993615,-30,0,30,2007-2009
766845,993615,0,30,30,2007-2009
766875,993645,-30,60,67.0820393249937,2007-2009
766905,993645,-60,60,84.8528137423857,2007-2009
766935,993645,0,90,90,2007-2009
766965,993645,0,90,90,2007-2009
766995,993645,0,90,90,2007-2009
767025,993645,0,90,90,2007-2009
767055,993645,0,90,90,2007-2009
767085,993645,0,90,90,2007-2009
767115,993645,0,90,90,2007-2009
767145,993645,60,60,84.8528137423857,2007-2009
767175,993645,30,60,67.0820393249937,2007-2009
767205,993645,0,60,60,2007-2009
767235,993645,0,60,60,2007-2009
767265,993645,30,30,42.4264068711929,2007-2009
767295,993645,0,30,30,2007-2009
767325,993645,0,30,30,2007-2009
767355,993645,0,30,30,2007-2009
767385,993615,0,0,0,2007-2009
767415,993615,0,0,0,2007-2009
767445,993615,0,0,0,2007-2009
767475,993585,0,0,0,2007-2009
767505,993585,0,0,0,2007-2009
767535,993585,0,0,0,2007-2009
767565,993555,0,0,0,2007-2009
767595,993555,0,0,0,2007-2009
767625,993525,0,0,0,2007-2009
767655,993525,0,0,0,2007-2009
767685,993525,0,0,0,2007-2009
767715,993495,0,0,0,2007-2009
767745,993495,0,0,0,2007-2009
767775,993465,0,0,0,2007-2009
767805,993465,0,0,0,2007-2009
767835,993435,0,0,0,2007-2009
767865,993435,0,0,0,2007-2009
767895,993435,-30,0,30,2007-2009
767925,993405,0,0,0,2007-2009
767955,993405,0,0,0,2007-2009
767985,993405,-30,0,30,2007-2009
768015,993375,0,0,0,2007-2009
768045,993375,-30,0,30,2007-2009
768075,993345,0,0,0,2007-2009
768105,993345,-30,0,30,2007-2009
768135,993345,0,30,30,2007-2009
768165,993315,-30,0,30,2007-2009
768195,993315,0,30,30,2007-2009
768225,993315,0,30,30,2007-2009
768255,993315,0,30,30,2007-2009
768285,993285,0,0,0,2007-2009
768315,993285,-30,0,30,2007-2009
768345,993285,0,30,30,2007-2009
768375,993285,0,30,30,2007-2009
768405,993255,0,0,0,2007-2009
768435,993255,0,0,0,2007-2009
768465,993255,0,0,0,2007-2009
768495,993255,-30,0,30,2007-2009
768525,993225,0,0,0,2007-2009
768555,993225,0,0,0,2007-2009
768585,993225,0,0,0,2007-2009
768615,993225,-30,0,30,2007-2009
768645,993225,0,30,30,2007-2009
768675,993195,0,0,0,2007-2009
768705,993195,0,0,0,2007-2009
768735,993195,-30,0,30,2007-2009
768765,993195,0,30,30,2007-2009
768795,993165,0,0,0,2007-2009
768825,993165,0,0,0,2007-2009
768855,993165,-30,0,30,2007-2009
768885,993135,0,0,0,2007-2009
768915,993135,0,0,0,2007-2009
768945,993135,0,0,0,2007-2009
768975,993105,0,0,0,2007-2009
769005,993105,0,0,0,2007-2009
769035,993105,0,0,0,2007-2009
769065,993075,0,0,0,2007-2009
769095,993045,0,-30,30,2007-2009
769125,993045,0,0,0,2007-2009
769155,993015,0,-30,30,2007-2009
769185,992985,0,-30,30,2007-2009
769215,992955,30,-30,42.4264068711929,2007-2009
769245,992925,30,-30,42.4264068711929,2007-2009
769275,992895,30,-30,42.4264068711929,2007-2009
769305,992865,30,-30,42.4264068711929,2007-2009
769335,992835,30,-30,42.4264068711929,2007-2009
769365,992835,0,-30,30,2007-2009
769395,992805,0,-30,30,2007-2009
769395,992775,30,-30,42.4264068711929,2007-2009
769425,992745,0,-60,60,2007-2009
769455,992715,30,-30,42.4264068711929,2007-2009
769455,992685,60,0,60,2007-2009
769485,992655,30,-30,42.4264068711929,2007-2009
769515,992625,30,-30,42.4264068711929,2007-2009
769545,992595,30,-30,42.4264068711929,2007-2009
769575,992565,30,-30,42.4264068711929,2007-2009
769575,992535,60,0,60,2007-2009
769605,992505,30,-30,42.4264068711929,2007-2009
769635,992475,30,-30,42.4264068711929,2007-2009
769665,992445,30,-30,42.4264068711929,2007-2009
769695,992415,30,-30,42.4264068711929,2007-2009
769695,992385,60,0,60,2007-2009
769725,992355,30,-30,42.4264068711929,2007-2009
769755,992325,30,0,30,2007-2009
769785,992295,0,-30,30,2007-2009
769815,992265,0,-30,30,2007-2009
769815,992235,30,-30,42.4264068711929,2007-2009
769845,992205,30,-30,42.4264068711929,2007-2009
769875,992175,30,-30,42.4264068711929,2007-2009
769905,992145,30,-30,42.4264068711929,2007-2009
769905,992115,30,-60,67.0820393249937,2007-2009
769935,992085,30,-60,67.0820393249937,2007-2009
769965,992055,30,-60,67.0820393249937,2007-2009
769995,992025,30,-60,67.0820393249937,2007-2009
770025,991995,60,0,60,2007-2009
770055,991965,30,-30,42.4264068711929,2007-2009
770085,991935,30,-30,42.4264068711929,2007-2009
770115,991905,30,-30,42.4264068711929,2007-2009
770145,991875,30,-30,42.4264068711929,2007-2009
770175,991845,30,-30,42.4264068711929,2007-2009
770205,991815,30,-30,42.4264068711929,2007-2009
770235,991785,30,-30,42.4264068711929,2007-2009
770235,991755,60,0,60,2007-2009
770265,991725,30,-30,42.4264068711929,2007-2009
770295,991695,30,-30,42.4264068711929,2007-2009
770325,991665,30,0,30,2007-2009
770355,991635,0,-30,30,2007-2009
770385,991605,0,-30,30,2007-2009
770415,991575,0,0,0,2007-2009
770445,991545,-30,0,30,2007-2009
770475,991515,-30,0,30,2007-2009
770475,991485,-30,0,30,2007-2009
770505,991455,-30,0,30,2007-2009
770505,991425,0,0,0,2007-2009
770535,991395,0,0,0,2007-2009
770565,991365,0,0,0,2007-2009
770565,991335,0,-30,30,2007-2009
770595,991305,0,-30,30,2007-2009
770595,991275,30,-30,42.4264068711929,2007-2009
770625,991245,30,-30,42.4264068711929,2007-2009
770655,991215,30,-30,42.4264068711929,2007-2009
770685,991185,30,-30,42.4264068711929,2007-2009
770685,991155,30,-60,67.0820393249937,2007-2009
770715,991125,30,-60,67.0820393249937,2007-2009
770745,991095,60,-30,67.0820393249937,2007-2009
770745,991065,60,-60,84.8528137423857,2007-2009
770775,991035,60,-30,67.0820393249937,2007-2009
770805,991005,30,-60,67.0820393249937,2007-2009
770835,991005,30,-30,42.4264068711929,2007-2009
770865,990975,30,-30,42.4264068711929,2007-2009
770865,990945,30,-60,67.0820393249937,2007-2009
770895,990915,30,-60,67.0820393249937,2007-2009
770925,990885,30,-60,67.0820393249937,2007-2009
770955,990855,60,0,60,2007-2009
770985,990855,30,0,30,2007-2009
771015,990825,0,-30,30,2007-2009
771045,990795,0,-30,30,2007-2009
771075,990765,0,-30,30,2007-2009
771105,990735,0,-30,30,2007-2009
771135,990705,30,-30,42.4264068711929,2007-2009
771165,990675,30,-30,42.4264068711929,2007-2009
771195,990645,30,-30,42.4264068711929,2007-2009
771225,990645,0,-30,30,2007-2009
771255,990615,0,-30,30,2007-2009
771285,990585,0,-30,30,2007-2009
771315,990555,0,-30,30,2007-2009
771345,990525,0,-30,30,2007-2009
771375,990495,0,-30,30,2007-2009
771405,990465,0,-30,30,2007-2009
771435,990465,0,0,0,2007-2009
771465,990435,0,0,0,2007-2009
771495,990405,0,0,0,2007-2009
771525,990375,0,0,0,2007-2009
771555,990345,0,0,0,2007-2009
771585,990345,-30,0,30,2007-2009
771615,990315,-30,0,30,2007-2009
771645,990285,-30,0,30,2007-2009
771675,990255,-30,0,30,2007-2009
771705,990225,0,0,0,2007-2009
771735,990225,-30,0,30,2007-2009
771765,990195,-30,0,30,2007-2009
771795,990195,-30,30,42.4264068711929,2007-2009
771825,990165,0,30,30,2007-2009
771855,990165,-30,30,42.4264068711929,2007-2009
771885,990135,-30,30,42.4264068711929,2007-2009
771915,990135,-60,30,67.0820393249937,2007-2009
771945,990105,0,60,60,2007-2009
771975,990075,-30,30,42.4264068711929,2007-2009
772005,990075,0,60,60,2007-2009
772035,990045,0,30,30,2007-2009
772065,990045,-30,30,42.4264068711929,2007-2009
772095,990015,0,30,30,2007-2009
772125,990015,-30,30,42.4264068711929,2007-2009
772155,990015,0,60,60,2007-2009
772185,989985,0,30,30,2007-2009
772215,989985,-30,30,42.4264068711929,2007-2009
772245,989955,0,30,30,2007-2009
772275,989955,-30,30,42.4264068711929,2007-2009
772305,989925,0,30,30,2007-2009
772335,989925,0,30,30,2007-2009
772365,989895,-30,0,30,2007-2009
772395,989865,0,0,0,2007-2009
772425,989865,-30,0,30,2007-2009
772455,989835,0,0,0,2007-2009
772485,989835,0,0,0,2007-2009
772515,989805,0,0,0,2007-2009
772545,989805,-30,0,30,2007-2009
772575,989775,0,0,0,2007-2009
772605,989775,-30,0,30,2007-2009
772635,989745,0,0,0,2007-2009
730725,1010955,0,30,30,2009-2011
730755,1010925,-30,0,30,2009-2011
730755,1010895,0,0,0,2009-2011
730785,1010865,-30,0,30,2009-2011
730815,1010835,0,0,0,2009-2011
730845,1010835,-30,0,30,2009-2011
730875,1010835,0,30,30,2009-2011
730905,1010805,-30,0,30,2009-2011
730935,1010805,0,30,30,2009-2011
730965,1010775,-30,0,30,2009-2011
730995,1010775,0,30,30,2009-2011
731025,1010745,-30,0,30,2009-2011
731055,1010715,0,0,0,2009-2011
731085,1010685,0,0,0,2009-2011
731115,1010685,0,0,0,2009-2011
731145,1010685,-30,0,30,2009-2011
731175,1010655,0,0,0,2009-2011
731205,1010655,-30,0,30,2009-2011
731235,1010625,0,0,0,2009-2011
731265,1010625,0,0,0,2009-2011
731295,1010625,-30,0,30,2009-2011
731325,1010595,0,0,0,2009-2011
731355,1010595,-30,0,30,2009-2011
731385,1010595,0,30,30,2009-2011
731415,1010565,0,0,0,2009-2011
731445,1010535,0,0,0,2009-2011
731475,1010535,0,0,0,2009-2011
731505,1010505,0,0,0,2009-2011
731535,1010505,-30,0,30,2009-2011
731565,1010475,0,0,0,2009-2011
731595,1010475,0,0,0,2009-2011
731625,1010445,0,0,0,2009-2011
731655,1010415,0,-30,30,2009-2011
731685,1010415,0,0,0,2009-2011
731715,1010415,0,0,0,2009-2011
731745,1010385,0,0,0,2009-2011
731775,1010385,0,0,0,2009-2011
731805,1010355,0,0,0,2009-2011
731835,1010355,0,0,0,2009-2011
731865,1010355,0,0,0,2009-2011
731895,1010355,0,0,0,2009-2011
731925,1010325,0,-30,30,2009-2011
731955,1010325,0,-30,30,2009-2011
731985,1010325,0,-30,30,2009-2011
732015,1010325,0,0,0,2009-2011
732045,1010325,0,0,0,2009-2011
732075,1010325,0,0,0,2009-2011
732105,1010325,0,0,0,2009-2011
732135,1010295,0,-30,30,2009-2011
732165,1010295,0,0,0,2009-2011
732195,1010295,0,0,0,2009-2011
732225,1010295,0,0,0,2009-2011
732255,1010295,0,0,0,2009-2011
732285,1010295,0,0,0,2009-2011
732315,1010295,0,0,0,2009-2011
732345,1010295,0,0,0,2009-2011
732375,1010295,0,0,0,2009-2011
732405,1010265,0,-30,30,2009-2011
732435,1010265,0,0,0,2009-2011
732465,1010265,0,0,0,2009-2011
732495,1010265,0,0,0,2009-2011
732525,1010265,0,0,0,2009-2011
732555,1010265,0,0,0,2009-2011
732585,1010265,0,0,0,2009-2011
732615,1010265,0,0,0,2009-2011
732645,1010265,0,0,0,2009-2011
732675,1010265,-30,0,30,2009-2011
732705,1010265,0,30,30,2009-2011
732735,1010265,0,30,30,2009-2011
732765,1010265,0,30,30,2009-2011
732795,1010235,0,0,0,2009-2011
732825,1010235,0,0,0,2009-2011
732855,1010235,0,0,0,2009-2011
732885,1010235,-30,0,30,2009-2011
732915,1010235,0,30,30,2009-2011
732945,1010205,0,0,0,2009-2011
732975,1010205,0,0,0,2009-2011
733005,1010205,-30,0,30,2009-2011
733035,1010175,0,0,0,2009-2011
733065,1010175,0,0,0,2009-2011
733095,1010175,-30,0,30,2009-2011
733125,1010175,0,30,30,2009-2011
733155,1010145,0,0,0,2009-2011
733185,1010145,0,0,0,2009-2011
733215,1010115,0,0,0,2009-2011
733245,1010115,0,0,0,2009-2011
733275,1010115,0,0,0,2009-2011
733305,1010085,0,0,0,2009-2011
733335,1010085,0,0,0,2009-2011
733365,1010085,0,0,0,2009-2011
733395,1010055,0,0,0,2009-2011
733425,1010055,0,0,0,2009-2011
733455,1010055,0,0,0,2009-2011
733485,1010055,0,0,0,2009-2011
733515,1010025,0,0,0,2009-2011
733545,1010025,0,0,0,2009-2011
733575,1010025,0,0,0,2009-2011
733605,1010025,0,0,0,2009-2011
733635,1009995,0,0,0,2009-2011
733665,1009995,0,0,0,2009-2011
733695,1009995,0,0,0,2009-2011
733725,1009965,0,-30,30,2009-2011
733755,1009965,0,0,0,2009-2011
733785,1009935,0,-30,30,2009-2011
733815,1009935,0,0,0,2009-2011
733845,1009935,0,0,0,2009-2011
733875,1009905,0,0,0,2009-2011
733905,1009905,0,0,0,2009-2011
733935,1009905,0,0,0,2009-2011
733965,1009875,0,0,0,2009-2011
733995,1009875,0,0,0,2009-2011
734025,1009845,0,0,0,2009-2011
734055,1009845,0,0,0,2009-2011
734085,1009815,0,-30,30,2009-2011
734115,1009815,0,0,0,2009-2011
734145,1009815,0,0,0,2009-2011
734175,1009785,0,0,0,2009-2011
734205,1009785,0,0,0,2009-2011
734235,1009785,0,0,0,2009-2011
734265,1009785,-30,0,30,2009-2011
734295,1009785,0,30,30,2009-2011
734325,1009785,0,30,30,2009-2011
734355,1009785,-30,30,42.4264068711929,2009-2011
734385,1009785,0,60,60,2009-2011
734415,1009755,-30,30,42.4264068711929,2009-2011
734445,1009755,0,60,60,2009-2011
734475,1009725,0,30,30,2009-2011
734505,1009725,0,30,30,2009-2011
734535,1009725,-30,30,42.4264068711929,2009-2011
734565,1009725,0,60,60,2009-2011
734595,1009725,-30,60,67.0820393249937,2009-2011
734625,1009725,-60,60,84.8528137423857,2009-2011
734655,1009725,0,90,90,2009-2011
734685,1009725,-30,90,94.8683298050514,2009-2011
734715,1009695,-60,60,84.8528137423857,2009-2011
734745,1009695,0,90,90,2009-2011
734775,1009665,-30,60,67.0820393249937,2009-2011
734805,1009665,-60,60,84.8528137423857,2009-2011
734835,1009665,0,90,90,2009-2011
734865,1009665,-30,90,94.8683298050514,2009-2011
734895,1009665,-60,90,108.16653826392,2009-2011
734925,1009635,0,90,90,2009-2011
734955,1009635,0,90,90,2009-2011
734985,1009635,-30,90,94.8683298050514,2009-2011
735015,1009605,-60,60,84.8528137423857,2009-2011
735045,1009605,0,90,90,2009-2011
735075,1009575,0,60,60,2009-2011
735105,1009575,0,60,60,2009-2011
735135,1009545,0,30,30,2009-2011
735165,1009545,-30,30,42.4264068711929,2009-2011
735195,1009545,0,60,60,2009-2011
735225,1009515,0,30,30,2009-2011
735255,1009515,0,30,30,2009-2011
735285,1009515,0,30,30,2009-2011
735315,1009515,0,30,30,2009-2011
735345,1009485,-30,0,30,2009-2011
735375,1009485,0,30,30,2009-2011
735405,1009455,0,0,0,2009-2011
735435,1009455,0,0,0,2009-2011
735465,1009425,0,0,0,2009-2011
735495,1009395,-30,0,30,2009-2011
735525,1009365,-30,0,30,2009-2011
735555,1009335,-30,0,30,2009-2011
735585,1009305,-30,0,30,2009-2011
735585,1009275,0,0,0,2009-2011
735615,1009245,0,0,0,2009-2011
735645,1009215,0,0,0,2009-2011
735675,1009185,0,0,0,2009-2011
735705,1009155,0,0,0,2009-2011
735735,1009125,0,0,0,2009-2011
735765,1009095,0,0,0,2009-2011
735795,1009065,0,0,0,2009-2011
735825,1009035,0,0,0,2009-2011
735855,1009005,0,0,0,2009-2011
735885,1008975,0,0,0,2009-2011
735915,1008945,-30,0,30,2009-2011
735915,1008915,0,0,0,2009-2011
735945,1008885,0,-30,30,2009-2011
735975,1008885,0,-30,30,2009-2011
736005,1008885,0,0,0,2009-2011
736035,1008855,0,-30,30,2009-2011
736065,1008855,0,0,0,2009-2011
736095,1008825,0,0,0,2009-2011
736125,1008825,0,0,0,2009-2011
736155,1008795,0,0,0,2009-2011
736185,1008795,0,0,0,2009-2011
736215,1008765,0,0,0,2009-2011
736245,1008735,0,0,0,2009-2011
736275,1008735,0,0,0,2009-2011
736305,1008705,0,0,0,2009-2011
736335,1008675,0,0,0,2009-2011
736365,1008675,0,0,0,2009-2011
736395,1008645,0,0,0,2009-2011
736425,1008615,0,0,0,2009-2011
736455,1008585,0,0,0,2009-2011
736485,1008585,-30,0,30,2009-2011
736515,1008555,0,0,0,2009-2011
736515,1008525,0,-30,30,2009-2011
736545,1008495,0,-30,30,2009-2011
736575,1008465,0,-30,30,2009-2011
736605,1008435,0,-30,30,2009-2011
736635,1008405,0,-30,30,2009-2011
736665,1008375,0,-30,30,2009-2011
736695,1008345,0,-30,30,2009-2011
736725,1008315,0,-30,30,2009-2011
736755,1008315,0,0,0,2009-2011
736785,1008285,0,0,0,2009-2011
736785,1008255,0,0,0,2009-2011
736785,1008225,0,0,0,2009-2011
736815,1008195,0,0,0,2009-2011
736845,1008165,0,0,0,2009-2011
736875,1008135,0,0,0,2009-2011
736875,1008105,0,0,0,2009-2011
736905,1008075,0,0,0,2009-2011
736935,1008045,0,0,0,2009-2011
736965,1008015,0,0,0,2009-2011
736995,1007985,0,0,0,2009-2011
737025,1007955,0,0,0,2009-2011
737025,1007925,0,0,0,2009-2011
737055,1007895,0,0,0,2009-2011
737085,1007865,0,0,0,2009-2011
737115,1007835,0,0,0,2009-2011
737145,1007805,0,0,0,2009-2011
737175,1007775,0,0,0,2009-2011
737205,1007745,0,0,0,2009-2011
737235,1007715,0,0,0,2009-2011
737265,1007685,-30,0,30,2009-2011
737265,1007655,0,0,0,2009-2011
737295,1007625,0,0,0,2009-2011
737325,1007595,0,0,0,2009-2011
737355,1007565,0,0,0,2009-2011
737355,1007535,0,-30,30,2009-2011
737385,1007505,0,0,0,2009-2011
737415,1007475,0,0,0,2009-2011
737445,1007445,0,0,0,2009-2011
737445,1007415,0,-30,30,2009-2011
737475,1007385,0,0,0,2009-2011
737505,1007355,0,0,0,2009-2011
737505,1007325,0,0,0,2009-2011
737535,1007295,0,0,0,2009-2011
737565,1007265,0,0,0,2009-2011
737565,1007235,0,-30,30,2009-2011
737595,1007205,0,0,0,2009-2011
737625,1007175,0,0,0,2009-2011
737625,1007145,0,-30,30,2009-2011
737655,1007115,0,0,0,2009-2011
737685,1007085,0,0,0,2009-2011
737715,1007055,0,0,0,2009-2011
737715,1007025,0,-30,30,2009-2011
737745,1006995,0,0,0,2009-2011
737775,1006965,0,0,0,2009-2011
737775,1006935,0,-30,30,2009-2011
737805,1006905,0,0,0,2009-2011
737835,1006875,0,0,0,2009-2011
737865,1006845,0,0,0,2009-2011
737895,1006815,0,0,0,2009-2011
737895,1006785,0,0,0,2009-2011
737925,1006755,0,0,0,2009-2011
737955,1006725,0,0,0,2009-2011
737985,1006725,-30,0,30,2009-2011
738015,1006695,-30,0,30,2009-2011
738015,1006665,0,0,0,2009-2011
738015,1006635,0,-30,30,2009-2011
738015,1006605,30,0,30,2009-2011
738045,1006575,0,0,0,2009-2011
738045,1006545,0,0,0,2009-2011
738045,1006515,0,-30,30,2009-2011
738045,1006485,30,0,30,2009-2011
738075,1006455,0,0,0,2009-2011
738105,1006425,-30,0,30,2009-2011
738105,1006395,0,0,0,2009-2011
738105,1006365,0,0,0,2009-2011
738135,1006335,0,0,0,2009-2011
738165,1006305,-30,0,30,2009-2011
738165,1006275,0,0,0,2009-2011
738195,1006245,-30,0,30,2009-2011
738195,1006215,0,0,0,2009-2011
738225,1006185,-30,0,30,2009-2011
738225,1006155,0,0,0,2009-2011
738255,1006125,0,0,0,2009-2011
738255,1006095,0,0,0,2009-2011
738285,1006065,0,0,0,2009-2011
738315,1006035,-30,0,30,2009-2011
738345,1006005,-30,0,30,2009-2011
738345,1005975,0,0,0,2009-2011
738345,1005945,0,0,0,2009-2011
738375,1005915,0,0,0,2009-2011
738375,1005885,0,0,0,2009-2011
738405,1005855,0,0,0,2009-2011
738405,1005825,0,0,0,2009-2011
738405,1005795,0,-30,30,2009-2011
738435,1005765,0,0,0,2009-2011
738435,1005735,0,-30,30,2009-2011
738465,1005705,0,-30,30,2009-2011
738465,1005675,30,0,30,2009-2011
738495,1005645,0,-30,30,2009-2011
738495,1005615,30,0,30,2009-2011
738525,1005585,0,-30,30,2009-2011
738525,1005555,30,0,30,2009-2011
738555,1005525,0,-30,30,2009-2011
738555,1005495,30,0,30,2009-2011
738555,1005465,30,-30,42.4264068711929,2009-2011
738585,1005435,30,0,30,2009-2011
738585,1005405,30,0,30,2009-2011
738615,1005375,0,-30,30,2009-2011
738645,1005345,0,0,0,2009-2011
738645,1005315,0,-30,30,2009-2011
738675,1005285,0,-30,30,2009-2011
738705,1005255,0,-30,30,2009-2011
738705,1005225,30,0,30,2009-2011
738735,1005195,0,-30,30,2009-2011
738765,1005165,0,0,0,2009-2011
738765,1005135,0,-30,30,2009-2011
738795,1005105,0,0,0,2009-2011
738825,1005075,0,0,0,2009-2011
738825,1005045,0,-30,30,2009-2011
738855,1005015,0,0,0,2009-2011
738885,1004985,0,0,0,2009-2011
738885,1004955,0,-30,30,2009-2011
738915,1004925,0,0,0,2009-2011
738945,1004895,0,0,0,2009-2011
738945,1004865,0,0,0,2009-2011
738945,1004835,0,0,0,2009-2011
738945,1004805,0,-30,30,2009-2011
738975,1004775,0,0,0,2009-2011
738975,1004745,0,0,0,2009-2011
738975,1004715,0,-30,30,2009-2011
739005,1004685,0,-30,30,2009-2011
739035,1004655,0,-30,30,2009-2011
739065,1004625,0,0,0,2009-2011
739065,1004595,0,0,0,2009-2011
739095,1004565,0,0,0,2009-2011
739125,1004535,0,0,0,2009-2011
739125,1004505,0,0,0,2009-2011
739155,1004475,0,0,0,2009-2011
739185,1004445,0,0,0,2009-2011
739215,1004415,0,0,0,2009-2011
739245,1004415,0,0,0,2009-2011
739275,1004385,0,0,0,2009-2011
739305,1004355,0,0,0,2009-2011
739335,1004325,0,0,0,2009-2011
739365,1004295,0,0,0,2009-2011
739395,1004265,0,-30,30,2009-2011
739425,1004235,0,-30,30,2009-2011
739455,1004205,0,-30,30,2009-2011
739485,1004205,0,0,0,2009-2011
739515,1004175,0,-30,30,2009-2011
739545,1004145,0,-30,30,2009-2011
739575,1004115,0,-30,30,2009-2011
739605,1004115,0,-30,30,2009-2011
739635,1004085,0,-30,30,2009-2011
739665,1004055,0,-30,30,2009-2011
739695,1004025,0,-30,30,2009-2011
739725,1003995,0,-30,30,2009-2011
739755,1003965,0,-30,30,2009-2011
739785,1003965,0,0,0,2009-2011
739815,1003935,0,0,0,2009-2011
739845,1003905,0,-30,30,2009-2011
739875,1003875,0,-30,30,2009-2011
739905,1003845,0,-30,30,2009-2011
739935,1003815,0,-30,30,2009-2011
739965,1003785,0,-30,30,2009-2011
739995,1003785,0,0,0,2009-2011
740025,1003755,0,-30,30,2009-2011
740055,1003725,0,0,0,2009-2011
740085,1003695,0,0,0,2009-2011
740115,1003665,0,0,0,2009-2011
740145,1003665,-30,0,30,2009-2011
740175,1003635,-30,0,30,2009-2011
740175,1003605,0,0,0,2009-2011
740205,1003575,0,0,0,2009-2011
740235,1003545,0,0,0,2009-2011
740265,1003515,0,0,0,2009-2011
740295,1003485,0,0,0,2009-2011
740325,1003455,0,0,0,2009-2011
740355,1003425,0,0,0,2009-2011
740355,1003395,0,-30,30,2009-2011
740385,1003365,0,-30,30,2009-2011
740415,1003335,0,-30,30,2009-2011
740445,1003305,0,-30,30,2009-2011
740475,1003275,0,-30,30,2009-2011
740505,1003245,0,0,0,2009-2011
740505,1003215,0,0,0,2009-2011
740535,1003185,0,0,0,2009-2011
740565,1003155,0,0,0,2009-2011
740565,1003125,0,-30,30,2009-2011
740595,1003095,0,-30,30,2009-2011
740625,1003065,0,0,0,2009-2011
740625,1003035,0,-30,30,2009-2011
740655,1003005,0,-30,30,2009-2011
740685,1002975,0,-30,30,2009-2011
740715,1002945,0,-30,30,2009-2011
740745,1002915,0,-30,30,2009-2011
740775,1002885,0,-30,30,2009-2011
740805,1002855,0,-30,30,2009-2011
740835,1002825,0,-30,30,2009-2011
740865,1002795,0,-30,30,2009-2011
740895,1002765,0,-30,30,2009-2011
740925,1002735,0,-30,30,2009-2011
740955,1002705,0,-30,30,2009-2011
740985,1002675,0,-30,30,2009-2011
741015,1002645,0,-30,30,2009-2011
741045,1002615,0,0,0,2009-2011
741045,1002585,0,-30,30,2009-2011
741075,1002555,0,-30,30,2009-2011
741105,1002525,0,-30,30,2009-2011
741135,1002495,0,-30,30,2009-2011
741165,1002495,0,0,0,2009-2011
741195,1002465,0,0,0,2009-2011
741225,1002435,0,0,0,2009-2011
741255,1002405,0,0,0,2009-2011
741285,1002375,0,0,0,2009-2011
741315,1002345,0,0,0,2009-2011
741345,1002315,0,-30,30,2009-2011
741375,1002285,0,-30,30,2009-2011
741405,1002255,0,-30,30,2009-2011
741435,1002225,30,-30,42.4264068711929,2009-2011
741465,1002225,0,-30,30,2009-2011
741495,1002195,30,-30,42.4264068711929,2009-2011
741525,1002195,0,-30,30,2009-2011
741555,1002165,0,-30,30,2009-2011
741585,1002135,30,-30,42.4264068711929,2009-2011
741615,1002105,30,-30,42.4264068711929,2009-2011
741645,1002105,0,-30,30,2009-2011
741675,1002075,0,-30,30,2009-2011
741705,1002045,0,-30,30,2009-2011
741735,1002015,30,0,30,2009-2011
741765,1001985,0,0,0,2009-2011
741765,1001955,0,-30,30,2009-2011
741765,1001925,30,0,30,2009-2011
741765,1001895,30,0,30,2009-2011
741795,1001865,0,0,0,2009-2011
741795,1001835,0,0,0,2009-2011
741795,1001805,0,0,0,2009-2011
741795,1001775,0,0,0,2009-2011
741795,1001745,0,0,0,2009-2011
741795,1001715,0,0,0,2009-2011
741795,1001685,0,0,0,2009-2011
741825,1001655,0,0,0,2009-2011
741825,1001625,0,0,0,2009-2011
741825,1001595,0,0,0,2009-2011
741825,1001565,0,0,0,2009-2011
741825,1001535,0,0,0,2009-2011
741825,1001505,0,0,0,2009-2011
741825,1001475,0,-30,30,2009-2011
741825,1001445,30,0,30,2009-2011
741855,1001415,0,0,0,2009-2011
741855,1001385,0,0,0,2009-2011
741855,1001355,0,0,0,2009-2011
741855,1001325,0,0,0,2009-2011
741885,1001295,0,0,0,2009-2011
741885,1001265,0,0,0,2009-2011
741885,1001235,0,0,0,2009-2011
741915,1001205,0,0,0,2009-2011
741915,1001175,0,0,0,2009-2011
741945,1001145,-30,0,30,2009-2011
741945,1001115,0,0,0,2009-2011
741945,1001085,0,0,0,2009-2011
741975,1001055,0,0,0,2009-2011
741975,1001025,0,0,0,2009-2011
742005,1000995,-30,0,30,2009-2011
742005,1000965,0,0,0,2009-2011
742005,1000935,0,0,0,2009-2011
742035,1000905,0,0,0,2009-2011
742035,1000875,0,0,0,2009-2011
742035,1000845,0,-30,30,2009-2011
742065,1000815,0,-30,30,2009-2011
742065,1000785,30,0,30,2009-2011
742065,1000755,30,-30,42.4264068711929,2009-2011
742095,1000725,30,0,30,2009-2011
742095,1000695,30,-30,42.4264068711929,2009-2011
742095,1000665,60,0,60,2009-2011
742125,1000635,30,-30,42.4264068711929,2009-2011
742155,1000605,30,-30,42.4264068711929,2009-2011
742155,1000575,30,-60,67.0820393249937,2009-2011
742185,1000545,30,-60,67.0820393249937,2009-2011
742215,1000515,30,-60,67.0820393249937,2009-2011
742215,1000485,60,-60,84.8528137423857,2009-2011
742245,1000455,60,-30,67.0820393249937,2009-2011
742275,1000425,30,-60,67.0820393249937,2009-2011
742275,1000395,60,-60,84.8528137423857,2009-2011
742305,1000365,60,-60,84.8528137423857,2009-2011
742335,1000335,60,-30,67.0820393249937,2009-2011
742365,1000305,30,-60,67.0820393249937,2009-2011
742395,1000275,30,-60,67.0820393249937,2009-2011
742395,1000245,60,-60,84.8528137423857,2009-2011
742425,1000215,60,-60,84.8528137423857,2009-2011
742455,1000215,30,-60,67.0820393249937,2009-2011
742485,1000185,60,-60,84.8528137423857,2009-2011
742515,1000155,30,-90,94.8683298050514,2009-2011
742545,1000155,60,-60,84.8528137423857,2009-2011
742575,1000125,60,-60,84.8528137423857,2009-2011
742605,1000095,30,-90,94.8683298050514,2009-2011
742635,1000095,60,-60,84.8528137423857,2009-2011
742665,1000065,60,-60,84.8528137423857,2009-2011
742695,1000065,30,-60,67.0820393249937,2009-2011
742725,1000035,60,-60,84.8528137423857,2009-2011
742755,1000005,30,-90,94.8683298050514,2009-2011
742785,1000005,60,-60,84.8528137423857,2009-2011
742815,999975,30,-90,94.8683298050514,2009-2011
742845,999975,60,-60,84.8528137423857,2009-2011
742875,999975,30,-60,67.0820393249937,2009-2011
742905,999975,0,-60,60,2009-2011
742935,999975,0,-60,60,2009-2011
742965,999975,30,-30,42.4264068711929,2009-2011
742995,999975,0,-30,30,2009-2011
743025,999975,0,-30,30,2009-2011
743055,999975,0,-30,30,2009-2011
743085,999975,0,0,0,2009-2011
743115,999945,0,-30,30,2009-2011
743145,999945,0,0,0,2009-2011
743175,999915,0,0,0,2009-2011
743205,999915,-30,0,30,2009-2011
743235,999885,0,0,0,2009-2011
743265,999855,0,-30,30,2009-2011
743295,999825,0,-30,30,2009-2011
743325,999825,0,-30,30,2009-2011
743355,999795,0,-30,30,2009-2011
743385,999765,0,-30,30,2009-2011
743415,999735,0,-30,30,2009-2011
743445,999705,0,-30,30,2009-2011
743475,999705,0,0,0,2009-2011
743505,999675,0,-30,30,2009-2011
743535,999645,0,-30,30,2009-2011
743565,999615,0,-30,30,2009-2011
743595,999615,0,-30,30,2009-2011
743625,999585,0,-30,30,2009-2011
743655,999555,0,-30,30,2009-2011
743685,999525,0,-30,30,2009-2011
743715,999525,0,-30,30,2009-2011
743745,999495,0,-30,30,2009-2011
743775,999495,0,-30,30,2009-2011
743805,999465,0,-30,30,2009-2011
743835,999435,0,-30,30,2009-2011
743865,999405,0,-30,30,2009-2011
743895,999405,0,0,0,2009-2011
743925,999375,0,-30,30,2009-2011
743955,999345,0,-30,30,2009-2011
743985,999315,0,-30,30,2009-2011
744015,999285,30,-30,42.4264068711929,2009-2011
744045,999255,0,-60,60,2009-2011
744075,999255,30,-30,42.4264068711929,2009-2011
744105,999225,30,-30,42.4264068711929,2009-2011
744135,999195,30,-30,42.4264068711929,2009-2011
744165,999165,30,-30,42.4264068711929,2009-2011
744195,999165,0,-30,30,2009-2011
744225,999135,30,-30,42.4264068711929,2009-2011
744255,999105,30,-30,42.4264068711929,2009-2011
744285,999075,30,-30,42.4264068711929,2009-2011
744315,999045,30,-30,42.4264068711929,2009-2011
744345,999015,30,-30,42.4264068711929,2009-2011
744375,998985,30,-30,42.4264068711929,2009-2011
744405,998985,0,-30,30,2009-2011
744435,998955,0,-30,30,2009-2011
744465,998925,0,-30,30,2009-2011
744495,998895,0,-30,30,2009-2011
744525,998865,0,-30,30,2009-2011
744555,998835,0,-30,30,2009-2011
744585,998805,0,-30,30,2009-2011
744615,998775,0,-30,30,2009-2011
744645,998775,0,0,0,2009-2011
744675,998745,0,0,0,2009-2011
744705,998715,0,0,0,2009-2011
744705,998685,0,0,0,2009-2011
744735,998655,0,0,0,2009-2011
744765,998625,0,0,0,2009-2011
744795,998595,0,0,0,2009-2011
744825,998565,0,0,0,2009-2011
744855,998535,0,0,0,2009-2011
744885,998505,-30,0,30,2009-2011
744885,998475,0,0,0,2009-2011
744915,998445,0,0,0,2009-2011
744945,998415,0,0,0,2009-2011
744975,998385,0,0,0,2009-2011
745005,998355,0,0,0,2009-2011
745035,998325,0,0,0,2009-2011
745065,998295,0,0,0,2009-2011
745095,998265,-30,0,30,2009-2011
745125,998235,0,0,0,2009-2011
745125,998205,0,-30,30,2009-2011
745155,998175,0,-30,30,2009-2011
745185,998145,0,-30,30,2009-2011
745215,998145,0,0,0,2009-2011
745245,998115,0,-30,30,2009-2011
745275,998115,0,0,0,2009-2011
745305,998085,0,0,0,2009-2011
745335,998055,0,0,0,2009-2011
745365,998055,0,0,0,2009-2011
745395,998025,0,0,0,2009-2011
745425,998025,-30,0,30,2009-2011
745455,997995,0,0,0,2009-2011
745485,997995,-30,0,30,2009-2011
745515,997965,0,0,0,2009-2011
745545,997935,0,0,0,2009-2011
745575,997935,0,0,0,2009-2011
745605,997905,0,0,0,2009-2011
745635,997875,0,-30,30,2009-2011
745665,997875,0,0,0,2009-2011
745695,997875,0,0,0,2009-2011
745725,997845,0,0,0,2009-2011
745755,997845,0,0,0,2009-2011
745785,997815,0,0,0,2009-2011
745815,997815,0,0,0,2009-2011
745845,997785,0,0,0,2009-2011
745875,997785,0,0,0,2009-2011
745905,997755,0,0,0,2009-2011
745935,997755,0,0,0,2009-2011
745965,997755,-30,0,30,2009-2011
745995,997755,0,30,30,2009-2011
746025,997755,0,30,30,2009-2011
746055,997725,0,0,0,2009-2011
746085,997725,-30,0,30,2009-2011
746115,997725,0,30,30,2009-2011
746145,997695,0,0,0,2009-2011
746175,997665,0,0,0,2009-2011
746205,997665,0,0,0,2009-2011
746235,997665,0,0,0,2009-2011
746265,997665,-30,0,30,2009-2011
746295,997635,0,0,0,2009-2011
746325,997635,0,0,0,2009-2011
746355,997635,0,0,0,2009-2011
746385,997635,0,0,0,2009-2011
746415,997635,0,0,0,2009-2011
746445,997605,0,-30,30,2009-2011
746475,997605,0,-30,30,2009-2011
746505,997605,0,-30,30,2009-2011
746535,997605,0,0,0,2009-2011
746565,997605,0,0,0,2009-2011
746595,997605,0,0,0,2009-2011
746625,997605,0,0,0,2009-2011
746655,997605,0,0,0,2009-2011
746685,997605,0,0,0,2009-2011
746715,997605,0,0,0,2009-2011
746745,997605,0,0,0,2009-2011
746775,997605,-30,0,30,2009-2011
746805,997605,0,30,30,2009-2011
746835,997575,0,0,0,2009-2011
746865,997575,0,0,0,2009-2011
746895,997575,0,0,0,2009-2011
746925,997575,0,0,0,2009-2011
746955,997575,0,0,0,2009-2011
746985,997575,0,0,0,2009-2011
747015,997575,0,0,0,2009-2011
747045,997575,-30,0,30,2009-2011
747075,997575,0,30,30,2009-2011
747105,997575,0,30,30,2009-2011
747135,997575,0,30,30,2009-2011
747165,997545,0,0,0,2009-2011
747195,997545,0,0,0,2009-2011
747225,997545,0,0,0,2009-2011
747255,997545,0,0,0,2009-2011
747285,997545,0,0,0,2009-2011
747315,997545,0,0,0,2009-2011
747345,997545,0,0,0,2009-2011
747375,997545,0,0,0,2009-2011
747405,997545,0,0,0,2009-2011
747435,997545,0,0,0,2009-2011
747465,997545,0,0,0,2009-2011
747495,997545,-30,0,30,2009-2011
747525,997545,0,30,30,2009-2011
747555,997545,0,30,30,2009-2011
747585,997545,0,30,30,2009-2011
747615,997545,0,30,30,2009-2011
747645,997545,0,30,30,2009-2011
747675,997515,0,0,0,2009-2011
747705,997515,0,0,0,2009-2011
747735,997515,0,0,0,2009-2011
747765,997515,0,0,0,2009-2011
747795,997515,0,0,0,2009-2011
747825,997515,0,0,0,2009-2011
747855,997515,-30,0,30,2009-2011
747885,997485,0,0,0,2009-2011
747915,997485,0,0,0,2009-2011
747945,997485,0,0,0,2009-2011
747975,997485,-30,0,30,2009-2011
748005,997455,0,0,0,2009-2011
748035,997455,0,0,0,2009-2011
748065,997425,0,-30,30,2009-2011
748095,997425,0,0,0,2009-2011
748125,997425,0,0,0,2009-2011
748155,997395,0,0,0,2009-2011
748185,997395,0,0,0,2009-2011
748215,997365,0,-30,30,2009-2011
748245,997365,0,0,0,2009-2011
748275,997365,0,0,0,2009-2011
748305,997335,0,-30,30,2009-2011
748335,997335,0,-30,30,2009-2011
748365,997335,0,-30,30,2009-2011
748395,997335,0,-30,30,2009-2011
748425,997335,0,-30,30,2009-2011
748455,997305,0,-60,60,2009-2011
748485,997305,0,-60,60,2009-2011
748515,997305,30,-30,42.4264068711929,2009-2011
748545,997305,0,-30,30,2009-2011
748575,997305,0,-30,30,2009-2011
748605,997305,-30,-30,42.4264068711929,2009-2011
748635,997305,0,-60,60,2009-2011
748665,997305,0,-60,60,2009-2011
748695,997305,0,-60,60,2009-2011
748725,997335,0,-30,30,2009-2011
748755,997335,0,-30,30,2009-2011
748785,997335,0,-30,30,2009-2011
748815,997335,0,-30,30,2009-2011
748845,997365,-30,0,30,2009-2011
748875,997365,0,-30,30,2009-2011
748905,997365,0,-30,30,2009-2011
748935,997365,0,-30,30,2009-2011
748965,997365,0,-30,30,2009-2011
748995,997365,0,-30,30,2009-2011
749025,997365,0,-30,30,2009-2011
749055,997365,0,-30,30,2009-2011
749085,997365,0,-30,30,2009-2011
749115,997365,0,-30,30,2009-2011
749145,997365,-30,-30,42.4264068711929,2009-2011
749175,997365,0,-60,60,2009-2011
749205,997365,0,-60,60,2009-2011
749235,997365,0,-60,60,2009-2011
749265,997365,0,-60,60,2009-2011
749295,997365,0,-60,60,2009-2011
749325,997365,30,-30,42.4264068711929,2009-2011
749355,997365,0,-30,30,2009-2011
749385,997365,0,-30,30,2009-2011
749415,997365,0,-30,30,2009-2011
749445,997365,0,-30,30,2009-2011
749475,997365,0,-30,30,2009-2011
749505,997365,0,-30,30,2009-2011
749535,997335,30,-30,42.4264068711929,2009-2011
749565,997335,0,-30,30,2009-2011
749595,997335,0,-30,30,2009-2011
749625,997335,0,-30,30,2009-2011
749655,997335,0,0,0,2009-2011
749685,997305,0,-30,30,2009-2011
749715,997305,0,-30,30,2009-2011
749745,997305,0,-30,30,2009-2011
749775,997305,0,-30,30,2009-2011
749805,997275,0,-30,30,2009-2011
749835,997275,0,-30,30,2009-2011
749865,997275,0,-30,30,2009-2011
749895,997275,0,-30,30,2009-2011
749925,997245,30,-30,42.4264068711929,2009-2011
749955,997245,0,-30,30,2009-2011
749985,997245,0,-30,30,2009-2011
750015,997245,0,-30,30,2009-2011
750045,997215,0,-30,30,2009-2011
750075,997215,0,-30,30,2009-2011
750105,997215,0,-30,30,2009-2011
750135,997185,0,-30,30,2009-2011
750165,997185,0,-30,30,2009-2011
750195,997185,0,-30,30,2009-2011
750225,997155,0,-30,30,2009-2011
750255,997155,0,-30,30,2009-2011
750285,997125,30,-30,42.4264068711929,2009-2011
750315,997125,0,-30,30,2009-2011
750345,997125,0,-30,30,2009-2011
750375,997095,0,-30,30,2009-2011
750405,997095,0,0,0,2009-2011
750435,997095,0,0,0,2009-2011
750465,997065,0,-30,30,2009-2011
750495,997065,0,0,0,2009-2011
750525,997065,0,0,0,2009-2011
750555,997035,0,-30,30,2009-2011
750585,997035,0,0,0,2009-2011
750615,997005,0,0,0,2009-2011
750645,997005,0,0,0,2009-2011
750675,996975,0,0,0,2009-2011
750705,996945,0,-30,30,2009-2011
750735,996945,0,-30,30,2009-2011
750765,996945,0,0,0,2009-2011
750795,996945,-30,0,30,2009-2011
750825,996915,0,0,0,2009-2011
750855,996915,-30,0,30,2009-2011
750885,996885,0,0,0,2009-2011
750915,996885,-30,0,30,2009-2011
750945,996855,0,0,0,2009-2011
750975,996855,-30,0,30,2009-2011
751005,996825,0,0,0,2009-2011
751035,996795,0,0,0,2009-2011
751065,996795,0,0,0,2009-2011
751095,996795,-30,0,30,2009-2011
751125,996765,0,0,0,2009-2011
751155,996735,0,0,0,2009-2011
751185,996735,0,0,0,2009-2011
751215,996735,0,0,0,2009-2011
751245,996705,0,0,0,2009-2011
751275,996705,0,0,0,2009-2011
751305,996675,0,0,0,2009-2011
751335,996675,0,0,0,2009-2011
751365,996645,0,0,0,2009-2011
751395,996645,0,0,0,2009-2011
751425,996645,-30,0,30,2009-2011
751455,996615,0,0,0,2009-2011
751485,996585,0,0,0,2009-2011
751515,996585,0,0,0,2009-2011
751545,996555,0,0,0,2009-2011
751575,996555,0,0,0,2009-2011
751605,996555,-30,0,30,2009-2011
751635,996525,-30,0,30,2009-2011
751665,996495,0,0,0,2009-2011
751695,996495,-30,0,30,2009-2011
751725,996465,-30,0,30,2009-2011
751755,996435,-30,0,30,2009-2011
751785,996435,-30,30,42.4264068711929,2009-2011
751815,996405,-30,30,42.4264068711929,2009-2011
751845,996375,0,30,30,2009-2011
751875,996345,-30,0,30,2009-2011
751905,996345,-30,30,42.4264068711929,2009-2011
751935,996315,0,30,30,2009-2011
751965,996315,-30,30,42.4264068711929,2009-2011
751995,996285,0,30,30,2009-2011
752025,996255,-30,0,30,2009-2011
752055,996225,0,0,0,2009-2011
752085,996225,-30,0,30,2009-2011
752115,996195,0,0,0,2009-2011
752145,996165,0,0,0,2009-2011
752175,996165,0,0,0,2009-2011
752205,996135,0,0,0,2009-2011
752235,996135,0,0,0,2009-2011
752265,996135,0,0,0,2009-2011
752295,996105,0,-30,30,2009-2011
752325,996105,0,0,0,2009-2011
752355,996105,0,0,0,2009-2011
752385,996105,0,0,0,2009-2011
752415,996105,0,0,0,2009-2011
752445,996075,0,0,0,2009-2011
752475,996075,0,0,0,2009-2011
752505,996075,0,0,0,2009-2011
752535,996045,0,-30,30,2009-2011
752565,996045,0,0,0,2009-2011
752595,996015,0,-30,30,2009-2011
752625,996015,0,0,0,2009-2011
752655,995985,0,-30,30,2009-2011
752685,995985,0,0,0,2009-2011
752715,995985,0,0,0,2009-2011
752745,995955,0,0,0,2009-2011
752775,995955,0,0,0,2009-2011
752805,995925,0,0,0,2009-2011
752835,995895,0,-30,30,2009-2011
752865,995895,0,0,0,2009-2011
752895,995865,0,-30,30,2009-2011
752925,995865,0,0,0,2009-2011
752955,995835,0,0,0,2009-2011
752985,995805,0,-30,30,2009-2011
753015,995805,0,-30,30,2009-2011
753045,995775,0,-30,30,2009-2011
753075,995775,0,0,0,2009-2011
753105,995745,0,0,0,2009-2011
753135,995715,0,-30,30,2009-2011
753165,995715,0,-30,30,2009-2011
753195,995685,0,-30,30,2009-2011
753225,995685,0,0,0,2009-2011
753255,995655,0,-30,30,2009-2011
753285,995625,0,-30,30,2009-2011
753315,995625,0,-30,30,2009-2011
753345,995595,0,-30,30,2009-2011
753375,995595,0,0,0,2009-2011
753405,995565,0,-30,30,2009-2011
753435,995565,0,0,0,2009-2011
753465,995535,0,0,0,2009-2011
753495,995505,0,-30,30,2009-2011
753525,995505,0,0,0,2009-2011
753555,995475,0,-30,30,2009-2011
753585,995475,0,0,0,2009-2011
753615,995445,0,0,0,2009-2011
753645,995415,0,0,0,2009-2011
753675,995385,0,0,0,2009-2011
753705,995385,0,0,0,2009-2011
753735,995355,0,0,0,2009-2011
753765,995325,0,0,0,2009-2011
753795,995325,0,0,0,2009-2011
753825,995295,0,0,0,2009-2011
753855,995265,0,-30,30,2009-2011
753885,995265,0,0,0,2009-2011
753915,995235,0,-30,30,2009-2011
753945,995235,0,0,0,2009-2011
753975,995205,0,0,0,2009-2011
754005,995205,0,0,0,2009-2011
754035,995175,0,0,0,2009-2011
754065,995175,0,0,0,2009-2011
754095,995145,0,0,0,2009-2011
754125,995115,0,-30,30,2009-2011
754155,995115,0,-30,30,2009-2011
754185,995115,0,0,0,2009-2011
754215,995085,0,0,0,2009-2011
754245,995085,0,0,0,2009-2011
754275,995085,0,0,0,2009-2011
754305,995085,0,0,0,2009-2011
754335,995085,0,0,0,2009-2011
754365,995085,0,0,0,2009-2011
754395,995085,-30,0,30,2009-2011
754425,995055,0,0,0,2009-2011
754455,995055,0,0,0,2009-2011
754485,995055,0,0,0,2009-2011
754515,995055,-30,0,30,2009-2011
754545,995055,0,30,30,2009-2011
754575,995025,0,0,0,2009-2011
754605,995025,0,0,0,2009-2011
754635,994995,0,-30,30,2009-2011
754665,994995,0,-30,30,2009-2011
754695,994995,0,-30,30,2009-2011
754725,994995,0,-30,30,2009-2011
754755,994995,0,0,0,2009-2011
754785,994995,0,0,0,2009-2011
754815,994995,0,0,0,2009-2011
754845,994965,0,-30,30,2009-2011
754875,994965,0,-30,30,2009-2011
754905,994965,0,0,0,2009-2011
754935,994965,0,0,0,2009-2011
754965,994965,0,0,0,2009-2011
754995,994965,0,0,0,2009-2011
755025,994965,0,0,0,2009-2011
755055,994965,0,0,0,2009-2011
755085,994965,0,0,0,2009-2011
755115,994965,0,0,0,2009-2011
755145,994965,0,0,0,2009-2011
755175,994965,0,0,0,2009-2011
755205,994965,0,0,0,2009-2011
755235,994965,0,0,0,2009-2011
755265,994965,0,0,0,2009-2011
755295,994965,0,0,0,2009-2011
755325,994965,-30,0,30,2009-2011
755355,994965,0,-30,30,2009-2011
755385,994965,0,-30,30,2009-2011
755415,994995,0,0,0,2009-2011
755445,994995,0,0,0,2009-2011
755475,994995,0,0,0,2009-2011
755505,994995,0,0,0,2009-2011
755535,994995,0,0,0,2009-2011
755565,994995,0,0,0,2009-2011
755595,994995,0,0,0,2009-2011
755625,995025,0,0,0,2009-2011
755655,995025,0,0,0,2009-2011
755685,995025,0,0,0,2009-2011
755715,995025,0,0,0,2009-2011
755745,995025,0,0,0,2009-2011
755775,995055,0,30,30,2009-2011
755805,995055,0,0,0,2009-2011
755835,995055,0,0,0,2009-2011
755865,995085,0,0,0,2009-2011
755895,995085,-30,0,30,2009-2011
755925,995115,0,0,0,2009-2011
755955,995115,0,0,0,2009-2011
755985,995145,0,0,0,2009-2011
756015,995145,0,0,0,2009-2011
756045,995145,-30,0,30,2009-2011
756075,995175,0,0,0,2009-2011
756105,995175,-30,0,30,2009-2011
756135,995205,0,0,0,2009-2011
756165,995205,0,0,0,2009-2011
756195,995205,0,0,0,2009-2011
756225,995235,0,30,30,2009-2011
756255,995235,0,0,0,2009-2011
756285,995235,0,0,0,2009-2011
756315,995265,0,0,0,2009-2011
756345,995265,0,0,0,2009-2011
756375,995265,0,0,0,2009-2011
756405,995295,0,0,0,2009-2011
756435,995295,0,0,0,2009-2011
756465,995295,0,0,0,2009-2011
756495,995325,0,30,30,2009-2011
756525,995325,0,0,0,2009-2011
756555,995325,0,0,0,2009-2011
756585,995355,0,30,30,2009-2011
756615,995355,0,0,0,2009-2011
756645,995355,0,0,0,2009-2011
756675,995385,0,30,30,2009-2011
756705,995385,0,0,0,2009-2011
756735,995385,0,0,0,2009-2011
756765,995385,0,0,0,2009-2011
756795,995415,0,0,0,2009-2011
756825,995415,0,0,0,2009-2011
756855,995415,0,0,0,2009-2011
756885,995445,0,0,0,2009-2011
756915,995475,0,30,30,2009-2011
756945,995475,0,30,30,2009-2011
756975,995475,0,30,30,2009-2011
757005,995505,0,30,30,2009-2011
757035,995505,0,30,30,2009-2011
757065,995505,0,0,0,2009-2011
757095,995505,0,0,0,2009-2011
757125,995535,0,30,30,2009-2011
757155,995535,0,0,0,2009-2011
757185,995535,0,0,0,2009-2011
757215,995565,0,30,30,2009-2011
757245,995565,0,0,0,2009-2011
757275,995565,0,0,0,2009-2011
757305,995595,0,30,30,2009-2011
757335,995595,0,0,0,2009-2011
757365,995625,0,30,30,2009-2011
757395,995625,0,30,30,2009-2011
757425,995625,0,0,0,2009-2011
757455,995625,0,0,0,2009-2011
757485,995655,0,0,0,2009-2011
757515,995655,0,0,0,2009-2011
757545,995655,0,0,0,2009-2011
757575,995655,0,0,0,2009-2011
757605,995685,0,30,30,2009-2011
757635,995685,0,0,0,2009-2011
757665,995685,0,0,0,2009-2011
757695,995685,0,0,0,2009-2011
757725,995685,0,0,0,2009-2011
757755,995685,0,0,0,2009-2011
757785,995685,0,0,0,2009-2011
757815,995685,0,0,0,2009-2011
757845,995685,0,0,0,2009-2011
757875,995685,0,0,0,2009-2011
757905,995685,0,0,0,2009-2011
757935,995685,0,0,0,2009-2011
757965,995685,0,0,0,2009-2011
757995,995685,0,0,0,2009-2011
758025,995685,0,0,0,2009-2011
758055,995685,0,0,0,2009-2011
758085,995685,0,0,0,2009-2011
758115,995685,0,0,0,2009-2011
758145,995685,0,0,0,2009-2011
758175,995685,0,0,0,2009-2011
758205,995685,0,0,0,2009-2011
758235,995685,0,0,0,2009-2011
758265,995715,0,30,30,2009-2011
758295,995715,0,0,0,2009-2011
758325,995715,0,0,0,2009-2011
758355,995715,0,0,0,2009-2011
758385,995715,0,0,0,2009-2011
758415,995715,0,0,0,2009-2011
758445,995715,0,0,0,2009-2011
758475,995715,0,0,0,2009-2011
758505,995715,0,0,0,2009-2011
758535,995715,0,0,0,2009-2011
758565,995715,0,0,0,2009-2011
758595,995715,0,0,0,2009-2011
758625,995715,0,0,0,2009-2011
758655,995715,0,0,0,2009-2011
758685,995715,0,0,0,2009-2011
758715,995715,0,0,0,2009-2011
758745,995715,0,0,0,2009-2011
758775,995745,0,30,30,2009-2011
758805,995745,0,30,30,2009-2011
758835,995745,0,30,30,2009-2011
758865,995715,0,0,0,2009-2011
758895,995715,0,0,0,2009-2011
758925,995715,0,0,0,2009-2011
758955,995715,0,0,0,2009-2011
758985,995715,0,0,0,2009-2011
759015,995715,0,0,0,2009-2011
759045,995715,0,0,0,2009-2011
759075,995715,0,0,0,2009-2011
759105,995715,0,0,0,2009-2011
759135,995715,0,0,0,2009-2011
759165,995715,0,0,0,2009-2011
759195,995685,0,-30,30,2009-2011
759225,995685,0,0,0,2009-2011
759255,995685,0,0,0,2009-2011
759285,995685,0,0,0,2009-2011
759315,995685,0,0,0,2009-2011
759345,995685,0,0,0,2009-2011
759375,995655,0,0,0,2009-2011
759405,995655,0,0,0,2009-2011
759435,995625,0,0,0,2009-2011
759465,995625,0,0,0,2009-2011
759495,995595,0,0,0,2009-2011
759525,995595,0,0,0,2009-2011
759555,995595,0,0,0,2009-2011
759585,995595,0,0,0,2009-2011
759615,995565,0,0,0,2009-2011
759645,995565,0,0,0,2009-2011
759675,995565,0,0,0,2009-2011
759705,995535,0,-30,30,2009-2011
759735,995535,0,0,0,2009-2011
759765,995505,0,-30,30,2009-2011
759795,995505,0,0,0,2009-2011
759825,995505,0,0,0,2009-2011
759855,995475,0,0,0,2009-2011
759885,995445,0,-30,30,2009-2011
759915,995445,0,0,0,2009-2011
759945,995445,0,0,0,2009-2011
759975,995415,0,0,0,2009-2011
760005,995385,0,0,0,2009-2011
760035,995385,0,0,0,2009-2011
760065,995355,0,0,0,2009-2011
760095,995325,0,0,0,2009-2011
760125,995325,0,0,0,2009-2011
760155,995295,0,0,0,2009-2011
760185,995295,0,0,0,2009-2011
760215,995265,0,0,0,2009-2011
760245,995235,0,0,0,2009-2011
760275,995235,-30,0,30,2009-2011
760305,995205,0,0,0,2009-2011
760335,995205,0,0,0,2009-2011
760365,995175,0,0,0,2009-2011
760395,995145,0,0,0,2009-2011
760425,995115,0,0,0,2009-2011
760455,995115,0,0,0,2009-2011
760485,995085,0,0,0,2009-2011
760515,995055,0,0,0,2009-2011
760545,995025,0,-30,30,2009-2011
760575,995025,0,0,0,2009-2011
760605,994995,0,0,0,2009-2011
760635,994965,0,0,0,2009-2011
760665,994965,0,0,0,2009-2011
760695,994935,0,0,0,2009-2011
760725,994935,0,0,0,2009-2011
760755,994905,0,0,0,2009-2011
760785,994875,0,0,0,2009-2011
760815,994845,0,-30,30,2009-2011
760845,994815,0,-30,30,2009-2011
760875,994815,0,0,0,2009-2011
760905,994785,0,0,0,2009-2011
760935,994755,0,-30,30,2009-2011
760965,994755,0,-30,30,2009-2011
760995,994755,0,0,0,2009-2011
761025,994725,0,0,0,2009-2011
761055,994695,0,0,0,2009-2011
761085,994665,0,-30,30,2009-2011
761115,994665,0,0,0,2009-2011
761145,994635,0,0,0,2009-2011
761175,994605,0,-30,30,2009-2011
761205,994575,0,-30,30,2009-2011
761235,994575,0,0,0,2009-2011
761265,994545,0,0,0,2009-2011
761295,994515,0,-30,30,2009-2011
761325,994515,0,0,0,2009-2011
761355,994485,0,-30,30,2009-2011
761385,994485,0,0,0,2009-2011
761415,994455,0,0,0,2009-2011
761445,994425,0,-30,30,2009-2011
761475,994425,0,0,0,2009-2011
761505,994395,0,-30,30,2009-2011
761535,994395,0,0,0,2009-2011
761565,994365,0,-30,30,2009-2011
761595,994335,0,-30,30,2009-2011
761625,994335,0,0,0,2009-2011
761655,994305,0,0,0,2009-2011
761685,994305,0,0,0,2009-2011
761715,994275,0,0,0,2009-2011
761745,994275,-30,0,30,2009-2011
761775,994245,-30,0,30,2009-2011
761805,994215,0,0,0,2009-2011
761835,994215,-30,0,30,2009-2011
761865,994185,-30,0,30,2009-2011
761895,994155,-30,0,30,2009-2011
761925,994125,0,0,0,2009-2011
761955,994095,0,0,0,2009-2011
761985,994065,0,0,0,2009-2011
762015,994035,0,0,0,2009-2011
762045,994005,0,0,0,2009-2011
762075,994005,0,0,0,2009-2011
762105,993975,0,0,0,2009-2011
762135,993945,0,0,0,2009-2011
762165,993945,-30,0,30,2009-2011
762195,993915,0,0,0,2009-2011
762225,993885,0,0,0,2009-2011
762255,993855,0,0,0,2009-2011
762285,993855,0,0,0,2009-2011
762315,993855,-30,0,30,2009-2011
762345,993825,0,0,0,2009-2011
762375,993795,0,0,0,2009-2011
762405,993795,-30,0,30,2009-2011
762435,993765,0,0,0,2009-2011
762465,993735,0,0,0,2009-2011
762495,993735,0,0,0,2009-2011
762525,993705,0,0,0,2009-2011
762555,993705,0,0,0,2009-2011
762585,993705,-30,0,30,2009-2011
762615,993675,0,0,0,2009-2011
762645,993675,0,0,0,2009-2011
762675,993645,0,0,0,2009-2011
762705,993645,0,0,0,2009-2011
762735,993645,0,0,0,2009-2011
762765,993645,0,0,0,2009-2011
762795,993645,0,0,0,2009-2011
762825,993645,0,0,0,2009-2011
762855,993645,0,0,0,2009-2011
762885,993615,0,-30,30,2009-2011
762915,993615,0,-30,30,2009-2011
762945,993615,0,0,0,2009-2011
762975,993615,0,0,0,2009-2011
763005,993615,0,0,0,2009-2011
763035,993615,0,0,0,2009-2011
763065,993615,0,0,0,2009-2011
763095,993615,0,0,0,2009-2011
763125,993615,0,0,0,2009-2011
763155,993615,0,0,0,2009-2011
763185,993615,0,0,0,2009-2011
763215,993585,0,0,0,2009-2011
763245,993585,0,0,0,2009-2011
763275,993585,0,0,0,2009-2011
763305,993585,0,0,0,2009-2011
763335,993585,0,0,0,2009-2011
763365,993585,0,0,0,2009-2011
763395,993585,0,0,0,2009-2011
763425,993585,0,0,0,2009-2011
763455,993585,0,0,0,2009-2011
763485,993555,0,-30,30,2009-2011
763515,993555,0,-30,30,2009-2011
763545,993555,0,-30,30,2009-2011
763575,993555,0,-30,30,2009-2011
763605,993555,0,0,0,2009-2011
763635,993555,0,0,0,2009-2011
763665,993525,0,-30,30,2009-2011
763695,993525,0,-30,30,2009-2011
763725,993525,0,-30,30,2009-2011
763755,993525,0,-30,30,2009-2011
763785,993525,0,-30,30,2009-2011
763815,993525,0,-30,30,2009-2011
763845,993525,0,-30,30,2009-2011
763875,993525,0,0,0,2009-2011
763905,993525,0,0,0,2009-2011
763935,993525,0,0,0,2009-2011
763965,993525,0,0,0,2009-2011
763995,993525,0,0,0,2009-2011
764025,993525,0,0,0,2009-2011
764055,993525,0,0,0,2009-2011
764085,993525,0,0,0,2009-2011
764115,993525,-30,0,30,2009-2011
764145,993525,0,30,30,2009-2011
764175,993525,0,30,30,2009-2011
764205,993525,0,30,30,2009-2011
764235,993525,-30,30,42.4264068711929,2009-2011
764265,993525,-60,30,67.0820393249937,2009-2011
764295,993525,-60,60,84.8528137423857,2009-2011
764325,993525,-30,90,94.8683298050514,2009-2011
764355,993525,-60,90,108.16653826392,2009-2011
764385,993525,-30,120,123.69316876853,2009-2011
764415,993525,30,120,123.69316876853,2009-2011
764445,993525,0,120,120,2009-2011
764475,993525,0,120,120,2009-2011
764505,993525,0,120,120,2009-2011
764535,993525,0,120,120,2009-2011
764565,993525,0,120,120,2009-2011
764595,993525,0,120,120,2009-2011
764625,993525,0,120,120,2009-2011
764655,993525,0,120,120,2009-2011
764685,993525,0,120,120,2009-2011
764715,993525,0,120,120,2009-2011
764745,993525,0,120,120,2009-2011
764775,993525,0,120,120,2009-2011
764805,993525,0,120,120,2009-2011
764835,993525,0,120,120,2009-2011
764865,993525,0,120,120,2009-2011
764895,993525,0,120,120,2009-2011
764925,993495,0,90,90,2009-2011
764955,993495,0,90,90,2009-2011
764985,993495,0,90,90,2009-2011
765015,993495,0,90,90,2009-2011
765045,993495,0,90,90,2009-2011
765075,993495,0,90,90,2009-2011
765105,993465,0,60,60,2009-2011
765135,993465,0,60,60,2009-2011
765165,993465,0,60,60,2009-2011
765195,993465,0,60,60,2009-2011
765225,993465,0,60,60,2009-2011
765255,993435,0,30,30,2009-2011
765285,993435,0,30,30,2009-2011
765315,993435,0,30,30,2009-2011
765345,993435,0,30,30,2009-2011
765375,993435,0,30,30,2009-2011
765405,993435,0,30,30,2009-2011
765435,993435,0,30,30,2009-2011
765465,993435,0,30,30,2009-2011
765495,993465,0,60,60,2009-2011
765525,993465,0,60,60,2009-2011
765555,993465,-30,60,67.0820393249937,2009-2011
765585,993495,-60,90,108.16653826392,2009-2011
765615,993495,30,90,94.8683298050514,2009-2011
765645,993525,0,120,120,2009-2011
765675,993525,0,120,120,2009-2011
765705,993525,0,120,120,2009-2011
765735,993555,0,150,150,2009-2011
765765,993555,0,150,150,2009-2011
765795,993555,0,150,150,2009-2011
765825,993555,0,150,150,2009-2011
765855,993555,0,150,150,2009-2011
765885,993555,0,150,150,2009-2011
765915,993555,0,150,150,2009-2011
765945,993555,0,150,150,2009-2011
765975,993585,-30,180,182.482875908947,2009-2011
766005,993585,-60,180,189.736659610103,2009-2011
766035,993585,-90,180,201.246117974981,2009-2011
766065,993585,0,210,210,2009-2011
766095,993585,0,210,210,2009-2011
766125,993585,0,210,210,2009-2011
766155,993585,0,210,210,2009-2011
766185,993585,0,210,210,2009-2011
766215,993585,0,210,210,2009-2011
766245,993585,-30,210,212.132034355964,2009-2011
766275,993585,-60,210,218.403296678416,2009-2011
766305,993585,-90,210,228.473193175917,2009-2011
766335,993585,0,240,240,2009-2011
766365,993615,0,270,270,2009-2011
766395,993615,0,270,270,2009-2011
766425,993615,-30,270,271.661554144122,2009-2011
766455,993615,-60,270,276.586333718787,2009-2011
766485,993645,-90,300,313.209195267316,2009-2011
766515,993645,60,300,305.941170815567,2009-2011
766545,993645,30,300,301.496268633627,2009-2011
766575,993645,0,300,300,2009-2011
766605,993645,0,300,300,2009-2011
766635,993645,120,270,295.465734053883,2009-2011
766665,993645,90,270,284.604989415154,2009-2011
766695,993645,60,270,276.586333718787,2009-2011
766725,993615,30,240,241.867732448957,2009-2011
766755,993615,0,240,240,2009-2011
766785,993615,0,240,240,2009-2011
766815,993585,0,210,210,2009-2011
766845,993585,0,210,210,2009-2011
766875,993555,0,180,180,2009-2011
766905,993555,0,180,180,2009-2011
766935,993555,0,180,180,2009-2011
766965,993555,0,180,180,2009-2011
766995,993555,0,180,180,2009-2011
767025,993555,0,180,180,2009-2011
767055,993555,0,180,180,2009-2011
767085,993555,0,180,180,2009-2011
767115,993555,0,180,180,2009-2011
767145,993555,0,180,180,2009-2011
767175,993555,0,180,180,2009-2011
767205,993585,0,210,210,2009-2011
767235,993585,0,210,210,2009-2011
767265,993585,0,210,210,2009-2011
767295,993615,0,240,240,2009-2011
767325,993615,0,240,240,2009-2011
767355,993615,0,240,240,2009-2011
767385,993615,0,240,240,2009-2011
767415,993615,-30,240,241.867732448957,2009-2011
767445,993615,-60,240,247.38633753706,2009-2011
767475,993585,-90,210,228.473193175917,2009-2011
767505,993585,0,240,240,2009-2011
767535,993585,0,240,240,2009-2011
767565,993555,0,210,210,2009-2011
767595,993555,0,210,210,2009-2011
767625,993525,0,180,180,2009-2011
767655,993525,-30,180,182.482875908947,2009-2011
767685,993525,-60,180,189.736659610103,2009-2011
767715,993495,-90,150,174.928556845359,2009-2011
767745,993495,0,180,180,2009-2011
767775,993465,0,150,150,2009-2011
767805,993465,0,150,150,2009-2011
767835,993435,0,120,120,2009-2011
767865,993435,0,120,120,2009-2011
767895,993405,0,90,90,2009-2011
767925,993405,0,90,90,2009-2011
767955,993405,0,90,90,2009-2011
767985,993375,0,60,60,2009-2011
768015,993375,0,60,60,2009-2011
768045,993345,-30,30,42.4264068711929,2009-2011
768075,993345,0,60,60,2009-2011
768105,993315,0,30,30,2009-2011
768135,993315,0,30,30,2009-2011
768165,993285,0,0,0,2009-2011
768195,993285,0,0,0,2009-2011
768225,993285,0,0,0,2009-2011
768255,993285,-30,0,30,2009-2011
768285,993285,0,30,30,2009-2011
768315,993255,0,0,0,2009-2011
768345,993255,0,0,0,2009-2011
768375,993255,0,0,0,2009-2011
768405,993255,0,0,0,2009-2011
768435,993255,-30,0,30,2009-2011
768465,993255,0,30,30,2009-2011
768495,993225,0,0,0,2009-2011
768525,993225,0,0,0,2009-2011
768555,993225,0,0,0,2009-2011
768585,993225,0,0,0,2009-2011
768615,993195,0,0,0,2009-2011
768645,993195,0,0,0,2009-2011
768675,993195,0,0,0,2009-2011
768705,993195,-30,0,30,2009-2011
768735,993165,0,0,0,2009-2011
768765,993165,0,0,0,2009-2011
768795,993165,-30,0,30,2009-2011
768825,993165,-30,30,42.4264068711929,2009-2011
768855,993135,0,30,30,2009-2011
768885,993135,-30,30,42.4264068711929,2009-2011
768915,993135,0,60,60,2009-2011
768945,993135,0,60,60,2009-2011
768975,993105,-30,30,42.4264068711929,2009-2011
769005,993105,0,60,60,2009-2011
769035,993105,-30,60,67.0820393249937,2009-2011
769065,993075,0,60,60,2009-2011
769095,993075,-30,60,67.0820393249937,2009-2011
769125,993045,0,60,60,2009-2011
769155,993045,-30,60,67.0820393249937,2009-2011
769185,993015,0,60,60,2009-2011
769215,993015,0,60,60,2009-2011
769245,992985,-30,30,42.4264068711929,2009-2011
769275,992955,-30,30,42.4264068711929,2009-2011
769305,992925,0,30,30,2009-2011
769335,992895,-30,0,30,2009-2011
769365,992865,-30,0,30,2009-2011
769395,992835,-30,0,30,2009-2011
769425,992805,-30,0,30,2009-2011
769455,992805,-30,30,42.4264068711929,2009-2011
769485,992775,-30,30,42.4264068711929,2009-2011
769485,992745,-30,0,30,2009-2011
769515,992715,-30,0,30,2009-2011
769515,992685,0,0,0,2009-2011
769545,992655,0,0,0,2009-2011
769575,992625,0,0,0,2009-2011
769605,992595,-30,0,30,2009-2011
769635,992565,-30,0,30,2009-2011
769635,992535,0,0,0,2009-2011
769665,992505,0,0,0,2009-2011
769695,992475,0,0,0,2009-2011
769725,992445,0,0,0,2009-2011
769755,992415,-30,0,30,2009-2011
769755,992385,0,0,0,2009-2011
769785,992355,0,0,0,2009-2011
769785,992325,0,-30,30,2009-2011
769815,992295,0,-30,30,2009-2011
769845,992265,0,0,0,2009-2011
769875,992235,0,0,0,2009-2011
769905,992205,0,0,0,2009-2011
769935,992175,0,0,0,2009-2011
769965,992145,0,0,0,2009-2011
769995,992115,0,0,0,2009-2011
770025,992085,0,0,0,2009-2011
770055,992055,0,0,0,2009-2011
770085,992025,-30,0,30,2009-2011
770085,991995,0,0,0,2009-2011
770115,991965,0,0,0,2009-2011
770145,991935,0,0,0,2009-2011
770175,991905,0,0,0,2009-2011
770205,991875,0,0,0,2009-2011
770235,991845,0,0,0,2009-2011
770265,991815,0,0,0,2009-2011
770295,991785,-30,0,30,2009-2011
770295,991755,0,0,0,2009-2011
770325,991725,0,0,0,2009-2011
770355,991695,-30,0,30,2009-2011
770355,991665,0,0,0,2009-2011
770385,991635,-30,0,30,2009-2011
770415,991605,-30,0,30,2009-2011
770415,991575,0,0,0,2009-2011
770415,991545,0,-30,30,2009-2011
770445,991515,0,0,0,2009-2011
770445,991485,0,-30,30,2009-2011
770475,991455,0,-30,30,2009-2011
770505,991425,0,-30,30,2009-2011
770535,991395,0,0,0,2009-2011
770565,991365,0,0,0,2009-2011
770595,991335,0,0,0,2009-2011
770625,991305,0,-30,30,2009-2011
770655,991275,0,-30,30,2009-2011
770685,991245,0,0,0,2009-2011
770715,991215,0,0,0,2009-2011
770745,991185,0,0,0,2009-2011
770775,991185,-30,0,30,2009-2011
770805,991155,-30,0,30,2009-2011
770805,991125,0,0,0,2009-2011
770835,991095,0,0,0,2009-2011
770835,991065,0,-30,30,2009-2011
770865,991035,0,0,0,2009-2011
770895,991005,0,0,0,2009-2011
770925,990975,0,0,0,2009-2011
770955,990945,0,0,0,2009-2011
770985,990915,0,0,0,2009-2011
771015,990885,-30,0,30,2009-2011
771015,990855,0,0,0,2009-2011
771045,990825,0,0,0,2009-2011
771075,990795,0,0,0,2009-2011
771105,990765,0,0,0,2009-2011
771135,990765,0,0,0,2009-2011
771165,990735,0,0,0,2009-2011
771195,990705,0,0,0,2009-2011
771225,990675,0,0,0,2009-2011
771255,990645,0,0,0,2009-2011
771285,990615,0,0,0,2009-2011
771315,990585,0,0,0,2009-2011
771345,990555,0,0,0,2009-2011
771375,990525,0,0,0,2009-2011
771405,990495,0,0,0,2009-2011
771435,990465,0,0,0,2009-2011
771465,990435,0,0,0,2009-2011
771495,990405,0,0,0,2009-2011
771525,990375,0,0,0,2009-2011
771555,990345,0,0,0,2009-2011
771585,990315,-30,0,30,2009-2011
771615,990285,0,0,0,2009-2011
771645,990255,0,-30,30,2009-2011
771675,990225,0,-30,30,2009-2011
771705,990225,0,0,0,2009-2011
771735,990195,0,-30,30,2009-2011
771765,990165,0,-30,30,2009-2011
771795,990135,30,-30,42.4264068711929,2009-2011
771825,990135,0,-30,30,2009-2011
771855,990105,30,-30,42.4264068711929,2009-2011
771885,990075,0,-60,60,2009-2011
771915,990045,30,-60,67.0820393249937,2009-2011
771945,990045,30,-30,42.4264068711929,2009-2011
771975,990015,0,-60,60,2009-2011
772005,990015,30,-30,42.4264068711929,2009-2011
772035,990015,0,-30,30,2009-2011
772065,989985,30,-30,42.4264068711929,2009-2011
772095,989985,0,-30,30,2009-2011
772125,989955,30,-30,42.4264068711929,2009-2011
772155,989955,0,-30,30,2009-2011
772185,989955,0,-30,30,2009-2011
772215,989925,0,-30,30,2009-2011
772245,989925,0,-30,30,2009-2011
772275,989895,0,-30,30,2009-2011
772305,989895,0,-30,30,2009-2011
772335,989895,0,0,0,2009-2011
772365,989865,0,0,0,2009-2011
772395,989865,0,0,0,2009-2011
772425,989835,0,0,0,2009-2011
772455,989835,0,0,0,2009-2011
772485,989835,-30,0,30,2009-2011
772515,989805,0,0,0,2009-2011
772545,989775,0,0,0,2009-2011
772575,989775,0,0,0,2009-2011
772605,989745,0,0,0,2009-2011
772635,989745,0,0,0,2009-2011
730725,1010925,0,0,0,2011-2013
730755,1010895,0,0,0,2011-2013
730755,1010865,0,0,0,2011-2013
730785,1010835,0,0,0,2011-2013
730815,1010835,0,0,0,2011-2013
730845,1010805,0,0,0,2011-2013
730875,1010805,0,0,0,2011-2013
730905,1010775,0,0,0,2011-2013
730935,1010775,0,0,0,2011-2013
730965,1010745,0,0,0,2011-2013
730995,1010745,0,0,0,2011-2013
731025,1010715,0,0,0,2011-2013
731055,1010715,-30,0,30,2011-2013
731085,1010685,0,0,0,2011-2013
731115,1010685,0,0,0,2011-2013
731145,1010655,0,0,0,2011-2013
731175,1010655,0,0,0,2011-2013
731205,1010625,0,0,0,2011-2013
731235,1010625,0,0,0,2011-2013
731265,1010625,-30,0,30,2011-2013
731295,1010595,0,0,0,2011-2013
731325,1010595,-30,0,30,2011-2013
731355,1010565,0,0,0,2011-2013
731385,1010565,0,0,0,2011-2013
731415,1010565,-30,0,30,2011-2013
731445,1010535,0,0,0,2011-2013
731475,1010535,-30,0,30,2011-2013
731505,1010505,0,0,0,2011-2013
731535,1010475,0,0,0,2011-2013
731565,1010475,0,0,0,2011-2013
731595,1010475,-30,0,30,2011-2013
731625,1010445,0,0,0,2011-2013
731655,1010445,-30,0,30,2011-2013
731685,1010415,0,0,0,2011-2013
731715,1010415,-30,0,30,2011-2013
731745,1010385,0,0,0,2011-2013
731775,1010385,-30,0,30,2011-2013
731805,1010355,0,0,0,2011-2013
731835,1010355,0,0,0,2011-2013
731865,1010355,0,0,0,2011-2013
731895,1010355,0,0,0,2011-2013
731925,1010355,-30,0,30,2011-2013
731955,1010355,0,30,30,2011-2013
731985,1010355,0,30,30,2011-2013
732015,1010325,0,0,0,2011-2013
732045,1010325,0,0,0,2011-2013
732075,1010325,0,0,0,2011-2013
732105,1010325,0,0,0,2011-2013
732135,1010325,0,0,0,2011-2013
732165,1010295,0,0,0,2011-2013
732195,1010295,0,0,0,2011-2013
732225,1010295,0,0,0,2011-2013
732255,1010295,0,0,0,2011-2013
732285,1010295,0,0,0,2011-2013
732315,1010295,0,0,0,2011-2013
732345,1010295,0,0,0,2011-2013
732375,1010295,0,0,0,2011-2013
732405,1010295,0,0,0,2011-2013
732435,1010265,0,0,0,2011-2013
732465,1010265,0,0,0,2011-2013
732495,1010265,0,0,0,2011-2013
732525,1010265,0,0,0,2011-2013
732555,1010265,-30,0,30,2011-2013
732585,1010265,0,30,30,2011-2013
732615,1010265,0,30,30,2011-2013
732645,1010265,0,30,30,2011-2013
732675,1010235,0,0,0,2011-2013
732705,1010235,0,0,0,2011-2013
732735,1010235,0,0,0,2011-2013
732765,1010235,-30,0,30,2011-2013
732795,1010235,0,30,30,2011-2013
732825,1010235,0,30,30,2011-2013
732855,1010235,0,30,30,2011-2013
732885,1010205,-30,0,30,2011-2013
732915,1010205,0,30,30,2011-2013
732945,1010205,0,30,30,2011-2013
732975,1010205,0,30,30,2011-2013
733005,1010175,0,0,0,2011-2013
733035,1010175,-30,0,30,2011-2013
733065,1010175,0,30,30,2011-2013
733095,1010145,0,0,0,2011-2013
733125,1010145,0,0,0,2011-2013
733155,1010145,-30,0,30,2011-2013
733185,1010145,0,30,30,2011-2013
733215,1010115,0,0,0,2011-2013
733245,1010115,-30,0,30,2011-2013
733275,1010115,0,30,30,2011-2013
733305,1010085,-30,0,30,2011-2013
733335,1010085,0,30,30,2011-2013
733365,1010085,0,30,30,2011-2013
733395,1010055,0,0,0,2011-2013
733425,1010055,0,0,0,2011-2013
733455,1010055,-30,0,30,2011-2013
733485,1010055,0,30,30,2011-2013
733515,1010025,-30,0,30,2011-2013
733545,1010025,0,30,30,2011-2013
733575,1010025,0,30,30,2011-2013
733605,1010025,0,30,30,2011-2013
733635,1009995,0,0,0,2011-2013
733665,1009995,-30,0,30,2011-2013
733695,1009995,0,30,30,2011-2013
733725,1009995,0,30,30,2011-2013
733755,1009965,-30,0,30,2011-2013
733785,1009965,0,30,30,2011-2013
733815,1009935,0,0,0,2011-2013
733845,1009935,-30,0,30,2011-2013
733875,1009905,0,0,0,2011-2013
733905,1009905,0,0,0,2011-2013
733935,1009905,0,0,0,2011-2013
733965,1009875,0,0,0,2011-2013
733995,1009875,0,0,0,2011-2013
734025,1009845,0,0,0,2011-2013
734055,1009845,0,0,0,2011-2013
734085,1009845,0,0,0,2011-2013
734115,1009815,0,0,0,2011-2013
734145,1009815,0,0,0,2011-2013
734175,1009785,0,0,0,2011-2013
734205,1009785,0,0,0,2011-2013
734235,1009785,0,0,0,2011-2013
734265,1009755,0,0,0,2011-2013
734295,1009755,0,0,0,2011-2013
734325,1009755,-30,0,30,2011-2013
734355,1009725,-30,0,30,2011-2013
734385,1009725,-30,30,42.4264068711929,2011-2013
734415,1009695,0,30,30,2011-2013
734445,1009695,0,30,30,2011-2013
734475,1009695,0,30,30,2011-2013
734505,1009695,0,30,30,2011-2013
734535,1009665,-30,0,30,2011-2013
734565,1009665,0,30,30,2011-2013
734595,1009635,0,0,0,2011-2013
734625,1009635,-30,0,30,2011-2013
734655,1009635,-30,30,42.4264068711929,2011-2013
734685,1009605,0,30,30,2011-2013
734715,1009605,-30,30,42.4264068711929,2011-2013
734745,1009605,0,60,60,2011-2013
734775,1009575,0,30,30,2011-2013
734805,1009575,0,30,30,2011-2013
734835,1009575,0,30,30,2011-2013
734865,1009545,0,0,0,2011-2013
734895,1009545,0,0,0,2011-2013
734925,1009545,0,0,0,2011-2013
734955,1009545,0,0,0,2011-2013
734985,1009515,0,0,0,2011-2013
735015,1009515,0,0,0,2011-2013
735045,1009515,0,0,0,2011-2013
735075,1009515,0,0,0,2011-2013
735105,1009515,-30,0,30,2011-2013
735135,1009515,0,30,30,2011-2013
735165,1009485,0,0,0,2011-2013
735195,1009485,-30,0,30,2011-2013
735225,1009485,0,30,30,2011-2013
735255,1009485,0,30,30,2011-2013
735285,1009485,0,30,30,2011-2013
735315,1009485,0,30,30,2011-2013
735345,1009455,-30,0,30,2011-2013
735375,1009455,0,30,30,2011-2013
735405,1009455,-30,30,42.4264068711929,2011-2013
735435,1009455,0,60,60,2011-2013
735465,1009425,-30,30,42.4264068711929,2011-2013
735465,1009395,-30,0,30,2011-2013
735495,1009365,-30,0,30,2011-2013
735525,1009335,0,0,0,2011-2013
735555,1009305,0,0,0,2011-2013
735585,1009275,0,0,0,2011-2013
735615,1009245,-30,0,30,2011-2013
735645,1009215,-30,0,30,2011-2013
735675,1009185,-30,0,30,2011-2013
735705,1009155,-30,0,30,2011-2013
735735,1009125,-30,0,30,2011-2013
735765,1009095,-30,0,30,2011-2013
735795,1009065,-30,0,30,2011-2013
735825,1009035,-30,0,30,2011-2013
735855,1009005,-30,0,30,2011-2013
735885,1008975,0,30,30,2011-2013
735885,1008945,0,0,0,2011-2013
735915,1008915,0,-30,30,2011-2013
735945,1008915,0,0,0,2011-2013
735975,1008915,-30,0,30,2011-2013
736005,1008885,0,0,0,2011-2013
736035,1008885,-30,0,30,2011-2013
736065,1008855,0,0,0,2011-2013
736095,1008825,0,0,0,2011-2013
736125,1008825,0,0,0,2011-2013
736155,1008795,0,0,0,2011-2013
736185,1008795,0,0,0,2011-2013
736215,1008765,0,0,0,2011-2013
736245,1008735,0,0,0,2011-2013
736275,1008735,0,0,0,2011-2013
736305,1008705,0,0,0,2011-2013
736335,1008675,0,0,0,2011-2013
736365,1008675,0,0,0,2011-2013
736395,1008645,0,0,0,2011-2013
736425,1008615,0,-30,30,2011-2013
736455,1008585,0,-30,30,2011-2013
736485,1008555,0,-30,30,2011-2013
736515,1008555,0,-30,30,2011-2013
736545,1008525,0,-30,30,2011-2013
736575,1008495,0,-30,30,2011-2013
736605,1008465,0,-30,30,2011-2013
736635,1008435,0,-30,30,2011-2013
736665,1008405,30,-30,42.4264068711929,2011-2013
736695,1008375,30,-30,42.4264068711929,2011-2013
736725,1008345,30,0,30,2011-2013
736755,1008315,0,0,0,2011-2013
736785,1008285,0,0,0,2011-2013
736785,1008255,0,-30,30,2011-2013
736785,1008225,30,-30,42.4264068711929,2011-2013
736815,1008195,30,-30,42.4264068711929,2011-2013
736845,1008165,30,0,30,2011-2013
736875,1008135,0,-30,30,2011-2013
736875,1008105,30,-30,42.4264068711929,2011-2013
736905,1008075,30,-30,42.4264068711929,2011-2013
736935,1008045,30,-30,42.4264068711929,2011-2013
736965,1008015,30,0,30,2011-2013
736995,1007985,0,-30,30,2011-2013
737025,1007955,0,-30,30,2011-2013
737025,1007925,30,-30,42.4264068711929,2011-2013
737055,1007895,30,0,30,2011-2013
737085,1007865,0,-30,30,2011-2013
737115,1007835,0,-30,30,2011-2013
737145,1007805,0,0,0,2011-2013
737175,1007775,0,0,0,2011-2013
737205,1007745,0,0,0,2011-2013
737235,1007715,0,0,0,2011-2013
737235,1007685,0,0,0,2011-2013
737265,1007655,0,0,0,2011-2013
737295,1007625,0,0,0,2011-2013
737325,1007595,0,0,0,2011-2013
737355,1007565,0,0,0,2011-2013
737385,1007535,0,0,0,2011-2013
737385,1007505,0,0,0,2011-2013
737415,1007475,0,0,0,2011-2013
737445,1007445,0,0,0,2011-2013
737475,1007415,0,0,0,2011-2013
737475,1007385,0,0,0,2011-2013
737505,1007355,0,0,0,2011-2013
737505,1007325,0,0,0,2011-2013
737535,1007295,0,0,0,2011-2013
737565,1007265,0,0,0,2011-2013
737595,1007235,0,0,0,2011-2013
737595,1007205,0,0,0,2011-2013
737625,1007175,0,0,0,2011-2013
737655,1007145,0,0,0,2011-2013
737655,1007115,0,0,0,2011-2013
737685,1007085,0,0,0,2011-2013
737715,1007055,0,0,0,2011-2013
737745,1007025,0,0,0,2011-2013
737745,1006995,0,0,0,2011-2013
737775,1006965,0,0,0,2011-2013
737805,1006935,0,0,0,2011-2013
737805,1006905,0,-30,30,2011-2013
737835,1006875,0,0,0,2011-2013
737865,1006845,0,0,0,2011-2013
737895,1006815,0,0,0,2011-2013
737895,1006785,0,0,0,2011-2013
737925,1006755,0,0,0,2011-2013
737955,1006725,0,0,0,2011-2013
737985,1006695,0,0,0,2011-2013
738015,1006665,0,0,0,2011-2013
738045,1006635,-30,0,30,2011-2013
738045,1006605,-30,0,30,2011-2013
738045,1006575,0,0,0,2011-2013
738045,1006545,0,0,0,2011-2013
738075,1006515,0,0,0,2011-2013
738075,1006485,0,0,0,2011-2013
738075,1006455,0,0,0,2011-2013
738075,1006425,0,0,0,2011-2013
738105,1006395,0,0,0,2011-2013
738105,1006365,0,0,0,2011-2013
738135,1006335,0,0,0,2011-2013
738135,1006305,0,0,0,2011-2013
738165,1006275,-30,0,30,2011-2013
738165,1006245,0,0,0,2011-2013
738195,1006215,0,0,0,2011-2013
738195,1006185,0,0,0,2011-2013
738225,1006155,0,0,0,2011-2013
738255,1006125,0,0,0,2011-2013
738255,1006095,0,0,0,2011-2013
738285,1006065,0,0,0,2011-2013
738285,1006035,0,0,0,2011-2013
738315,1006005,0,0,0,2011-2013
738345,1005975,0,0,0,2011-2013
738345,1005945,0,-30,30,2011-2013
738375,1005915,0,0,0,2011-2013
738375,1005885,0,0,0,2011-2013
738405,1005855,0,0,0,2011-2013
738405,1005825,0,0,0,2011-2013
738435,1005795,0,0,0,2011-2013
738435,1005765,0,0,0,2011-2013
738465,1005735,0,0,0,2011-2013
738495,1005705,-30,0,30,2011-2013
738495,1005675,0,0,0,2011-2013
738525,1005645,-30,0,30,2011-2013
738525,1005615,0,0,0,2011-2013
738555,1005585,-30,0,30,2011-2013
738555,1005555,-30,0,30,2011-2013
738585,1005525,-30,0,30,2011-2013
738585,1005495,-30,0,30,2011-2013
738615,1005465,-30,0,30,2011-2013
738615,1005435,-30,0,30,2011-2013
738615,1005405,0,0,0,2011-2013
738645,1005375,-30,0,30,2011-2013
738645,1005345,0,0,0,2011-2013
738675,1005315,-30,0,30,2011-2013
738705,1005285,-30,0,30,2011-2013
738735,1005255,-30,0,30,2011-2013
738735,1005225,-30,0,30,2011-2013
738765,1005195,-30,0,30,2011-2013
738765,1005165,0,0,0,2011-2013
738795,1005135,0,0,0,2011-2013
738795,1005105,0,0,0,2011-2013
738825,1005075,0,0,0,2011-2013
738855,1005045,0,0,0,2011-2013
738855,1005015,0,0,0,2011-2013
738885,1004985,0,0,0,2011-2013
738915,1004955,0,0,0,2011-2013
738915,1004925,0,0,0,2011-2013
738945,1004895,-30,0,30,2011-2013
738945,1004865,-30,0,30,2011-2013
738945,1004835,0,0,0,2011-2013
738975,1004805,-30,0,30,2011-2013
738975,1004775,0,0,0,2011-2013
738975,1004745,0,0,0,2011-2013
739005,1004715,-30,0,30,2011-2013
739035,1004685,-30,0,30,2011-2013
739065,1004655,-30,0,30,2011-2013
739065,1004625,0,0,0,2011-2013
739065,1004595,0,0,0,2011-2013
739095,1004565,0,0,0,2011-2013
739125,1004535,0,0,0,2011-2013
739125,1004505,0,0,0,2011-2013
739155,1004475,0,0,0,2011-2013
739185,1004445,0,0,0,2011-2013
739215,1004415,0,0,0,2011-2013
739245,1004415,-30,0,30,2011-2013
739275,1004385,0,0,0,2011-2013
739305,1004355,0,0,0,2011-2013
739335,1004325,0,0,0,2011-2013
739365,1004295,0,-30,30,2011-2013
739395,1004295,0,0,0,2011-2013
739425,1004265,0,0,0,2011-2013
739455,1004235,0,0,0,2011-2013
739485,1004205,0,0,0,2011-2013
739515,1004205,0,0,0,2011-2013
739545,1004175,0,0,0,2011-2013
739575,1004145,0,0,0,2011-2013
739605,1004145,0,0,0,2011-2013
739635,1004115,0,0,0,2011-2013
739665,1004085,0,0,0,2011-2013
739695,1004055,0,0,0,2011-2013
739725,1004025,0,0,0,2011-2013
739755,1003995,0,0,0,2011-2013
739785,1003965,0,0,0,2011-2013
739815,1003935,0,0,0,2011-2013
739845,1003935,0,0,0,2011-2013
739875,1003905,0,0,0,2011-2013
739905,1003875,0,0,0,2011-2013
739935,1003845,0,0,0,2011-2013
739965,1003815,0,0,0,2011-2013
739995,1003785,0,0,0,2011-2013
740025,1003785,-30,0,30,2011-2013
740055,1003755,-30,0,30,2011-2013
740055,1003725,0,0,0,2011-2013
740085,1003695,0,0,0,2011-2013
740115,1003665,0,0,0,2011-2013
740145,1003635,0,0,0,2011-2013
740175,1003605,0,-30,30,2011-2013
740205,1003575,0,0,0,2011-2013
740235,1003545,0,0,0,2011-2013
740265,1003515,0,0,0,2011-2013
740295,1003485,0,0,0,2011-2013
740325,1003455,0,0,0,2011-2013
740355,1003425,0,0,0,2011-2013
740385,1003395,0,0,0,2011-2013
740415,1003365,0,0,0,2011-2013
740445,1003335,0,0,0,2011-2013
740475,1003305,0,0,0,2011-2013
740505,1003275,0,0,0,2011-2013
740505,1003245,0,-30,30,2011-2013
740505,1003215,30,0,30,2011-2013
740535,1003185,0,-30,30,2011-2013
740565,1003155,0,0,0,2011-2013
740595,1003125,0,0,0,2011-2013
740625,1003095,0,0,0,2011-2013
740625,1003065,0,-30,30,2011-2013
740655,1003035,0,-30,30,2011-2013
740685,1003005,0,0,0,2011-2013
740715,1002975,0,0,0,2011-2013
740745,1002945,0,0,0,2011-2013
740775,1002915,0,0,0,2011-2013
740805,1002885,0,0,0,2011-2013
740835,1002855,0,0,0,2011-2013
740865,1002825,0,0,0,2011-2013
740895,1002795,0,0,0,2011-2013
740925,1002765,0,0,0,2011-2013
740955,1002735,0,0,0,2011-2013
740985,1002705,0,0,0,2011-2013
741015,1002675,0,0,0,2011-2013
741045,1002645,0,0,0,2011-2013
741045,1002615,0,-30,30,2011-2013
741075,1002585,0,-30,30,2011-2013
741105,1002555,0,-30,30,2011-2013
741135,1002525,0,-30,30,2011-2013
741165,1002495,0,-30,30,2011-2013
741195,1002465,0,-30,30,2011-2013
741225,1002435,0,-30,30,2011-2013
741255,1002405,0,0,0,2011-2013
741285,1002375,0,0,0,2011-2013
741315,1002345,0,0,0,2011-2013
741345,1002345,0,0,0,2011-2013
741375,1002315,0,0,0,2011-2013
741405,1002285,0,0,0,2011-2013
741435,1002285,-30,0,30,2011-2013
741465,1002255,0,0,0,2011-2013
741495,1002255,-30,0,30,2011-2013
741525,1002225,-30,0,30,2011-2013
741555,1002195,-30,0,30,2011-2013
741585,1002195,-30,30,42.4264068711929,2011-2013
741615,1002165,0,30,30,2011-2013
741645,1002135,-30,0,30,2011-2013
741675,1002105,0,0,0,2011-2013
741705,1002075,0,0,0,2011-2013
741735,1002075,-30,0,30,2011-2013
741765,1002045,-30,0,30,2011-2013
741765,1002015,0,0,0,2011-2013
741765,1001985,0,0,0,2011-2013
741795,1001955,0,0,0,2011-2013
741795,1001925,0,0,0,2011-2013
741795,1001895,0,0,0,2011-2013
741795,1001865,0,0,0,2011-2013
741795,1001835,0,0,0,2011-2013
741795,1001805,0,0,0,2011-2013
741795,1001775,0,0,0,2011-2013
741795,1001745,0,0,0,2011-2013
741795,1001715,0,0,0,2011-2013
741795,1001685,0,-30,30,2011-2013
741825,1001655,0,0,0,2011-2013
741825,1001625,0,0,0,2011-2013
741825,1001595,0,0,0,2011-2013
741825,1001565,0,0,0,2011-2013
741825,1001535,0,0,0,2011-2013
741825,1001505,0,0,0,2011-2013
741855,1001475,0,0,0,2011-2013
741855,1001445,0,0,0,2011-2013
741855,1001415,0,0,0,2011-2013
741855,1001385,0,0,0,2011-2013
741855,1001355,0,0,0,2011-2013
741855,1001325,0,0,0,2011-2013
741885,1001295,0,0,0,2011-2013
741885,1001265,0,0,0,2011-2013
741885,1001235,0,-30,30,2011-2013
741915,1001205,0,0,0,2011-2013
741915,1001175,0,0,0,2011-2013
741915,1001145,0,-30,30,2011-2013
741945,1001115,0,0,0,2011-2013
741945,1001085,0,0,0,2011-2013
741975,1001055,0,0,0,2011-2013
741975,1001025,0,0,0,2011-2013
741975,1000995,0,-30,30,2011-2013
742005,1000965,0,-30,30,2011-2013
742005,1000935,30,0,30,2011-2013
742035,1000905,0,0,0,2011-2013
742035,1000875,0,-30,30,2011-2013
742065,1000845,0,-30,30,2011-2013
742095,1000815,0,0,0,2011-2013
742095,1000785,0,0,0,2011-2013
742125,1000755,0,0,0,2011-2013
742125,1000725,0,-30,30,2011-2013
742155,1000695,0,0,0,2011-2013
742155,1000665,0,-30,30,2011-2013
742185,1000635,0,-30,30,2011-2013
742215,1000605,0,0,0,2011-2013
742245,1000575,0,0,0,2011-2013
742275,1000545,0,0,0,2011-2013
742305,1000515,0,0,0,2011-2013
742305,1000485,0,0,0,2011-2013
742335,1000455,0,0,0,2011-2013
742365,1000425,0,0,0,2011-2013
742395,1000395,0,0,0,2011-2013
742395,1000365,0,0,0,2011-2013
742425,1000335,0,0,0,2011-2013
742455,1000305,0,-30,30,2011-2013
742485,1000275,0,-30,30,2011-2013
742515,1000275,0,0,0,2011-2013
742545,1000245,0,0,0,2011-2013
742575,1000245,0,0,0,2011-2013
742605,1000215,0,0,0,2011-2013
742635,1000185,0,0,0,2011-2013
742665,1000185,0,0,0,2011-2013
742695,1000155,0,0,0,2011-2013
742725,1000125,0,0,0,2011-2013
742755,1000125,0,0,0,2011-2013
742785,1000095,0,0,0,2011-2013
742815,1000095,0,0,0,2011-2013
742845,1000065,0,0,0,2011-2013
742875,1000065,0,0,0,2011-2013
742905,1000035,0,0,0,2011-2013
742935,1000035,0,0,0,2011-2013
742965,1000035,0,0,0,2011-2013
742995,1000005,0,0,0,2011-2013
743025,1000005,0,0,0,2011-2013
743055,1000005,-30,0,30,2011-2013
743085,999975,0,0,0,2011-2013
743115,999975,0,0,0,2011-2013
743145,999945,0,0,0,2011-2013
743175,999915,0,-30,30,2011-2013
743205,999885,0,-30,30,2011-2013
743235,999885,0,0,0,2011-2013
743265,999885,0,0,0,2011-2013
743295,999855,0,0,0,2011-2013
743325,999855,0,0,0,2011-2013
743355,999825,0,0,0,2011-2013
743385,999795,-30,0,30,2011-2013
743415,999765,-30,0,30,2011-2013
743445,999735,-30,0,30,2011-2013
743475,999705,0,0,0,2011-2013
743505,999705,-30,0,30,2011-2013
743535,999675,0,0,0,2011-2013
743565,999645,0,0,0,2011-2013
743595,999645,-30,0,30,2011-2013
743625,999615,-30,0,30,2011-2013
743655,999585,0,0,0,2011-2013
743685,999555,0,0,0,2011-2013
743715,999555,-30,0,30,2011-2013
743745,999525,0,0,0,2011-2013
743775,999525,-30,0,30,2011-2013
743805,999495,-30,0,30,2011-2013
743835,999465,0,0,0,2011-2013
743865,999435,0,0,0,2011-2013
743895,999405,0,0,0,2011-2013
743925,999405,0,0,0,2011-2013
743955,999375,0,0,0,2011-2013
743985,999345,0,0,0,2011-2013
744015,999345,0,0,0,2011-2013
744045,999315,0,0,0,2011-2013
744075,999315,-30,0,30,2011-2013
744105,999285,0,0,0,2011-2013
744135,999255,0,0,0,2011-2013
744165,999225,0,0,0,2011-2013
744195,999195,0,0,0,2011-2013
744225,999195,0,0,0,2011-2013
744255,999165,0,0,0,2011-2013
744285,999135,0,0,0,2011-2013
744315,999105,0,0,0,2011-2013
744345,999075,0,0,0,2011-2013
744375,999045,0,0,0,2011-2013
744405,999015,0,0,0,2011-2013
744435,998985,0,0,0,2011-2013
744465,998955,0,0,0,2011-2013
744495,998925,0,0,0,2011-2013
744525,998895,0,0,0,2011-2013
744555,998865,0,0,0,2011-2013
744585,998835,0,0,0,2011-2013
744615,998805,0,0,0,2011-2013
744645,998775,0,0,0,2011-2013
744675,998745,0,0,0,2011-2013
744705,998715,-30,0,30,2011-2013
744705,998685,0,0,0,2011-2013
744735,998655,0,0,0,2011-2013
744765,998625,0,0,0,2011-2013
744795,998595,0,0,0,2011-2013
744825,998565,0,0,0,2011-2013
744855,998535,0,0,0,2011-2013
744855,998505,0,-30,30,2011-2013
744885,998475,0,-30,30,2011-2013
744915,998445,0,-30,30,2011-2013
744945,998415,0,-30,30,2011-2013
744975,998385,0,-30,30,2011-2013
745005,998355,0,-30,30,2011-2013
745035,998325,0,-30,30,2011-2013
745065,998295,0,-30,30,2011-2013
745065,998265,30,-30,42.4264068711929,2011-2013
745095,998235,30,0,30,2011-2013
745125,998235,0,0,0,2011-2013
745155,998205,0,0,0,2011-2013
745185,998175,0,0,0,2011-2013
745215,998145,0,0,0,2011-2013
745245,998145,-30,0,30,2011-2013
745275,998115,0,0,0,2011-2013
745305,998085,0,0,0,2011-2013
745335,998055,-30,0,30,2011-2013
745365,998055,0,30,30,2011-2013
745395,998025,0,0,0,2011-2013
745425,997995,0,0,0,2011-2013
745455,997995,0,0,0,2011-2013
745485,997965,0,0,0,2011-2013
745515,997965,0,0,0,2011-2013
745545,997935,0,0,0,2011-2013
745575,997935,-30,0,30,2011-2013
745605,997905,0,0,0,2011-2013
745635,997905,0,0,0,2011-2013
745665,997875,0,0,0,2011-2013
745695,997875,0,0,0,2011-2013
745725,997845,0,0,0,2011-2013
745755,997845,0,0,0,2011-2013
745785,997815,0,0,0,2011-2013
745815,997815,0,0,0,2011-2013
745845,997785,0,0,0,2011-2013
745875,997785,0,0,0,2011-2013
745905,997755,0,0,0,2011-2013
745935,997755,0,0,0,2011-2013
745965,997725,0,-30,30,2011-2013
745995,997725,0,0,0,2011-2013
746025,997725,0,0,0,2011-2013
746055,997725,0,0,0,2011-2013
746085,997695,0,0,0,2011-2013
746115,997695,0,0,0,2011-2013
746145,997695,0,0,0,2011-2013
746175,997665,0,0,0,2011-2013
746205,997665,0,0,0,2011-2013
746235,997665,0,0,0,2011-2013
746265,997635,0,0,0,2011-2013
746295,997635,0,0,0,2011-2013
746325,997635,0,0,0,2011-2013
746355,997635,0,0,0,2011-2013
746385,997635,0,0,0,2011-2013
746415,997635,-30,0,30,2011-2013
746445,997635,0,30,30,2011-2013
746475,997635,0,30,30,2011-2013
746505,997635,0,30,30,2011-2013
746535,997605,0,0,0,2011-2013
746565,997605,0,0,0,2011-2013
746595,997605,0,0,0,2011-2013
746625,997605,0,0,0,2011-2013
746655,997605,0,0,0,2011-2013
746685,997605,0,0,0,2011-2013
746715,997605,0,0,0,2011-2013
746745,997605,0,0,0,2011-2013
746775,997575,0,-30,30,2011-2013
746805,997575,0,-30,30,2011-2013
746835,997575,0,-30,30,2011-2013
746865,997575,0,-30,30,2011-2013
746895,997575,0,-30,30,2011-2013
746925,997575,0,-30,30,2011-2013
746955,997575,0,-30,30,2011-2013
746985,997575,0,-30,30,2011-2013
747015,997575,0,-30,30,2011-2013
747045,997545,0,-60,60,2011-2013
747075,997545,30,-30,42.4264068711929,2011-2013
747105,997545,0,-30,30,2011-2013
747135,997545,0,-30,30,2011-2013
747165,997545,0,-30,30,2011-2013
747195,997545,0,-30,30,2011-2013
747225,997545,0,-30,30,2011-2013
747255,997545,0,-30,30,2011-2013
747285,997545,0,-30,30,2011-2013
747315,997545,0,-30,30,2011-2013
747345,997545,0,-30,30,2011-2013
747375,997545,0,-30,30,2011-2013
747405,997545,0,-30,30,2011-2013
747435,997545,0,-30,30,2011-2013
747465,997545,0,-30,30,2011-2013
747495,997515,30,-30,42.4264068711929,2011-2013
747525,997515,0,-30,30,2011-2013
747555,997515,0,-30,30,2011-2013
747585,997515,0,-30,30,2011-2013
747615,997515,0,-30,30,2011-2013
747645,997515,0,-30,30,2011-2013
747675,997515,0,-30,30,2011-2013
747705,997515,0,-30,30,2011-2013
747735,997515,0,-30,30,2011-2013
747765,997515,0,0,0,2011-2013
747795,997515,0,0,0,2011-2013
747825,997515,0,0,0,2011-2013
747855,997485,0,-30,30,2011-2013
747885,997485,0,-30,30,2011-2013
747915,997485,0,-30,30,2011-2013
747945,997485,0,0,0,2011-2013
747975,997455,0,-30,30,2011-2013
748005,997455,0,0,0,2011-2013
748035,997455,0,0,0,2011-2013
748065,997455,-30,0,30,2011-2013
748095,997425,0,0,0,2011-2013
748125,997425,0,0,0,2011-2013
748155,997395,0,0,0,2011-2013
748185,997395,0,0,0,2011-2013
748215,997395,0,0,0,2011-2013
748245,997365,0,0,0,2011-2013
748275,997365,0,0,0,2011-2013
748305,997365,0,0,0,2011-2013
748335,997365,0,0,0,2011-2013
748365,997365,0,0,0,2011-2013
748395,997365,0,0,0,2011-2013
748425,997365,0,0,0,2011-2013
748455,997365,0,0,0,2011-2013
748485,997365,-30,0,30,2011-2013
748515,997365,0,30,30,2011-2013
748545,997335,0,0,0,2011-2013
748575,997335,0,0,0,2011-2013
748605,997365,0,30,30,2011-2013
748635,997365,0,30,30,2011-2013
748665,997365,0,30,30,2011-2013
748695,997365,0,0,0,2011-2013
748725,997365,0,0,0,2011-2013
748755,997365,0,0,0,2011-2013
748785,997365,0,0,0,2011-2013
748815,997365,0,0,0,2011-2013
748845,997395,0,0,0,2011-2013
748875,997395,0,0,0,2011-2013
748905,997395,0,0,0,2011-2013
748935,997395,0,0,0,2011-2013
748965,997395,0,0,0,2011-2013
748995,997395,-30,0,30,2011-2013
749025,997395,0,-30,30,2011-2013
749055,997395,0,-30,30,2011-2013
749085,997395,0,-30,30,2011-2013
749115,997395,0,-30,30,2011-2013
749145,997425,0,0,0,2011-2013
749175,997425,0,0,0,2011-2013
749205,997425,0,0,0,2011-2013
749235,997425,0,0,0,2011-2013
749265,997425,0,0,0,2011-2013
749295,997425,0,0,0,2011-2013
749325,997425,-30,0,30,2011-2013
749355,997395,0,0,0,2011-2013
749385,997395,0,0,0,2011-2013
749415,997395,0,0,0,2011-2013
749445,997395,0,0,0,2011-2013
749475,997395,0,0,0,2011-2013
749505,997395,0,0,0,2011-2013
749535,997395,0,0,0,2011-2013
749565,997365,0,0,0,2011-2013
749595,997365,0,0,0,2011-2013
749625,997365,0,0,0,2011-2013
749655,997335,0,-30,30,2011-2013
749685,997335,0,-30,30,2011-2013
749715,997335,0,0,0,2011-2013
749745,997335,0,0,0,2011-2013
749775,997335,0,0,0,2011-2013
749805,997305,0,-30,30,2011-2013
749835,997305,0,-30,30,2011-2013
749865,997305,0,0,0,2011-2013
749895,997305,0,0,0,2011-2013
749925,997305,0,0,0,2011-2013
749955,997275,0,-30,30,2011-2013
749985,997275,0,0,0,2011-2013
750015,997275,0,0,0,2011-2013
750045,997245,0,-30,30,2011-2013
750075,997245,0,0,0,2011-2013
750105,997245,0,0,0,2011-2013
750135,997215,0,-30,30,2011-2013
750165,997215,0,0,0,2011-2013
750195,997215,0,0,0,2011-2013
750225,997185,0,0,0,2011-2013
750255,997185,0,0,0,2011-2013
750285,997185,0,0,0,2011-2013
750315,997155,0,0,0,2011-2013
750345,997155,0,0,0,2011-2013
750375,997125,0,0,0,2011-2013
750405,997095,0,-30,30,2011-2013
750435,997095,0,-30,30,2011-2013
750465,997095,0,-30,30,2011-2013
750495,997065,0,-30,30,2011-2013
750525,997065,0,-30,30,2011-2013
750555,997065,0,0,0,2011-2013
750585,997035,0,-30,30,2011-2013
750615,997005,0,-30,30,2011-2013
750645,997005,0,-30,30,2011-2013
750675,996975,0,-30,30,2011-2013
750705,996975,0,0,0,2011-2013
750735,996975,0,0,0,2011-2013
750765,996945,0,-30,30,2011-2013
750795,996915,0,-30,30,2011-2013
750825,996915,0,0,0,2011-2013
750855,996885,0,-30,30,2011-2013
750885,996885,0,0,0,2011-2013
750915,996855,0,-30,30,2011-2013
750945,996855,0,0,0,2011-2013
750975,996825,0,-30,30,2011-2013
751005,996825,0,0,0,2011-2013
751035,996795,0,0,0,2011-2013
751065,996795,0,0,0,2011-2013
751095,996765,0,0,0,2011-2013
751125,996765,0,0,0,2011-2013
751155,996735,0,0,0,2011-2013
751185,996735,-30,0,30,2011-2013
751215,996735,-30,30,42.4264068711929,2011-2013
751245,996705,0,30,30,2011-2013
751275,996705,-30,30,42.4264068711929,2011-2013
751305,996675,0,30,30,2011-2013
751335,996675,-30,30,42.4264068711929,2011-2013
751365,996645,-30,30,42.4264068711929,2011-2013
751395,996645,-60,30,67.0820393249937,2011-2013
751425,996615,0,60,60,2011-2013
751455,996615,0,60,60,2011-2013
751485,996585,-30,30,42.4264068711929,2011-2013
751515,996585,-60,30,67.0820393249937,2011-2013
751545,996555,0,60,60,2011-2013
751575,996555,-30,60,67.0820393249937,2011-2013
751605,996525,-60,30,67.0820393249937,2011-2013
751635,996495,0,60,60,2011-2013
751665,996495,-30,60,67.0820393249937,2011-2013
751695,996465,0,60,60,2011-2013
751725,996435,-30,30,42.4264068711929,2011-2013
751755,996405,0,30,30,2011-2013
751785,996375,-30,0,30,2011-2013
751815,996345,-30,0,30,2011-2013
751845,996345,0,30,30,2011-2013
751875,996315,0,0,0,2011-2013
751905,996285,0,-30,30,2011-2013
751935,996285,0,0,0,2011-2013
751965,996255,0,0,0,2011-2013
751995,996255,0,0,0,2011-2013
752025,996225,0,0,0,2011-2013
752055,996225,0,0,0,2011-2013
752085,996195,0,0,0,2011-2013
752115,996195,0,0,0,2011-2013
752145,996165,0,0,0,2011-2013
752175,996165,0,0,0,2011-2013
752205,996135,0,0,0,2011-2013
752235,996135,0,0,0,2011-2013
752265,996135,0,0,0,2011-2013
752295,996135,-30,0,30,2011-2013
752325,996105,0,0,0,2011-2013
752355,996105,0,0,0,2011-2013
752385,996105,0,0,0,2011-2013
752415,996105,0,0,0,2011-2013
752445,996075,0,0,0,2011-2013
752475,996075,0,0,0,2011-2013
752505,996075,0,0,0,2011-2013
752535,996075,0,0,0,2011-2013
752565,996045,0,0,0,2011-2013
752595,996045,0,0,0,2011-2013
752625,996015,0,0,0,2011-2013
752655,996015,0,0,0,2011-2013
752685,995985,0,0,0,2011-2013
752715,995985,0,0,0,2011-2013
752745,995955,0,0,0,2011-2013
752775,995955,0,0,0,2011-2013
752805,995925,0,0,0,2011-2013
752835,995925,0,0,0,2011-2013
752865,995895,0,0,0,2011-2013
752895,995895,0,0,0,2011-2013
752925,995865,0,0,0,2011-2013
752955,995835,0,0,0,2011-2013
752985,995835,0,0,0,2011-2013
753015,995835,-30,0,30,2011-2013
753045,995805,0,0,0,2011-2013
753075,995775,0,0,0,2011-2013
753105,995745,0,0,0,2011-2013
753135,995745,0,0,0,2011-2013
753165,995745,-30,0,30,2011-2013
753195,995715,0,0,0,2011-2013
753225,995685,0,0,0,2011-2013
753255,995685,0,0,0,2011-2013
753285,995655,0,0,0,2011-2013
753315,995655,0,0,0,2011-2013
753345,995625,0,0,0,2011-2013
753375,995595,0,0,0,2011-2013
753405,995595,0,0,0,2011-2013
753435,995565,0,0,0,2011-2013
753465,995535,0,-30,30,2011-2013
753495,995535,0,0,0,2011-2013
753525,995505,0,0,0,2011-2013
753555,995505,-30,0,30,2011-2013
753585,995475,-30,0,30,2011-2013
753615,995445,0,0,0,2011-2013
753645,995415,0,0,0,2011-2013
753675,995385,0,0,0,2011-2013
753705,995385,0,0,0,2011-2013
753735,995355,0,0,0,2011-2013
753765,995325,0,0,0,2011-2013
753795,995325,0,0,0,2011-2013
753825,995295,0,0,0,2011-2013
753855,995295,0,0,0,2011-2013
753885,995265,0,0,0,2011-2013
753915,995265,-30,0,30,2011-2013
753945,995235,0,0,0,2011-2013
753975,995205,0,0,0,2011-2013
754005,995205,0,0,0,2011-2013
754035,995175,0,0,0,2011-2013
754065,995175,0,0,0,2011-2013
754095,995145,0,0,0,2011-2013
754125,995145,0,0,0,2011-2013
754155,995145,0,0,0,2011-2013
754185,995115,0,0,0,2011-2013
754215,995085,0,-30,30,2011-2013
754245,995085,0,0,0,2011-2013
754275,995085,0,0,0,2011-2013
754305,995085,0,0,0,2011-2013
754335,995085,0,0,0,2011-2013
754365,995085,0,0,0,2011-2013
754395,995055,0,0,0,2011-2013
754425,995055,0,0,0,2011-2013
754455,995055,0,0,0,2011-2013
754485,995055,0,0,0,2011-2013
754515,995025,0,0,0,2011-2013
754545,995025,0,0,0,2011-2013
754575,995025,0,0,0,2011-2013
754605,995025,0,0,0,2011-2013
754635,995025,0,0,0,2011-2013
754665,995025,0,0,0,2011-2013
754695,995025,0,0,0,2011-2013
754725,995025,0,0,0,2011-2013
754755,994995,0,0,0,2011-2013
754785,994995,0,0,0,2011-2013
754815,994995,0,0,0,2011-2013
754845,994995,0,0,0,2011-2013
754875,994995,0,0,0,2011-2013
754905,994965,0,-30,30,2011-2013
754935,994965,0,-30,30,2011-2013
754965,994965,0,-30,30,2011-2013
754995,994965,0,0,0,2011-2013
755025,994965,0,0,0,2011-2013
755055,994965,0,0,0,2011-2013
755085,994965,0,0,0,2011-2013
755115,994965,0,0,0,2011-2013
755145,994965,0,0,0,2011-2013
755175,994965,0,0,0,2011-2013
755205,994965,0,0,0,2011-2013
755235,994965,0,0,0,2011-2013
755265,994965,0,0,0,2011-2013
755295,994965,0,0,0,2011-2013
755325,994995,0,0,0,2011-2013
755355,994995,0,0,0,2011-2013
755385,994995,0,0,0,2011-2013
755415,994995,0,0,0,2011-2013
755445,994995,0,0,0,2011-2013
755475,994995,0,0,0,2011-2013
755505,994995,-30,0,30,2011-2013
755535,994995,0,-30,30,2011-2013
755565,994995,0,-30,30,2011-2013
755595,994995,0,-30,30,2011-2013
755625,995025,0,0,0,2011-2013
755655,995025,0,0,0,2011-2013
755685,995025,0,0,0,2011-2013
755715,995025,-30,0,30,2011-2013
755745,995025,0,-30,30,2011-2013
755775,995025,0,-30,30,2011-2013
755805,995055,0,0,0,2011-2013
755835,995055,0,0,0,2011-2013
755865,995085,0,0,0,2011-2013
755895,995115,0,30,30,2011-2013
755925,995115,0,0,0,2011-2013
755955,995115,0,0,0,2011-2013
755985,995145,0,30,30,2011-2013
756015,995145,0,0,0,2011-2013
756045,995175,0,0,0,2011-2013
756075,995175,0,0,0,2011-2013
756105,995205,0,30,30,2011-2013
756135,995205,0,0,0,2011-2013
756165,995205,0,0,0,2011-2013
756195,995205,-30,0,30,2011-2013
756225,995205,0,-30,30,2011-2013
756255,995235,0,0,0,2011-2013
756285,995235,-30,0,30,2011-2013
756315,995265,0,0,0,2011-2013
756345,995265,-30,0,30,2011-2013
756375,995265,0,-30,30,2011-2013
756405,995295,0,0,0,2011-2013
756435,995295,0,0,0,2011-2013
756465,995295,-30,0,30,2011-2013
756495,995295,0,-30,30,2011-2013
756525,995325,0,0,0,2011-2013
756555,995325,-30,0,30,2011-2013
756585,995325,0,-30,30,2011-2013
756615,995355,0,0,0,2011-2013
756645,995355,-30,0,30,2011-2013
756675,995355,0,-30,30,2011-2013
756705,995385,0,0,0,2011-2013
756735,995385,0,0,0,2011-2013
756765,995385,-30,0,30,2011-2013
756795,995415,0,0,0,2011-2013
756825,995415,0,0,0,2011-2013
756855,995415,-30,0,30,2011-2013
756885,995445,0,0,0,2011-2013
756915,995445,0,0,0,2011-2013
756945,995445,-30,0,30,2011-2013
756975,995445,0,-30,30,2011-2013
757005,995475,0,0,0,2011-2013
757035,995475,-30,0,30,2011-2013
757065,995505,0,0,0,2011-2013
757095,995505,0,0,0,2011-2013
757125,995505,-30,0,30,2011-2013
757155,995535,0,0,0,2011-2013
757185,995535,-30,0,30,2011-2013
757215,995535,0,-30,30,2011-2013
757245,995565,-30,0,30,2011-2013
757275,995565,0,-30,30,2011-2013
757305,995565,0,-30,30,2011-2013
757335,995595,0,0,0,2011-2013
757365,995595,0,0,0,2011-2013
757395,995595,-30,0,30,2011-2013
757425,995625,0,0,0,2011-2013
757455,995625,0,0,0,2011-2013
757485,995655,0,30,30,2011-2013
757515,995655,0,30,30,2011-2013
757545,995655,0,0,0,2011-2013
757575,995655,0,0,0,2011-2013
757605,995655,0,0,0,2011-2013
757635,995685,0,30,30,2011-2013
757665,995685,0,30,30,2011-2013
757695,995685,0,30,30,2011-2013
757725,995685,0,30,30,2011-2013
757755,995685,0,0,0,2011-2013
757785,995685,0,0,0,2011-2013
757815,995685,0,0,0,2011-2013
757845,995685,0,0,0,2011-2013
757875,995685,0,0,0,2011-2013
757905,995685,0,0,0,2011-2013
757935,995685,0,0,0,2011-2013
757965,995685,0,0,0,2011-2013
757995,995685,0,0,0,2011-2013
758025,995685,0,0,0,2011-2013
758055,995685,0,0,0,2011-2013
758085,995685,0,0,0,2011-2013
758115,995685,0,0,0,2011-2013
758145,995685,0,0,0,2011-2013
758175,995685,0,0,0,2011-2013
758205,995685,0,0,0,2011-2013
758235,995685,0,0,0,2011-2013
758265,995685,-30,0,30,2011-2013
758295,995715,0,0,0,2011-2013
758325,995715,0,0,0,2011-2013
758355,995715,0,0,0,2011-2013
758385,995715,0,0,0,2011-2013
758415,995715,0,0,0,2011-2013
758445,995715,0,0,0,2011-2013
758475,995715,0,0,0,2011-2013
758505,995715,0,0,0,2011-2013
758535,995715,0,0,0,2011-2013
758565,995715,0,0,0,2011-2013
758595,995715,0,0,0,2011-2013
758625,995715,0,0,0,2011-2013
758655,995715,0,0,0,2011-2013
758685,995715,0,0,0,2011-2013
758715,995715,0,0,0,2011-2013
758745,995715,0,0,0,2011-2013
758775,995715,0,0,0,2011-2013
758805,995715,0,0,0,2011-2013
758835,995715,0,0,0,2011-2013
758865,995715,0,0,0,2011-2013
758895,995715,0,0,0,2011-2013
758925,995715,0,0,0,2011-2013
758955,995715,0,0,0,2011-2013
758985,995715,0,0,0,2011-2013
759015,995715,0,0,0,2011-2013
759045,995715,0,0,0,2011-2013
759075,995715,0,0,0,2011-2013
759105,995715,0,0,0,2011-2013
759135,995715,0,0,0,2011-2013
759165,995715,0,0,0,2011-2013
759195,995715,0,0,0,2011-2013
759225,995685,0,0,0,2011-2013
759255,995685,0,0,0,2011-2013
759285,995685,0,0,0,2011-2013
759315,995685,0,0,0,2011-2013
759345,995685,0,0,0,2011-2013
759375,995655,0,0,0,2011-2013
759405,995655,0,0,0,2011-2013
759435,995625,0,0,0,2011-2013
759465,995625,0,0,0,2011-2013
759495,995595,0,-30,30,2011-2013
759525,995595,0,0,0,2011-2013
759555,995595,0,0,0,2011-2013
759585,995595,0,0,0,2011-2013
759615,995565,0,0,0,2011-2013
759645,995565,0,0,0,2011-2013
759675,995565,0,0,0,2011-2013
759705,995565,0,0,0,2011-2013
759735,995535,0,0,0,2011-2013
759765,995535,0,0,0,2011-2013
759795,995505,0,0,0,2011-2013
759825,995505,-30,0,30,2011-2013
759855,995475,0,0,0,2011-2013
759885,995475,-30,0,30,2011-2013
759915,995445,0,0,0,2011-2013
759945,995445,-30,0,30,2011-2013
759975,995415,0,0,0,2011-2013
760005,995385,0,0,0,2011-2013
760035,995385,-30,0,30,2011-2013
760065,995355,0,0,0,2011-2013
760095,995325,0,0,0,2011-2013
760125,995325,0,0,0,2011-2013
760155,995295,0,0,0,2011-2013
760185,995295,-30,0,30,2011-2013
760215,995265,0,0,0,2011-2013
760245,995235,0,0,0,2011-2013
760275,995205,0,-30,30,2011-2013
760305,995205,0,0,0,2011-2013
760335,995205,0,0,0,2011-2013
760365,995175,0,0,0,2011-2013
760395,995145,0,0,0,2011-2013
760425,995115,0,0,0,2011-2013
760455,995115,0,0,0,2011-2013
760485,995085,0,0,0,2011-2013
760515,995055,0,0,0,2011-2013
760545,995055,0,0,0,2011-2013
760575,995025,0,0,0,2011-2013
760605,994995,0,0,0,2011-2013
760635,994965,0,0,0,2011-2013
760665,994965,0,0,0,2011-2013
760695,994935,0,0,0,2011-2013
760725,994935,0,0,0,2011-2013
760755,994905,0,0,0,2011-2013
760785,994875,0,0,0,2011-2013
760815,994875,0,0,0,2011-2013
760845,994845,0,0,0,2011-2013
760875,994815,0,0,0,2011-2013
760905,994785,0,0,0,2011-2013
760935,994785,0,0,0,2011-2013
760965,994785,0,0,0,2011-2013
760995,994755,0,0,0,2011-2013
761025,994725,0,0,0,2011-2013
761055,994695,0,-30,30,2011-2013
761085,994695,0,0,0,2011-2013
761115,994665,0,0,0,2011-2013
761145,994635,0,-30,30,2011-2013
761175,994635,0,0,0,2011-2013
761205,994605,0,-30,30,2011-2013
761235,994575,0,-30,30,2011-2013
761265,994545,0,-30,30,2011-2013
761295,994545,0,-30,30,2011-2013
761325,994515,0,-30,30,2011-2013
761355,994515,0,0,0,2011-2013
761385,994485,0,-30,30,2011-2013
761415,994455,0,-30,30,2011-2013
761445,994455,0,0,0,2011-2013
761475,994425,0,-30,30,2011-2013
761505,994425,0,0,0,2011-2013
761535,994395,0,0,0,2011-2013
761565,994395,0,0,0,2011-2013
761595,994365,0,0,0,2011-2013
761625,994335,0,0,0,2011-2013
761655,994305,0,0,0,2011-2013
761685,994305,0,0,0,2011-2013
761715,994275,0,0,0,2011-2013
761745,994245,0,0,0,2011-2013
761775,994215,0,-30,30,2011-2013
761805,994215,0,0,0,2011-2013
761835,994185,0,-30,30,2011-2013
761865,994155,0,-30,30,2011-2013
761895,994125,0,-30,30,2011-2013
761925,994125,0,0,0,2011-2013
761955,994095,0,0,0,2011-2013
761985,994065,0,0,0,2011-2013
762015,994035,0,0,0,2011-2013
762045,994005,0,0,0,2011-2013
762075,994005,0,0,0,2011-2013
762105,993975,0,0,0,2011-2013
762135,993945,0,0,0,2011-2013
762165,993915,0,0,0,2011-2013
762195,993915,-30,0,30,2011-2013
762225,993885,0,0,0,2011-2013
762255,993855,0,-30,30,2011-2013
762285,993855,0,0,0,2011-2013
762315,993825,0,0,0,2011-2013
762345,993825,0,0,0,2011-2013
762375,993795,0,0,0,2011-2013
762405,993765,0,-30,30,2011-2013
762435,993765,0,0,0,2011-2013
762465,993735,0,-30,30,2011-2013
762495,993735,0,0,0,2011-2013
762525,993705,0,-30,30,2011-2013
762555,993705,0,0,0,2011-2013
762585,993675,0,-30,30,2011-2013
762615,993675,0,0,0,2011-2013
762645,993675,0,0,0,2011-2013
762675,993645,0,-30,30,2011-2013
762705,993645,0,-30,30,2011-2013
762735,993645,0,0,0,2011-2013
762765,993645,0,0,0,2011-2013
762795,993645,0,0,0,2011-2013
762825,993645,-30,0,30,2011-2013
762855,993645,0,30,30,2011-2013
762885,993645,0,30,30,2011-2013
762915,993645,0,30,30,2011-2013
762945,993615,0,0,0,2011-2013
762975,993615,0,0,0,2011-2013
763005,993615,0,0,0,2011-2013
763035,993615,0,0,0,2011-2013
763065,993615,0,0,0,2011-2013
763095,993615,0,0,0,2011-2013
763125,993615,0,0,0,2011-2013
763155,993615,0,0,0,2011-2013
763185,993615,-30,0,30,2011-2013
763215,993585,0,0,0,2011-2013
763245,993585,0,0,0,2011-2013
763275,993585,0,0,0,2011-2013
763305,993585,0,0,0,2011-2013
763335,993585,0,0,0,2011-2013
763365,993585,0,0,0,2011-2013
763395,993585,0,0,0,2011-2013
763425,993585,0,0,0,2011-2013
763455,993585,0,0,0,2011-2013
763485,993585,0,0,0,2011-2013
763515,993585,0,0,0,2011-2013
763545,993585,0,0,0,2011-2013
763575,993585,0,0,0,2011-2013
763605,993555,0,-30,30,2011-2013
763635,993555,0,-30,30,2011-2013
763665,993555,0,0,0,2011-2013
763695,993555,0,0,0,2011-2013
763725,993555,0,0,0,2011-2013
763755,993555,0,0,0,2011-2013
763785,993555,0,0,0,2011-2013
763815,993555,0,0,0,2011-2013
763845,993555,-30,0,30,2011-2013
763875,993525,0,0,0,2011-2013
763905,993525,0,0,0,2011-2013
763935,993525,0,0,0,2011-2013
763965,993525,0,0,0,2011-2013
763995,993525,0,0,0,2011-2013
764025,993525,0,0,0,2011-2013
764055,993525,-30,0,30,2011-2013
764085,993525,0,30,30,2011-2013
764115,993495,0,0,0,2011-2013
764145,993495,0,0,0,2011-2013
764175,993495,0,0,0,2011-2013
764205,993495,0,0,0,2011-2013
764235,993465,0,0,0,2011-2013
764265,993435,0,0,0,2011-2013
764295,993435,0,0,0,2011-2013
764325,993405,0,0,0,2011-2013
764355,993405,0,0,0,2011-2013
764385,993375,0,-30,30,2011-2013
764415,993375,0,-30,30,2011-2013
764445,993405,0,0,0,2011-2013
764475,993405,0,0,0,2011-2013
764505,993405,0,0,0,2011-2013
764535,993405,0,0,0,2011-2013
764565,993405,0,0,0,2011-2013
764595,993405,0,0,0,2011-2013
764625,993405,0,0,0,2011-2013
764655,993405,0,0,0,2011-2013
764685,993405,0,0,0,2011-2013
764715,993405,0,0,0,2011-2013
764745,993405,0,0,0,2011-2013
764775,993405,0,0,0,2011-2013
764805,993405,-30,0,30,2011-2013
764835,993405,0,-30,30,2011-2013
764865,993405,0,-30,30,2011-2013
764895,993405,0,-30,30,2011-2013
764925,993405,0,-30,30,2011-2013
764955,993405,0,-30,30,2011-2013
764985,993405,0,-30,30,2011-2013
765015,993405,0,-30,30,2011-2013
765045,993405,0,-30,30,2011-2013
765075,993405,0,-30,30,2011-2013
765105,993405,0,-30,30,2011-2013
765135,993405,0,-30,30,2011-2013
765165,993405,0,-30,30,2011-2013
765195,993405,0,-30,30,2011-2013
765225,993405,0,-30,30,2011-2013
765255,993405,0,-30,30,2011-2013
765285,993405,0,-30,30,2011-2013
765315,993405,0,-30,30,2011-2013
765345,993405,0,-30,30,2011-2013
765375,993405,0,-30,30,2011-2013
765405,993405,0,-30,30,2011-2013
765435,993405,0,-30,30,2011-2013
765465,993405,0,-30,30,2011-2013
765495,993405,0,-30,30,2011-2013
765525,993405,-30,-30,42.4264068711929,2011-2013
765555,993375,-60,-60,84.8528137423857,2011-2013
765585,993375,-30,-90,94.8683298050514,2011-2013
765615,993375,-60,-90,108.16653826392,2011-2013
765645,993405,-30,-90,94.8683298050514,2011-2013
765675,993405,-60,-90,108.16653826392,2011-2013
765705,993405,0,-120,120,2011-2013
765735,993405,-30,-120,123.69316876853,2011-2013
765765,993405,-60,-120,134.164078649987,2011-2013
765795,993405,-90,-120,150,2011-2013
765825,993405,0,-150,150,2011-2013
765855,993405,0,-150,150,2011-2013
765885,993405,0,-150,150,2011-2013
765915,993405,0,-150,150,2011-2013
765945,993405,0,-150,150,2011-2013
765975,993375,0,-180,180,2011-2013
766005,993375,-30,-180,182.482875908947,2011-2013
766035,993375,-60,-180,189.736659610103,2011-2013
766065,993375,-90,-180,201.246117974981,2011-2013
766095,993375,0,-210,210,2011-2013
766125,993375,0,-210,210,2011-2013
766155,993375,0,-210,210,2011-2013
766185,993375,0,-210,210,2011-2013
766215,993375,0,-210,210,2011-2013
766245,993345,0,-240,240,2011-2013
766275,993345,0,-240,240,2011-2013
766305,993345,0,-240,240,2011-2013
766335,993345,0,-240,240,2011-2013
766365,993345,0,-240,240,2011-2013
766395,993345,0,-240,240,2011-2013
766425,993315,0,-270,270,2011-2013
766455,993315,0,-270,270,2011-2013
766485,993315,0,-270,270,2011-2013
766515,993315,0,-270,270,2011-2013
766545,993315,0,-270,270,2011-2013
766575,993345,0,-240,240,2011-2013
766605,993345,0,-240,240,2011-2013
766635,993345,0,-240,240,2011-2013
766665,993345,0,-240,240,2011-2013
766695,993345,0,-240,240,2011-2013
766725,993345,90,-210,228.473193175917,2011-2013
766755,993375,60,-180,189.736659610103,2011-2013
766785,993375,30,-180,182.482875908947,2011-2013
766815,993375,0,-180,180,2011-2013
766845,993375,90,-150,174.928556845359,2011-2013
766875,993375,60,-150,161.554944214035,2011-2013
766905,993375,30,-150,152.970585407784,2011-2013
766935,993375,0,-150,150,2011-2013
766965,993375,0,-150,150,2011-2013
766995,993375,0,-150,150,2011-2013
767025,993375,0,-150,150,2011-2013
767055,993375,0,-150,150,2011-2013
767085,993375,0,-150,150,2011-2013
767115,993375,0,-150,150,2011-2013
767145,993375,-30,-150,152.970585407784,2011-2013
767175,993375,-60,-150,161.554944214035,2011-2013
767205,993375,-90,-150,174.928556845359,2011-2013
767235,993375,-30,-180,182.482875908947,2011-2013
767265,993375,-60,-180,189.736659610103,2011-2013
767295,993375,-90,-180,201.246117974981,2011-2013
767325,993375,0,-210,210,2011-2013
767355,993375,0,-210,210,2011-2013
767385,993375,0,-210,210,2011-2013
767415,993345,90,-210,228.473193175917,2011-2013
767445,993345,60,-210,218.403296678416,2011-2013
767475,993345,30,-210,212.132034355964,2011-2013
767505,993345,0,-210,210,2011-2013
767535,993345,0,-210,210,2011-2013
767565,993345,90,-180,201.246117974981,2011-2013
767595,993345,60,-180,189.736659610103,2011-2013
767625,993345,90,-150,174.928556845359,2011-2013
767655,993315,60,-180,189.736659610103,2011-2013
767685,993315,90,-150,174.928556845359,2011-2013
767715,993315,60,-150,161.554944214035,2011-2013
767745,993315,90,-120,150,2011-2013
767775,993315,60,-120,134.164078649987,2011-2013
767805,993315,30,-120,123.69316876853,2011-2013
767835,993315,60,-90,108.16653826392,2011-2013
767865,993315,30,-90,94.8683298050514,2011-2013
767895,993315,60,-60,84.8528137423857,2011-2013
767925,993315,30,-60,67.0820393249937,2011-2013
767955,993315,0,-60,60,2011-2013
767985,993315,30,-30,42.4264068711929,2011-2013
768015,993315,0,-30,30,2011-2013
768045,993285,0,-60,60,2011-2013
768075,993285,30,-30,42.4264068711929,2011-2013
768105,993285,0,-30,30,2011-2013
768135,993285,0,-30,30,2011-2013
768165,993285,0,-30,30,2011-2013
768195,993285,0,0,0,2011-2013
768225,993285,0,0,0,2011-2013
768255,993255,0,-30,30,2011-2013
768285,993255,0,-30,30,2011-2013
768315,993255,0,-30,30,2011-2013
768345,993255,0,-30,30,2011-2013
768375,993255,0,-30,30,2011-2013
768405,993255,0,0,0,2011-2013
768435,993225,0,-30,30,2011-2013
768465,993225,0,-30,30,2011-2013
768495,993225,0,-30,30,2011-2013
768525,993225,0,-30,30,2011-2013
768555,993225,0,0,0,2011-2013
768585,993225,0,0,0,2011-2013
768615,993195,0,-30,30,2011-2013
768645,993195,0,0,0,2011-2013
768675,993195,0,0,0,2011-2013
768705,993165,0,-30,30,2011-2013
768735,993165,0,0,0,2011-2013
768765,993165,0,0,0,2011-2013
768795,993135,0,0,0,2011-2013
768825,993105,0,-30,30,2011-2013
768855,993105,0,0,0,2011-2013
768885,993075,0,-30,30,2011-2013
768915,993075,0,0,0,2011-2013
768945,993075,0,0,0,2011-2013
768975,993045,0,0,0,2011-2013
769005,993045,0,0,0,2011-2013
769035,993015,0,-30,30,2011-2013
769065,993015,0,0,0,2011-2013
769095,992985,0,-30,30,2011-2013
769125,992985,0,0,0,2011-2013
769155,992955,0,-30,30,2011-2013
769185,992955,0,0,0,2011-2013
769215,992955,0,0,0,2011-2013
769245,992925,0,0,0,2011-2013
769275,992895,0,0,0,2011-2013
769305,992895,-30,0,30,2011-2013
769335,992865,-30,0,30,2011-2013
769365,992835,0,0,0,2011-2013
769395,992805,0,0,0,2011-2013
769425,992775,0,0,0,2011-2013
769455,992745,0,0,0,2011-2013
769485,992715,0,0,0,2011-2013
769515,992685,0,0,0,2011-2013
769545,992655,0,0,0,2011-2013
769575,992625,0,0,0,2011-2013
769575,992595,0,-30,30,2011-2013
769605,992565,0,-30,30,2011-2013
769635,992535,0,-30,30,2011-2013
769665,992505,0,-30,30,2011-2013
769695,992475,0,0,0,2011-2013
769725,992445,0,0,0,2011-2013
769725,992415,0,-30,30,2011-2013
769755,992385,0,-30,30,2011-2013
769785,992355,0,0,0,2011-2013
769815,992325,0,0,0,2011-2013
769845,992295,0,0,0,2011-2013
769845,992265,0,0,0,2011-2013
769875,992235,0,0,0,2011-2013
769905,992205,-30,0,30,2011-2013
769935,992175,-30,0,30,2011-2013
769965,992145,-30,0,30,2011-2013
769995,992115,-30,0,30,2011-2013
770025,992085,-30,0,30,2011-2013
770055,992055,-30,0,30,2011-2013
770055,992025,0,0,0,2011-2013
770085,991995,0,0,0,2011-2013
770115,991965,0,0,0,2011-2013
770145,991935,0,0,0,2011-2013
770175,991905,0,0,0,2011-2013
770205,991875,0,0,0,2011-2013
770235,991845,0,0,0,2011-2013
770265,991815,0,0,0,2011-2013
770265,991785,0,-30,30,2011-2013
770295,991755,0,0,0,2011-2013
770325,991725,0,0,0,2011-2013
770325,991695,0,0,0,2011-2013
770355,991665,0,0,0,2011-2013
770355,991635,0,-30,30,2011-2013
770385,991605,0,0,0,2011-2013
770415,991575,0,0,0,2011-2013
770445,991545,0,0,0,2011-2013
770445,991515,0,0,0,2011-2013
770475,991485,0,0,0,2011-2013
770505,991455,0,0,0,2011-2013
770535,991425,-30,0,30,2011-2013
770535,991395,0,0,0,2011-2013
770565,991365,0,0,0,2011-2013
770595,991335,0,0,0,2011-2013
770625,991335,-30,0,30,2011-2013
770655,991305,-30,0,30,2011-2013
770685,991275,-30,0,30,2011-2013
770685,991245,0,0,0,2011-2013
770715,991215,0,0,0,2011-2013
770745,991185,0,0,0,2011-2013
770775,991155,0,0,0,2011-2013
770805,991125,0,0,0,2011-2013
770835,991095,0,0,0,2011-2013
770865,991065,0,0,0,2011-2013
770865,991035,0,0,0,2011-2013
770895,991005,0,0,0,2011-2013
770925,990975,0,0,0,2011-2013
770955,990945,0,0,0,2011-2013
770985,990915,0,0,0,2011-2013
770985,990885,0,0,0,2011-2013
771015,990855,0,0,0,2011-2013
771045,990825,0,0,0,2011-2013
771075,990795,0,0,0,2011-2013
771105,990765,0,0,0,2011-2013
771135,990765,-30,0,30,2011-2013
771165,990735,-30,0,30,2011-2013
771195,990705,-30,0,30,2011-2013
771225,990675,-30,0,30,2011-2013
771255,990645,-30,0,30,2011-2013
771285,990615,-30,0,30,2011-2013
771315,990585,-30,0,30,2011-2013
771345,990555,-30,0,30,2011-2013
771375,990525,-30,0,30,2011-2013
771405,990495,-30,0,30,2011-2013
771435,990465,-30,0,30,2011-2013
771465,990435,0,0,0,2011-2013
771495,990405,0,0,0,2011-2013
771525,990375,0,0,0,2011-2013
771555,990345,0,0,0,2011-2013
771555,990315,0,-30,30,2011-2013
771585,990285,0,-30,30,2011-2013
771615,990285,0,-30,30,2011-2013
771645,990285,0,0,0,2011-2013
771675,990255,0,0,0,2011-2013
771705,990225,0,-30,30,2011-2013
771735,990225,0,0,0,2011-2013
771765,990195,0,0,0,2011-2013
771795,990195,0,0,0,2011-2013
771825,990165,0,0,0,2011-2013
771855,990165,0,0,0,2011-2013
771885,990135,0,0,0,2011-2013
771915,990135,0,0,0,2011-2013
771945,990105,0,-30,30,2011-2013
771975,990075,0,-30,30,2011-2013
772005,990075,0,0,0,2011-2013
772035,990045,0,-30,30,2011-2013
772065,990045,0,0,0,2011-2013
772095,990015,0,-30,30,2011-2013
772125,990015,0,0,0,2011-2013
772155,989985,0,-30,30,2011-2013
772185,989985,0,0,0,2011-2013
772215,989955,0,-30,30,2011-2013
772245,989955,0,0,0,2011-2013
772275,989925,0,-30,30,2011-2013
772305,989925,0,0,0,2011-2013
772335,989895,0,-30,30,2011-2013
772365,989865,0,-30,30,2011-2013
772395,989865,0,-30,30,2011-2013
772425,989835,0,-30,30,2011-2013
772455,989835,0,-30,30,2011-2013
772485,989805,0,-30,30,2011-2013
772515,989805,0,0,0,2011-2013
772545,989775,0,-30,30,2011-2013
772575,989775,0,0,0,2011-2013
772605,989745,0,-30,30,2011-2013
772635,989745,0,-30,30,2011-2013
730725,1010925,0,0,0,2013-2015
730755,1010895,0,0,0,2013-2015
730755,1010865,0,0,0,2013-2015
730785,1010835,0,0,0,2013-2015
730815,1010835,0,0,0,2013-2015
730845,1010805,0,0,0,2013-2015
730875,1010805,0,0,0,2013-2015
730905,1010775,0,0,0,2013-2015
730935,1010775,0,0,0,2013-2015
730965,1010745,0,-30,30,2013-2015
730995,1010745,0,0,0,2013-2015
731025,1010715,0,-30,30,2013-2015
731055,1010685,0,-30,30,2013-2015
731085,1010685,0,0,0,2013-2015
731115,1010685,-30,0,30,2013-2015
731145,1010655,0,0,0,2013-2015
731175,1010655,-30,0,30,2013-2015
731205,1010625,0,0,0,2013-2015
731235,1010625,0,0,0,2013-2015
731265,1010595,0,0,0,2013-2015
731295,1010595,0,0,0,2013-2015
731325,1010565,0,0,0,2013-2015
731355,1010565,0,0,0,2013-2015
731385,1010565,0,0,0,2013-2015
731415,1010535,0,0,0,2013-2015
731445,1010535,-30,0,30,2013-2015
731475,1010505,-30,0,30,2013-2015
731505,1010505,-30,30,42.4264068711929,2013-2015
731535,1010475,0,30,30,2013-2015
731565,1010475,0,30,30,2013-2015
731595,1010445,0,0,0,2013-2015
731625,1010445,0,0,0,2013-2015
731655,1010415,0,0,0,2013-2015
731685,1010415,-30,0,30,2013-2015
731715,1010385,-30,0,30,2013-2015
731745,1010385,0,30,30,2013-2015
731775,1010355,0,0,0,2013-2015
731805,1010355,0,0,0,2013-2015
731835,1010355,0,0,0,2013-2015
731865,1010355,-30,0,30,2013-2015
731895,1010355,0,30,30,2013-2015
731925,1010325,0,0,0,2013-2015
731955,1010325,0,0,0,2013-2015
731985,1010325,0,0,0,2013-2015
732015,1010325,0,0,0,2013-2015
732045,1010325,0,0,0,2013-2015
732075,1010325,-30,0,30,2013-2015
732105,1010325,0,30,30,2013-2015
732135,1010325,0,30,30,2013-2015
732165,1010295,0,0,0,2013-2015
732195,1010295,0,0,0,2013-2015
732225,1010295,0,0,0,2013-2015
732255,1010295,0,0,0,2013-2015
732285,1010295,0,0,0,2013-2015
732315,1010295,0,0,0,2013-2015
732345,1010295,0,0,0,2013-2015
732375,1010295,0,0,0,2013-2015
732405,1010295,0,0,0,2013-2015
732435,1010265,0,0,0,2013-2015
732465,1010265,0,0,0,2013-2015
732495,1010265,0,0,0,2013-2015
732525,1010265,0,0,0,2013-2015
732555,1010235,0,-30,30,2013-2015
732585,1010235,0,0,0,2013-2015
732615,1010235,0,0,0,2013-2015
732645,1010235,0,0,0,2013-2015
732675,1010235,0,0,0,2013-2015
732705,1010235,0,0,0,2013-2015
732735,1010235,-30,0,30,2013-2015
732765,1010205,0,0,0,2013-2015
732795,1010205,0,0,0,2013-2015
732825,1010205,0,0,0,2013-2015
732855,1010205,0,0,0,2013-2015
732885,1010175,0,-30,30,2013-2015
732915,1010175,0,-30,30,2013-2015
732945,1010175,0,-30,30,2013-2015
732975,1010175,0,0,0,2013-2015
733005,1010175,0,0,0,2013-2015
733035,1010145,0,-30,30,2013-2015
733065,1010145,0,0,0,2013-2015
733095,1010145,0,0,0,2013-2015
733125,1010145,0,0,0,2013-2015
733155,1010115,0,-30,30,2013-2015
733185,1010115,0,0,0,2013-2015
733215,1010115,0,0,0,2013-2015
733245,1010085,0,-30,30,2013-2015
733275,1010085,0,-30,30,2013-2015
733305,1010055,0,-30,30,2013-2015
733335,1010055,0,-30,30,2013-2015
733365,1010055,0,-30,30,2013-2015
733395,1010055,0,0,0,2013-2015
733425,1010055,0,0,0,2013-2015
733455,1010025,0,-30,30,2013-2015
733485,1010025,0,-30,30,2013-2015
733515,1009995,0,-30,30,2013-2015
733545,1009995,0,-30,30,2013-2015
733575,1009995,0,-30,30,2013-2015
733605,1009995,0,-30,30,2013-2015
733635,1009995,0,0,0,2013-2015
733665,1009965,0,-30,30,2013-2015
733695,1009965,0,0,0,2013-2015
733725,1009965,0,0,0,2013-2015
733755,1009935,0,-30,30,2013-2015
733785,1009935,0,0,0,2013-2015
733815,1009935,0,0,0,2013-2015
733845,1009905,0,-30,30,2013-2015
733875,1009905,0,-30,30,2013-2015
733905,1009905,0,0,0,2013-2015
733935,1009905,0,0,0,2013-2015
733965,1009875,0,0,0,2013-2015
733995,1009875,0,0,0,2013-2015
734025,1009845,0,-30,30,2013-2015
734055,1009845,0,-30,30,2013-2015
734085,1009845,0,0,0,2013-2015
734115,1009815,0,-30,30,2013-2015
734145,1009815,0,0,0,2013-2015
734175,1009785,0,-30,30,2013-2015
734205,1009785,0,-30,30,2013-2015
734235,1009785,0,0,0,2013-2015
734265,1009755,0,-30,30,2013-2015
734295,1009755,0,-30,30,2013-2015
734325,1009725,0,-30,30,2013-2015
734355,1009695,0,-30,30,2013-2015
734385,1009665,0,-60,60,2013-2015
734415,1009665,30,-30,42.4264068711929,2013-2015
734445,1009665,0,-30,30,2013-2015
734475,1009665,0,-30,30,2013-2015
734505,1009665,0,-30,30,2013-2015
734535,1009635,0,-30,30,2013-2015
734565,1009635,0,-30,30,2013-2015
734595,1009635,0,0,0,2013-2015
734625,1009605,0,-30,30,2013-2015
734655,1009575,30,-30,42.4264068711929,2013-2015
734685,1009575,0,-30,30,2013-2015
734715,1009545,30,-30,42.4264068711929,2013-2015
734745,1009545,0,-30,30,2013-2015
734775,1009545,0,-30,30,2013-2015
734805,1009545,0,-30,30,2013-2015
734835,1009545,0,0,0,2013-2015
734865,1009545,0,0,0,2013-2015
734895,1009545,0,0,0,2013-2015
734925,1009545,-30,0,30,2013-2015
734955,1009545,0,30,30,2013-2015
734985,1009515,0,0,0,2013-2015
735015,1009515,-30,0,30,2013-2015
735045,1009515,0,30,30,2013-2015
735075,1009515,0,30,30,2013-2015
735105,1009485,0,0,0,2013-2015
735135,1009485,0,0,0,2013-2015
735165,1009485,-30,0,30,2013-2015
735195,1009455,0,0,0,2013-2015
735225,1009455,-30,0,30,2013-2015
735255,1009455,0,30,30,2013-2015
735285,1009455,0,30,30,2013-2015
735315,1009455,0,30,30,2013-2015
735345,1009425,-30,0,30,2013-2015
735375,1009425,0,30,30,2013-2015
735405,1009395,-30,0,30,2013-2015
735435,1009395,0,30,30,2013-2015
735465,1009365,0,0,0,2013-2015
735495,1009335,0,-30,30,2013-2015
735525,1009335,0,0,0,2013-2015
735555,1009305,-30,0,30,2013-2015
735585,1009275,-30,0,30,2013-2015
735585,1009245,0,0,0,2013-2015
735615,1009215,0,0,0,2013-2015
735645,1009185,0,0,0,2013-2015
735675,1009155,0,0,0,2013-2015
735705,1009125,0,0,0,2013-2015
735735,1009095,0,0,0,2013-2015
735765,1009065,0,-30,30,2013-2015
735795,1009035,0,-30,30,2013-2015
735825,1009005,0,-30,30,2013-2015
735825,1008975,0,-60,60,2013-2015
735855,1008945,30,-60,67.0820393249937,2013-2015
735885,1008945,30,-30,42.4264068711929,2013-2015
735915,1008945,0,-30,30,2013-2015
735945,1008915,30,-30,42.4264068711929,2013-2015
735975,1008885,30,-30,42.4264068711929,2013-2015
736005,1008885,0,-30,30,2013-2015
736035,1008855,0,-30,30,2013-2015
736065,1008855,0,0,0,2013-2015
736095,1008825,0,0,0,2013-2015
736125,1008825,0,0,0,2013-2015
736155,1008795,0,0,0,2013-2015
736185,1008795,0,0,0,2013-2015
736215,1008765,0,0,0,2013-2015
736245,1008735,0,0,0,2013-2015
736275,1008735,0,0,0,2013-2015
736305,1008705,0,0,0,2013-2015
736335,1008675,0,0,0,2013-2015
736365,1008675,0,0,0,2013-2015
736395,1008645,0,0,0,2013-2015
736425,1008645,-30,0,30,2013-2015
736455,1008615,-30,0,30,2013-2015
736485,1008585,0,0,0,2013-2015
736515,1008585,-30,0,30,2013-2015
736545,1008555,-30,0,30,2013-2015
736575,1008525,-30,0,30,2013-2015
736605,1008495,-30,0,30,2013-2015
736635,1008465,-30,0,30,2013-2015
736665,1008465,-30,30,42.4264068711929,2013-2015
736695,1008435,-30,30,42.4264068711929,2013-2015
736725,1008405,-30,30,42.4264068711929,2013-2015
736755,1008375,-30,30,42.4264068711929,2013-2015
736755,1008345,-30,0,30,2013-2015
736755,1008315,0,0,0,2013-2015
736785,1008285,-30,0,30,2013-2015
736815,1008255,-30,0,30,2013-2015
736845,1008225,-30,30,42.4264068711929,2013-2015
736875,1008195,-30,30,42.4264068711929,2013-2015
736875,1008165,-30,0,30,2013-2015
736905,1008135,-30,0,30,2013-2015
736935,1008105,-30,30,42.4264068711929,2013-2015
736965,1008075,-30,30,42.4264068711929,2013-2015
736995,1008045,-30,30,42.4264068711929,2013-2015
736995,1008015,-30,0,30,2013-2015
737025,1007985,-30,0,30,2013-2015
737055,1007955,-30,0,30,2013-2015
737085,1007925,-30,0,30,2013-2015
737085,1007895,-30,0,30,2013-2015
737115,1007865,-30,0,30,2013-2015
737145,1007835,-30,0,30,2013-2015
737145,1007805,0,0,0,2013-2015
737175,1007775,0,0,0,2013-2015
737205,1007745,0,0,0,2013-2015
737235,1007715,0,0,0,2013-2015
737235,1007685,0,-30,30,2013-2015
737265,1007655,0,0,0,2013-2015
737295,1007625,0,0,0,2013-2015
737325,1007595,0,0,0,2013-2015
737355,1007565,0,0,0,2013-2015
737385,1007535,0,0,0,2013-2015
737385,1007505,0,0,0,2013-2015
737415,1007475,0,0,0,2013-2015
737445,1007445,0,0,0,2013-2015
737475,1007415,0,0,0,2013-2015
737475,1007385,0,0,0,2013-2015
737505,1007355,0,0,0,2013-2015
737505,1007325,0,0,0,2013-2015
737535,1007295,0,0,0,2013-2015
737565,1007265,0,0,0,2013-2015
737595,1007235,0,0,0,2013-2015
737595,1007205,0,0,0,2013-2015
737625,1007175,0,0,0,2013-2015
737655,1007145,0,0,0,2013-2015
737655,1007115,0,0,0,2013-2015
737685,1007085,0,0,0,2013-2015
737715,1007055,0,0,0,2013-2015
737745,1007025,0,0,0,2013-2015
737745,1006995,0,0,0,2013-2015
737775,1006965,0,0,0,2013-2015
737805,1006935,0,0,0,2013-2015
737835,1006905,0,0,0,2013-2015
737835,1006875,0,0,0,2013-2015
737865,1006845,0,0,0,2013-2015
737895,1006815,0,0,0,2013-2015
737895,1006785,0,-30,30,2013-2015
737925,1006755,0,-30,30,2013-2015
737955,1006725,0,0,0,2013-2015
737985,1006695,-30,0,30,2013-2015
738015,1006665,-30,0,30,2013-2015
738015,1006635,-30,0,30,2013-2015
738015,1006605,0,0,0,2013-2015
738045,1006575,0,0,0,2013-2015
738045,1006545,0,0,0,2013-2015
738075,1006515,-30,0,30,2013-2015
738075,1006485,0,0,0,2013-2015
738075,1006455,0,-30,30,2013-2015
738075,1006425,30,0,30,2013-2015
738105,1006395,0,-30,30,2013-2015
738105,1006365,30,0,30,2013-2015
738135,1006335,0,0,0,2013-2015
738135,1006305,0,-30,30,2013-2015
738135,1006275,30,-30,42.4264068711929,2013-2015
738165,1006245,30,0,30,2013-2015
738195,1006215,0,-30,30,2013-2015
738195,1006185,30,0,30,2013-2015
738225,1006155,0,-30,30,2013-2015
738255,1006125,0,0,0,2013-2015
738255,1006095,0,-30,30,2013-2015
738285,1006065,0,-30,30,2013-2015
738285,1006035,30,0,30,2013-2015
738315,1006005,0,-30,30,2013-2015
738345,1005975,0,-30,30,2013-2015
738375,1005945,0,0,0,2013-2015
738375,1005915,0,0,0,2013-2015
738375,1005885,0,0,0,2013-2015
738405,1005855,0,0,0,2013-2015
738405,1005825,0,0,0,2013-2015
738435,1005795,0,0,0,2013-2015
738435,1005765,0,0,0,2013-2015
738465,1005735,0,0,0,2013-2015
738465,1005705,0,0,0,2013-2015
738495,1005675,0,0,0,2013-2015
738495,1005645,0,0,0,2013-2015
738525,1005615,-30,0,30,2013-2015
738525,1005585,0,0,0,2013-2015
738525,1005555,0,0,0,2013-2015
738555,1005525,0,0,0,2013-2015
738555,1005495,0,0,0,2013-2015
738585,1005465,0,0,0,2013-2015
738585,1005435,0,0,0,2013-2015
738615,1005405,-30,0,30,2013-2015
738615,1005375,0,0,0,2013-2015
738645,1005345,0,0,0,2013-2015
738645,1005315,0,0,0,2013-2015
738675,1005285,0,0,0,2013-2015
738705,1005255,-30,0,30,2013-2015
738705,1005225,0,0,0,2013-2015
738735,1005195,0,0,0,2013-2015
738765,1005165,-30,0,30,2013-2015
738795,1005135,-30,0,30,2013-2015
738795,1005105,-30,0,30,2013-2015
738825,1005075,-30,0,30,2013-2015
738855,1005045,-30,0,30,2013-2015
738855,1005015,0,0,0,2013-2015
738885,1004985,-30,0,30,2013-2015
738915,1004955,-30,0,30,2013-2015
738915,1004925,-30,0,30,2013-2015
738915,1004895,0,0,0,2013-2015
738915,1004865,0,-30,30,2013-2015
738945,1004835,0,0,0,2013-2015
738945,1004805,0,-30,30,2013-2015
738975,1004775,0,-30,30,2013-2015
738975,1004745,30,0,30,2013-2015
738975,1004715,30,-30,42.4264068711929,2013-2015
739005,1004685,30,0,30,2013-2015
739035,1004655,0,-30,30,2013-2015
739065,1004625,0,-30,30,2013-2015
739065,1004595,30,0,30,2013-2015
739095,1004565,0,-30,30,2013-2015
739125,1004535,0,0,0,2013-2015
739125,1004505,0,-30,30,2013-2015
739155,1004475,0,-30,30,2013-2015
739185,1004445,0,-30,30,2013-2015
739215,1004415,0,0,0,2013-2015
739245,1004385,0,0,0,2013-2015
739275,1004385,0,0,0,2013-2015
739305,1004355,0,0,0,2013-2015
739335,1004325,0,0,0,2013-2015
739365,1004325,0,0,0,2013-2015
739395,1004295,0,0,0,2013-2015
739425,1004265,0,0,0,2013-2015
739455,1004235,0,-30,30,2013-2015
739485,1004205,0,-30,30,2013-2015
739515,1004205,0,0,0,2013-2015
739545,1004175,0,0,0,2013-2015
739575,1004145,0,-30,30,2013-2015
739605,1004145,0,0,0,2013-2015
739635,1004115,0,0,0,2013-2015
739665,1004085,0,0,0,2013-2015
739695,1004055,0,0,0,2013-2015
739725,1004025,0,0,0,2013-2015
739755,1003995,0,-30,30,2013-2015
739785,1003965,0,-30,30,2013-2015
739815,1003935,0,-30,30,2013-2015
739845,1003935,0,0,0,2013-2015
739875,1003905,0,0,0,2013-2015
739905,1003875,0,0,0,2013-2015
739935,1003845,0,0,0,2013-2015
739965,1003815,0,0,0,2013-2015
739995,1003785,0,0,0,2013-2015
740025,1003755,0,0,0,2013-2015
740055,1003725,0,0,0,2013-2015
740085,1003695,0,0,0,2013-2015
740115,1003665,0,0,0,2013-2015
740145,1003635,0,0,0,2013-2015
740175,1003635,-30,0,30,2013-2015
740205,1003605,-30,0,30,2013-2015
740205,1003575,0,0,0,2013-2015
740235,1003545,0,0,0,2013-2015
740265,1003515,0,0,0,2013-2015
740295,1003485,0,0,0,2013-2015
740325,1003455,0,0,0,2013-2015
740355,1003425,0,0,0,2013-2015
740385,1003395,-30,0,30,2013-2015
740415,1003365,-30,0,30,2013-2015
740445,1003335,-30,0,30,2013-2015
740475,1003305,-30,0,30,2013-2015
740505,1003275,-30,0,30,2013-2015
740535,1003245,-30,0,30,2013-2015
740535,1003215,0,0,0,2013-2015
740565,1003185,0,0,0,2013-2015
740565,1003155,0,-30,30,2013-2015
740595,1003125,0,-30,30,2013-2015
740625,1003095,0,0,0,2013-2015
740655,1003065,0,0,0,2013-2015
740685,1003035,0,0,0,2013-2015
740685,1003005,0,-30,30,2013-2015
740715,1002975,0,0,0,2013-2015
740745,1002945,0,0,0,2013-2015
740775,1002915,0,0,0,2013-2015
740805,1002885,0,0,0,2013-2015
740835,1002855,0,0,0,2013-2015
740865,1002825,0,0,0,2013-2015
740895,1002795,0,0,0,2013-2015
740925,1002765,0,0,0,2013-2015
740955,1002735,0,0,0,2013-2015
740985,1002705,0,0,0,2013-2015
741015,1002675,0,-30,30,2013-2015
741045,1002645,0,-30,30,2013-2015
741075,1002615,0,-30,30,2013-2015
741105,1002585,0,-30,30,2013-2015
741135,1002555,0,-30,30,2013-2015
741165,1002525,30,-30,42.4264068711929,2013-2015
741195,1002495,30,-30,42.4264068711929,2013-2015
741225,1002465,0,-60,60,2013-2015
741255,1002435,30,-60,67.0820393249937,2013-2015
741255,1002405,60,-60,84.8528137423857,2013-2015
741285,1002375,60,-60,84.8528137423857,2013-2015
741315,1002345,60,-60,84.8528137423857,2013-2015
741345,1002345,30,-60,67.0820393249937,2013-2015
741375,1002315,60,-60,84.8528137423857,2013-2015
741405,1002285,60,-60,84.8528137423857,2013-2015
741435,1002255,60,-60,84.8528137423857,2013-2015
741465,1002255,30,-60,67.0820393249937,2013-2015
741495,1002225,30,-60,67.0820393249937,2013-2015
741525,1002195,30,-60,67.0820393249937,2013-2015
741555,1002165,30,-60,67.0820393249937,2013-2015
741585,1002135,30,-60,67.0820393249937,2013-2015
741615,1002135,30,-30,42.4264068711929,2013-2015
741645,1002105,30,-30,42.4264068711929,2013-2015
741675,1002105,0,-30,30,2013-2015
741705,1002075,0,-30,30,2013-2015
741735,1002045,30,0,30,2013-2015
741765,1002015,0,0,0,2013-2015
741765,1001985,0,0,0,2013-2015
741795,1001955,0,0,0,2013-2015
741795,1001925,0,0,0,2013-2015
741795,1001895,0,0,0,2013-2015
741795,1001865,0,0,0,2013-2015
741795,1001835,0,0,0,2013-2015
741795,1001805,0,0,0,2013-2015
741795,1001775,0,0,0,2013-2015
741795,1001745,0,0,0,2013-2015
741795,1001715,0,0,0,2013-2015
741825,1001685,-30,0,30,2013-2015
741825,1001655,0,0,0,2013-2015
741825,1001625,0,0,0,2013-2015
741825,1001595,0,0,0,2013-2015
741825,1001565,0,0,0,2013-2015
741825,1001535,0,0,0,2013-2015
741825,1001505,0,0,0,2013-2015
741855,1001475,0,0,0,2013-2015
741855,1001445,0,0,0,2013-2015
741855,1001415,0,0,0,2013-2015
741855,1001385,0,0,0,2013-2015
741855,1001355,0,-30,30,2013-2015
741855,1001325,30,0,30,2013-2015
741885,1001295,0,0,0,2013-2015
741885,1001265,0,0,0,2013-2015
741915,1001235,0,0,0,2013-2015
741915,1001205,0,0,0,2013-2015
741915,1001175,0,0,0,2013-2015
741945,1001145,0,0,0,2013-2015
741945,1001115,0,0,0,2013-2015
741945,1001085,0,0,0,2013-2015
741975,1001055,0,0,0,2013-2015
741975,1001025,0,-30,30,2013-2015
742005,1000995,0,0,0,2013-2015
742035,1000965,0,0,0,2013-2015
742035,1000935,0,-30,30,2013-2015
742035,1000905,30,0,30,2013-2015
742065,1000875,0,-30,30,2013-2015
742095,1000845,0,0,0,2013-2015
742095,1000815,0,-30,30,2013-2015
742095,1000785,30,0,30,2013-2015
742125,1000755,0,0,0,2013-2015
742155,1000725,-30,0,30,2013-2015
742155,1000695,0,0,0,2013-2015
742185,1000665,0,0,0,2013-2015
742215,1000635,-30,0,30,2013-2015
742215,1000605,0,0,0,2013-2015
742245,1000575,0,0,0,2013-2015
742275,1000545,0,0,0,2013-2015
742305,1000515,-30,0,30,2013-2015
742305,1000485,0,0,0,2013-2015
742335,1000455,-30,0,30,2013-2015
742365,1000425,0,30,30,2013-2015
742395,1000395,-30,0,30,2013-2015
742395,1000365,0,0,0,2013-2015
742425,1000335,0,0,0,2013-2015
742455,1000335,-30,0,30,2013-2015
742485,1000305,0,0,0,2013-2015
742515,1000275,0,0,0,2013-2015
742545,1000245,0,0,0,2013-2015
742575,1000245,0,0,0,2013-2015
742605,1000215,0,0,0,2013-2015
742635,1000185,0,-30,30,2013-2015
742665,1000185,0,0,0,2013-2015
742695,1000155,0,0,0,2013-2015
742725,1000125,0,-30,30,2013-2015
742755,1000125,0,0,0,2013-2015
742785,1000095,0,0,0,2013-2015
742815,1000095,0,0,0,2013-2015
742845,1000065,0,0,0,2013-2015
742875,1000065,-30,0,30,2013-2015
742905,1000035,0,0,0,2013-2015
742935,1000035,0,0,0,2013-2015
742965,1000035,-30,0,30,2013-2015
742995,1000005,0,0,0,2013-2015
743025,1000005,0,0,0,2013-2015
743055,999975,0,0,0,2013-2015
743085,999975,0,0,0,2013-2015
743115,999975,-30,0,30,2013-2015
743145,999945,-30,0,30,2013-2015
743175,999945,0,30,30,2013-2015
743205,999915,-30,0,30,2013-2015
743235,999885,0,0,0,2013-2015
743265,999885,-30,0,30,2013-2015
743295,999855,-30,0,30,2013-2015
743325,999855,0,30,30,2013-2015
743355,999825,-30,0,30,2013-2015
743355,999795,0,0,0,2013-2015
743385,999765,0,-30,30,2013-2015
743415,999735,0,-30,30,2013-2015
743445,999705,30,-30,42.4264068711929,2013-2015
743475,999705,0,-30,30,2013-2015
743505,999675,0,-30,30,2013-2015
743535,999675,0,-30,30,2013-2015
743565,999645,0,-30,30,2013-2015
743595,999615,0,-30,30,2013-2015
743625,999585,0,-30,30,2013-2015
743655,999585,0,0,0,2013-2015
743685,999555,0,0,0,2013-2015
743715,999525,0,-30,30,2013-2015
743745,999525,0,0,0,2013-2015
743775,999495,0,0,0,2013-2015
743805,999465,0,-30,30,2013-2015
743835,999465,0,0,0,2013-2015
743865,999435,0,0,0,2013-2015
743895,999405,0,-30,30,2013-2015
743925,999405,0,0,0,2013-2015
743955,999375,0,0,0,2013-2015
743985,999345,0,-30,30,2013-2015
744015,999345,0,0,0,2013-2015
744045,999315,0,0,0,2013-2015
744075,999285,0,-30,30,2013-2015
744105,999285,0,0,0,2013-2015
744135,999255,0,0,0,2013-2015
744165,999225,0,0,0,2013-2015
744195,999195,0,-30,30,2013-2015
744225,999195,0,0,0,2013-2015
744255,999165,0,0,0,2013-2015
744285,999135,0,0,0,2013-2015
744315,999105,0,0,0,2013-2015
744345,999075,0,0,0,2013-2015
744375,999045,0,0,0,2013-2015
744405,999015,0,0,0,2013-2015
744435,998985,0,0,0,2013-2015
744465,998955,0,0,0,2013-2015
744495,998925,0,0,0,2013-2015
744525,998895,0,0,0,2013-2015
744555,998865,0,0,0,2013-2015
744585,998835,-30,0,30,2013-2015
744615,998805,-30,0,30,2013-2015
744645,998775,-30,0,30,2013-2015
744675,998745,-30,0,30,2013-2015
744675,998715,0,0,0,2013-2015
744705,998685,-30,0,30,2013-2015
744735,998655,-30,0,30,2013-2015
744765,998625,-30,0,30,2013-2015
744795,998595,-30,0,30,2013-2015
744825,998565,-30,0,30,2013-2015
744855,998535,-30,0,30,2013-2015
744885,998505,-30,0,30,2013-2015
744915,998475,-30,30,42.4264068711929,2013-2015
744945,998445,-30,30,42.4264068711929,2013-2015
744975,998415,-30,30,42.4264068711929,2013-2015
745005,998385,-30,30,42.4264068711929,2013-2015
745035,998355,-30,30,42.4264068711929,2013-2015
745065,998325,-30,30,42.4264068711929,2013-2015
745095,998295,-30,30,42.4264068711929,2013-2015
745125,998265,-30,30,42.4264068711929,2013-2015
745125,998235,-30,0,30,2013-2015
745155,998205,-30,0,30,2013-2015
745185,998175,-30,0,30,2013-2015
745215,998145,-30,0,30,2013-2015
745245,998115,0,30,30,2013-2015
745275,998115,0,30,30,2013-2015
745305,998085,-30,0,30,2013-2015
745305,998055,0,0,0,2013-2015
745335,998025,0,-30,30,2013-2015
745365,998025,0,-30,30,2013-2015
745395,998025,0,0,0,2013-2015
745425,997995,0,-30,30,2013-2015
745455,997995,0,0,0,2013-2015
745485,997965,0,-30,30,2013-2015
745515,997965,0,0,0,2013-2015
745545,997935,0,0,0,2013-2015
745575,997905,0,-30,30,2013-2015
745605,997905,0,0,0,2013-2015
745635,997905,0,0,0,2013-2015
745665,997875,0,0,0,2013-2015
745695,997875,0,0,0,2013-2015
745725,997845,0,0,0,2013-2015
745755,997845,0,0,0,2013-2015
745785,997815,0,0,0,2013-2015
745815,997815,0,0,0,2013-2015
745845,997785,0,-30,30,2013-2015
745875,997785,0,0,0,2013-2015
745905,997755,0,-30,30,2013-2015
745935,997755,0,0,0,2013-2015
745965,997755,0,0,0,2013-2015
745995,997725,0,-30,30,2013-2015
746025,997725,0,0,0,2013-2015
746055,997725,-30,0,30,2013-2015
746085,997695,0,0,0,2013-2015
746115,997695,0,0,0,2013-2015
746145,997695,0,0,0,2013-2015
746175,997665,0,0,0,2013-2015
746205,997665,0,0,0,2013-2015
746235,997665,0,0,0,2013-2015
746265,997635,0,0,0,2013-2015
746295,997635,0,0,0,2013-2015
746325,997635,0,0,0,2013-2015
746355,997635,0,0,0,2013-2015
746385,997635,0,0,0,2013-2015
746415,997605,0,-30,30,2013-2015
746445,997605,0,-30,30,2013-2015
746475,997605,0,-30,30,2013-2015
746505,997605,0,-30,30,2013-2015
746535,997605,0,-30,30,2013-2015
746565,997605,0,0,0,2013-2015
746595,997605,0,0,0,2013-2015
746625,997605,0,0,0,2013-2015
746655,997605,0,0,0,2013-2015
746685,997605,0,0,0,2013-2015
746715,997605,0,0,0,2013-2015
746745,997605,0,0,0,2013-2015
746775,997605,0,0,0,2013-2015
746805,997605,0,0,0,2013-2015
746835,997605,-30,0,30,2013-2015
746865,997605,0,30,30,2013-2015
746895,997605,0,30,30,2013-2015
746925,997605,0,30,30,2013-2015
746955,997605,0,30,30,2013-2015
746985,997605,0,30,30,2013-2015
747015,997605,0,30,30,2013-2015
747045,997605,0,30,30,2013-2015
747075,997605,0,30,30,2013-2015
747105,997575,0,0,0,2013-2015
747135,997575,0,0,0,2013-2015
747165,997575,0,0,0,2013-2015
747195,997575,0,0,0,2013-2015
747225,997575,0,0,0,2013-2015
747255,997575,0,0,0,2013-2015
747285,997575,0,0,0,2013-2015
747315,997575,0,0,0,2013-2015
747345,997575,0,0,0,2013-2015
747375,997575,0,0,0,2013-2015
747405,997575,0,0,0,2013-2015
747435,997575,-30,0,30,2013-2015
747465,997575,0,30,30,2013-2015
747495,997575,0,30,30,2013-2015
747525,997545,0,0,0,2013-2015
747555,997545,0,0,0,2013-2015
747585,997545,-30,0,30,2013-2015
747615,997545,0,30,30,2013-2015
747645,997545,0,30,30,2013-2015
747675,997545,0,30,30,2013-2015
747705,997545,0,30,30,2013-2015
747735,997545,0,30,30,2013-2015
747765,997515,-30,0,30,2013-2015
747795,997515,0,30,30,2013-2015
747825,997515,0,30,30,2013-2015
747855,997515,-30,30,42.4264068711929,2013-2015
747885,997515,0,60,60,2013-2015
747915,997515,0,60,60,2013-2015
747945,997485,-30,30,42.4264068711929,2013-2015
747975,997485,0,60,60,2013-2015
748005,997455,0,30,30,2013-2015
748035,997455,-30,30,42.4264068711929,2013-2015
748065,997425,0,30,30,2013-2015
748095,997425,0,30,30,2013-2015
748125,997425,0,30,30,2013-2015
748155,997395,-30,0,30,2013-2015
748185,997395,0,30,30,2013-2015
748215,997395,0,30,30,2013-2015
748245,997365,0,0,0,2013-2015
748275,997365,0,0,0,2013-2015
748305,997365,-30,0,30,2013-2015
748335,997365,0,30,30,2013-2015
748365,997365,0,30,30,2013-2015
748395,997365,0,30,30,2013-2015
748425,997365,0,30,30,2013-2015
748455,997365,0,30,30,2013-2015
748485,997335,0,0,0,2013-2015
748515,997335,0,0,0,2013-2015
748545,997335,0,0,0,2013-2015
748575,997335,0,0,0,2013-2015
748605,997335,0,0,0,2013-2015
748635,997335,0,0,0,2013-2015
748665,997335,0,0,0,2013-2015
748695,997365,0,30,30,2013-2015
748725,997365,0,30,30,2013-2015
748755,997365,0,30,30,2013-2015
748785,997365,0,0,0,2013-2015
748815,997365,0,0,0,2013-2015
748845,997395,0,0,0,2013-2015
748875,997395,0,0,0,2013-2015
748905,997395,0,0,0,2013-2015
748935,997395,0,0,0,2013-2015
748965,997395,0,0,0,2013-2015
748995,997425,0,30,30,2013-2015
749025,997425,0,30,30,2013-2015
749055,997425,0,30,30,2013-2015
749085,997425,0,30,30,2013-2015
749115,997425,0,0,0,2013-2015
749145,997425,0,0,0,2013-2015
749175,997425,0,0,0,2013-2015
749205,997425,0,0,0,2013-2015
749235,997425,0,0,0,2013-2015
749265,997425,0,0,0,2013-2015
749295,997425,0,0,0,2013-2015
749325,997395,0,-30,30,2013-2015
749355,997395,0,0,0,2013-2015
749385,997395,0,0,0,2013-2015
749415,997395,0,0,0,2013-2015
749445,997395,0,0,0,2013-2015
749475,997395,0,0,0,2013-2015
749505,997395,0,0,0,2013-2015
749535,997395,0,0,0,2013-2015
749565,997365,0,0,0,2013-2015
749595,997365,0,0,0,2013-2015
749625,997365,0,0,0,2013-2015
749655,997365,-30,0,30,2013-2015
749685,997365,0,30,30,2013-2015
749715,997335,0,0,0,2013-2015
749745,997335,0,0,0,2013-2015
749775,997335,0,0,0,2013-2015
749805,997335,0,0,0,2013-2015
749835,997335,0,0,0,2013-2015
749865,997305,0,0,0,2013-2015
749895,997305,0,0,0,2013-2015
749925,997305,-30,0,30,2013-2015
749955,997305,0,30,30,2013-2015
749985,997275,0,0,0,2013-2015
750015,997275,-30,0,30,2013-2015
750045,997275,0,30,30,2013-2015
750075,997245,0,0,0,2013-2015
750105,997245,0,0,0,2013-2015
750135,997245,-30,0,30,2013-2015
750165,997215,0,0,0,2013-2015
750195,997215,-30,0,30,2013-2015
750225,997185,0,0,0,2013-2015
750255,997185,0,0,0,2013-2015
750285,997185,0,0,0,2013-2015
750315,997155,0,-30,30,2013-2015
750345,997155,0,0,0,2013-2015
750375,997125,0,0,0,2013-2015
750405,997125,0,0,0,2013-2015
750435,997125,0,0,0,2013-2015
750465,997125,-30,0,30,2013-2015
750495,997095,0,0,0,2013-2015
750525,997095,-30,0,30,2013-2015
750555,997065,0,0,0,2013-2015
750585,997065,-30,0,30,2013-2015
750615,997035,0,0,0,2013-2015
750645,997035,-30,0,30,2013-2015
750675,997005,-30,0,30,2013-2015
750705,996975,0,0,0,2013-2015
750735,996975,-30,0,30,2013-2015
750765,996975,0,30,30,2013-2015
750795,996945,-30,0,30,2013-2015
750825,996915,0,0,0,2013-2015
750855,996915,-30,0,30,2013-2015
750885,996885,0,0,0,2013-2015
750915,996885,-30,0,30,2013-2015
750945,996855,0,0,0,2013-2015
750975,996855,-30,0,30,2013-2015
751005,996825,0,0,0,2013-2015
751035,996795,0,0,0,2013-2015
751065,996795,0,0,0,2013-2015
751095,996765,0,0,0,2013-2015
751125,996765,-30,0,30,2013-2015
751155,996735,0,0,0,2013-2015
751185,996705,0,0,0,2013-2015
751215,996675,0,-30,30,2013-2015
751245,996675,0,0,0,2013-2015
751275,996645,0,-30,30,2013-2015
751305,996645,0,0,0,2013-2015
751335,996615,0,0,0,2013-2015
751365,996585,0,0,0,2013-2015
751395,996555,0,-30,30,2013-2015
751425,996555,0,0,0,2013-2015
751455,996555,0,0,0,2013-2015
751485,996525,0,0,0,2013-2015
751515,996495,0,0,0,2013-2015
751545,996495,0,0,0,2013-2015
751575,996465,0,0,0,2013-2015
751605,996435,0,-30,30,2013-2015
751635,996435,0,0,0,2013-2015
751665,996405,0,-30,30,2013-2015
751695,996405,0,0,0,2013-2015
751725,996375,0,0,0,2013-2015
751755,996375,0,0,0,2013-2015
751785,996345,0,-30,30,2013-2015
751815,996315,0,-30,30,2013-2015
751845,996315,0,-30,30,2013-2015
751875,996315,0,0,0,2013-2015
751905,996315,0,0,0,2013-2015
751935,996285,0,0,0,2013-2015
751965,996255,0,-30,30,2013-2015
751995,996255,0,0,0,2013-2015
752025,996225,0,-30,30,2013-2015
752055,996225,0,0,0,2013-2015
752085,996195,0,-30,30,2013-2015
752115,996195,0,0,0,2013-2015
752145,996165,0,-30,30,2013-2015
752175,996165,0,0,0,2013-2015
752205,996135,0,0,0,2013-2015
752235,996135,0,0,0,2013-2015
752265,996135,-30,0,30,2013-2015
752295,996105,0,0,0,2013-2015
752325,996105,-30,0,30,2013-2015
752355,996105,0,30,30,2013-2015
752385,996105,0,30,30,2013-2015
752415,996105,0,30,30,2013-2015
752445,996075,0,0,0,2013-2015
752475,996075,0,0,0,2013-2015
752505,996075,-30,0,30,2013-2015
752535,996075,0,30,30,2013-2015
752565,996045,0,0,0,2013-2015
752595,996045,0,0,0,2013-2015
752625,996015,0,0,0,2013-2015
752655,996015,0,0,0,2013-2015
752685,995985,0,0,0,2013-2015
752715,995985,0,0,0,2013-2015
752745,995955,0,0,0,2013-2015
752775,995955,0,0,0,2013-2015
752805,995925,0,0,0,2013-2015
752835,995925,0,0,0,2013-2015
752865,995895,0,0,0,2013-2015
752895,995895,0,0,0,2013-2015
752925,995865,0,0,0,2013-2015
752955,995835,0,-30,30,2013-2015
752985,995835,0,0,0,2013-2015
753015,995805,0,-30,30,2013-2015
753045,995805,0,0,0,2013-2015
753075,995775,0,-30,30,2013-2015
753105,995745,0,-30,30,2013-2015
753135,995745,0,0,0,2013-2015
753165,995715,0,-30,30,2013-2015
753195,995715,0,0,0,2013-2015
753225,995685,0,-30,30,2013-2015
753255,995685,0,0,0,2013-2015
753285,995655,0,0,0,2013-2015
753315,995655,0,0,0,2013-2015
753345,995625,0,0,0,2013-2015
753375,995595,0,0,0,2013-2015
753405,995595,0,0,0,2013-2015
753435,995565,0,0,0,2013-2015
753465,995565,0,0,0,2013-2015
753495,995535,0,0,0,2013-2015
753525,995505,0,0,0,2013-2015
753555,995475,0,-30,30,2013-2015
753585,995445,0,-30,30,2013-2015
753615,995445,0,0,0,2013-2015
753645,995415,0,0,0,2013-2015
753675,995385,0,0,0,2013-2015
753705,995385,0,0,0,2013-2015
753735,995355,0,0,0,2013-2015
753765,995325,0,0,0,2013-2015
753795,995325,0,0,0,2013-2015
753825,995295,0,0,0,2013-2015
753855,995295,-30,0,30,2013-2015
753885,995265,0,0,0,2013-2015
753915,995235,0,0,0,2013-2015
753945,995235,0,0,0,2013-2015
753975,995205,0,0,0,2013-2015
754005,995205,0,0,0,2013-2015
754035,995175,0,0,0,2013-2015
754065,995175,0,0,0,2013-2015
754095,995145,0,0,0,2013-2015
754125,995145,0,0,0,2013-2015
754155,995145,-30,0,30,2013-2015
754185,995115,0,0,0,2013-2015
754215,995115,-30,0,30,2013-2015
754245,995085,0,0,0,2013-2015
754275,995085,0,0,0,2013-2015
754305,995085,0,0,0,2013-2015
754335,995085,-30,0,30,2013-2015
754365,995085,0,30,30,2013-2015
754395,995055,0,0,0,2013-2015
754425,995055,0,0,0,2013-2015
754455,995055,0,0,0,2013-2015
754485,995055,-30,0,30,2013-2015
754515,995025,0,0,0,2013-2015
754545,995025,0,0,0,2013-2015
754575,995025,0,0,0,2013-2015
754605,995025,0,0,0,2013-2015
754635,995025,-30,0,30,2013-2015
754665,995025,0,30,30,2013-2015
754695,995025,0,30,30,2013-2015
754725,995025,0,30,30,2013-2015
754755,994995,0,0,0,2013-2015
754785,994995,-30,0,30,2013-2015
754815,994995,0,30,30,2013-2015
754845,994995,0,30,30,2013-2015
754875,994995,0,30,30,2013-2015
754905,994995,0,30,30,2013-2015
754935,994995,0,30,30,2013-2015
754965,994995,0,30,30,2013-2015
754995,994965,0,0,0,2013-2015
755025,994965,0,0,0,2013-2015
755055,994965,0,0,0,2013-2015
755085,994965,0,0,0,2013-2015
755115,994965,0,0,0,2013-2015
755145,994965,0,0,0,2013-2015
755175,994965,0,0,0,2013-2015
755205,994965,0,0,0,2013-2015
755235,994965,0,0,0,2013-2015
755265,994965,0,0,0,2013-2015
755295,994965,0,0,0,2013-2015
755325,994995,0,30,30,2013-2015
755355,994995,0,30,30,2013-2015
755385,994995,0,0,0,2013-2015
755415,994995,0,0,0,2013-2015
755445,994995,0,0,0,2013-2015
755475,994995,0,0,0,2013-2015
755505,995025,0,30,30,2013-2015
755535,995025,0,30,30,2013-2015
755565,995025,0,30,30,2013-2015
755595,995025,0,0,0,2013-2015
755625,995025,0,0,0,2013-2015
755655,995025,0,0,0,2013-2015
755685,995025,0,0,0,2013-2015
755715,995055,0,30,30,2013-2015
755745,995055,0,30,30,2013-2015
755775,995055,0,0,0,2013-2015
755805,995055,0,0,0,2013-2015
755835,995055,0,0,0,2013-2015
755865,995085,0,0,0,2013-2015
755895,995085,0,0,0,2013-2015
755925,995115,0,0,0,2013-2015
755955,995115,0,0,0,2013-2015
755985,995115,-30,0,30,2013-2015
756015,995145,0,0,0,2013-2015
756045,995175,0,30,30,2013-2015
756075,995175,0,30,30,2013-2015
756105,995175,0,0,0,2013-2015
756135,995205,0,0,0,2013-2015
756165,995205,0,0,0,2013-2015
756195,995235,0,30,30,2013-2015
756225,995235,0,30,30,2013-2015
756255,995235,0,0,0,2013-2015
756285,995265,0,0,0,2013-2015
756315,995265,0,0,0,2013-2015
756345,995295,0,30,30,2013-2015
756375,995295,0,30,30,2013-2015
756405,995295,0,0,0,2013-2015
756435,995295,0,0,0,2013-2015
756465,995325,0,30,30,2013-2015
756495,995325,0,30,30,2013-2015
756525,995325,0,0,0,2013-2015
756555,995355,0,0,0,2013-2015
756585,995355,0,0,0,2013-2015
756615,995355,-30,0,30,2013-2015
756645,995385,0,0,0,2013-2015
756675,995385,0,0,0,2013-2015
756705,995385,0,0,0,2013-2015
756735,995385,0,0,0,2013-2015
756765,995415,0,0,0,2013-2015
756795,995415,-30,0,30,2013-2015
756825,995415,0,-30,30,2013-2015
756855,995445,0,0,0,2013-2015
756885,995445,0,0,0,2013-2015
756915,995445,0,0,0,2013-2015
756945,995475,0,0,0,2013-2015
756975,995475,0,0,0,2013-2015
757005,995475,-30,0,30,2013-2015
757035,995505,0,0,0,2013-2015
757065,995505,0,0,0,2013-2015
757095,995505,0,0,0,2013-2015
757125,995535,0,0,0,2013-2015
757155,995535,0,0,0,2013-2015
757185,995565,0,0,0,2013-2015
757215,995565,0,0,0,2013-2015
757245,995595,0,30,30,2013-2015
757275,995595,0,30,30,2013-2015
757305,995595,0,0,0,2013-2015
757335,995595,0,0,0,2013-2015
757365,995595,-30,0,30,2013-2015
757395,995625,0,0,0,2013-2015
757425,995625,0,0,0,2013-2015
757455,995625,-30,0,30,2013-2015
757485,995625,0,-30,30,2013-2015
757515,995625,0,-30,30,2013-2015
757545,995655,-30,0,30,2013-2015
757575,995655,0,-30,30,2013-2015
757605,995655,0,-30,30,2013-2015
757635,995655,0,-30,30,2013-2015
757665,995655,0,-30,30,2013-2015
757695,995655,0,-30,30,2013-2015
757725,995655,0,-30,30,2013-2015
757755,995685,-30,0,30,2013-2015
757785,995685,0,-30,30,2013-2015
757815,995685,0,-30,30,2013-2015
757845,995685,0,0,0,2013-2015
757875,995685,0,0,0,2013-2015
757905,995685,-30,0,30,2013-2015
757935,995685,0,-30,30,2013-2015
757965,995685,0,-30,30,2013-2015
757995,995685,0,-30,30,2013-2015
758025,995685,0,0,0,2013-2015
758055,995685,0,0,0,2013-2015
758085,995685,-30,0,30,2013-2015
758115,995685,0,-30,30,2013-2015
758145,995685,0,-30,30,2013-2015
758175,995685,0,-30,30,2013-2015
758205,995685,0,-30,30,2013-2015
758235,995685,0,-30,30,2013-2015
758265,995715,0,0,0,2013-2015
758295,995715,0,0,0,2013-2015
758325,995715,0,0,0,2013-2015
758355,995715,0,0,0,2013-2015
758385,995715,0,0,0,2013-2015
758415,995715,0,0,0,2013-2015
758445,995715,-30,0,30,2013-2015
758475,995715,0,-30,30,2013-2015
758505,995715,0,-30,30,2013-2015
758535,995715,0,-30,30,2013-2015
758565,995715,0,-30,30,2013-2015
758595,995715,0,-30,30,2013-2015
758625,995715,0,-30,30,2013-2015
758655,995715,0,-30,30,2013-2015
758685,995715,0,-30,30,2013-2015
758715,995715,0,-30,30,2013-2015
758745,995715,0,-30,30,2013-2015
758775,995715,0,-30,30,2013-2015
758805,995715,0,-30,30,2013-2015
758835,995715,0,-30,30,2013-2015
758865,995715,0,-30,30,2013-2015
758895,995715,0,0,0,2013-2015
758925,995715,0,0,0,2013-2015
758955,995715,0,0,0,2013-2015
758985,995715,0,0,0,2013-2015
759015,995715,0,0,0,2013-2015
759045,995715,0,0,0,2013-2015
759075,995715,0,0,0,2013-2015
759105,995715,0,0,0,2013-2015
759135,995715,0,0,0,2013-2015
759165,995715,0,0,0,2013-2015
759195,995715,0,0,0,2013-2015
759225,995685,0,0,0,2013-2015
759255,995685,0,0,0,2013-2015
759285,995685,0,0,0,2013-2015
759315,995685,0,0,0,2013-2015
759345,995685,0,0,0,2013-2015
759375,995655,0,0,0,2013-2015
759405,995655,0,0,0,2013-2015
759435,995625,0,0,0,2013-2015
759465,995625,0,0,0,2013-2015
759495,995625,-30,0,30,2013-2015
759525,995595,0,0,0,2013-2015
759555,995595,0,0,0,2013-2015
759585,995595,-30,0,30,2013-2015
759615,995565,0,0,0,2013-2015
759645,995565,0,0,0,2013-2015
759675,995565,-30,0,30,2013-2015
759705,995565,0,30,30,2013-2015
759735,995535,-30,0,30,2013-2015
759765,995535,-30,30,42.4264068711929,2013-2015
759795,995505,0,30,30,2013-2015
759825,995475,-30,0,30,2013-2015
759855,995475,0,30,30,2013-2015
759885,995445,-30,0,30,2013-2015
759915,995445,0,30,30,2013-2015
759945,995415,-30,0,30,2013-2015
759975,995415,0,30,30,2013-2015
760005,995385,-30,0,30,2013-2015
760035,995355,0,0,0,2013-2015
760065,995355,-30,0,30,2013-2015
760095,995325,0,0,0,2013-2015
760125,995325,-30,0,30,2013-2015
760155,995295,0,0,0,2013-2015
760185,995265,0,0,0,2013-2015
760215,995265,-30,0,30,2013-2015
760245,995235,0,0,0,2013-2015
760275,995235,-30,0,30,2013-2015
760305,995205,0,0,0,2013-2015
760335,995205,0,0,0,2013-2015
760365,995175,0,0,0,2013-2015
760395,995145,0,0,0,2013-2015
760425,995115,0,0,0,2013-2015
760455,995115,0,0,0,2013-2015
760485,995085,0,0,0,2013-2015
760515,995055,0,0,0,2013-2015
760545,995055,0,0,0,2013-2015
760575,995025,0,0,0,2013-2015
760605,994995,0,0,0,2013-2015
760635,994965,0,-30,30,2013-2015
760665,994965,0,0,0,2013-2015
760695,994935,0,0,0,2013-2015
760725,994935,0,0,0,2013-2015
760755,994905,0,0,0,2013-2015
760785,994875,0,-30,30,2013-2015
760815,994875,0,0,0,2013-2015
760845,994845,0,0,0,2013-2015
760875,994815,0,-30,30,2013-2015
760905,994785,0,-30,30,2013-2015
760935,994785,0,0,0,2013-2015
760965,994785,-30,0,30,2013-2015
760995,994755,-30,0,30,2013-2015
761025,994725,0,0,0,2013-2015
761055,994725,-30,0,30,2013-2015
761085,994695,-30,0,30,2013-2015
761115,994665,0,0,0,2013-2015
761145,994665,-30,0,30,2013-2015
761175,994635,0,0,0,2013-2015
761205,994635,-30,0,30,2013-2015
761235,994605,-30,0,30,2013-2015
761265,994575,0,0,0,2013-2015
761295,994575,-30,0,30,2013-2015
761325,994545,0,0,0,2013-2015
761355,994515,0,0,0,2013-2015
761385,994515,-30,0,30,2013-2015
761415,994485,0,0,0,2013-2015
761445,994455,0,0,0,2013-2015
761475,994455,0,0,0,2013-2015
761505,994425,0,0,0,2013-2015
761535,994395,0,0,0,2013-2015
761565,994395,0,0,0,2013-2015
761595,994365,0,0,0,2013-2015
761625,994335,0,0,0,2013-2015
761655,994305,0,0,0,2013-2015
761685,994305,0,0,0,2013-2015
761715,994275,0,0,0,2013-2015
761745,994245,0,0,0,2013-2015
761775,994245,0,0,0,2013-2015
761805,994215,0,0,0,2013-2015
761835,994215,-30,0,30,2013-2015
761865,994185,-30,0,30,2013-2015
761895,994155,-30,0,30,2013-2015
761925,994125,0,0,0,2013-2015
761955,994095,0,0,0,2013-2015
761985,994065,0,0,0,2013-2015
762015,994035,0,0,0,2013-2015
762045,994005,0,0,0,2013-2015
762075,994005,-30,0,30,2013-2015
762105,993975,0,0,0,2013-2015
762135,993945,0,0,0,2013-2015
762165,993915,0,0,0,2013-2015
762195,993885,0,0,0,2013-2015
762225,993885,0,0,0,2013-2015
762255,993885,-30,0,30,2013-2015
762285,993855,-30,0,30,2013-2015
762315,993825,0,0,0,2013-2015
762345,993825,-30,0,30,2013-2015
762375,993795,0,0,0,2013-2015
762405,993795,-30,0,30,2013-2015
762435,993765,-30,0,30,2013-2015
762465,993765,-30,30,42.4264068711929,2013-2015
762495,993735,0,30,30,2013-2015
762525,993735,-30,30,42.4264068711929,2013-2015
762555,993705,0,30,30,2013-2015
762585,993705,0,30,30,2013-2015
762615,993675,0,0,0,2013-2015
762645,993675,-30,0,30,2013-2015
762675,993675,0,30,30,2013-2015
762705,993675,0,30,30,2013-2015
762735,993645,0,0,0,2013-2015
762765,993645,0,0,0,2013-2015
762795,993645,0,0,0,2013-2015
762825,993615,0,-30,30,2013-2015
762855,993615,0,-30,30,2013-2015
762885,993615,0,-30,30,2013-2015
762915,993615,0,-30,30,2013-2015
762945,993615,0,0,0,2013-2015
762975,993615,0,0,0,2013-2015
763005,993615,0,0,0,2013-2015
763035,993615,0,0,0,2013-2015
763065,993615,0,0,0,2013-2015
763095,993615,0,0,0,2013-2015
763125,993615,0,0,0,2013-2015
763155,993615,0,0,0,2013-2015
763185,993585,0,-30,30,2013-2015
763215,993585,0,-30,30,2013-2015
763245,993585,0,-30,30,2013-2015
763275,993585,0,-30,30,2013-2015
763305,993585,0,-30,30,2013-2015
763335,993585,0,0,0,2013-2015
763365,993585,0,0,0,2013-2015
763395,993585,0,0,0,2013-2015
763425,993585,0,0,0,2013-2015
763455,993585,0,0,0,2013-2015
763485,993585,0,0,0,2013-2015
763515,993585,0,0,0,2013-2015
763545,993585,0,0,0,2013-2015
763575,993585,0,0,0,2013-2015
763605,993585,-30,0,30,2013-2015
763635,993585,0,30,30,2013-2015
763665,993555,0,0,0,2013-2015
763695,993555,0,0,0,2013-2015
763725,993555,0,0,0,2013-2015
763755,993555,0,0,0,2013-2015
763785,993555,0,0,0,2013-2015
763815,993555,-30,0,30,2013-2015
763845,993525,0,0,0,2013-2015
763875,993525,0,0,0,2013-2015
763905,993525,0,0,0,2013-2015
763935,993525,0,0,0,2013-2015
763965,993525,0,0,0,2013-2015
763995,993525,-30,0,30,2013-2015
764025,993525,0,30,30,2013-2015
764055,993495,0,0,0,2013-2015
764085,993495,0,0,0,2013-2015
764115,993495,0,0,0,2013-2015
764145,993495,0,0,0,2013-2015
764175,993495,0,0,0,2013-2015
764205,993495,-30,0,30,2013-2015
764235,993465,0,0,0,2013-2015
764265,993435,0,-30,30,2013-2015
764295,993435,0,0,0,2013-2015
764325,993405,0,-30,30,2013-2015
764355,993405,0,-30,30,2013-2015
764385,993405,0,-30,30,2013-2015
764415,993405,0,-30,30,2013-2015
764445,993405,0,0,0,2013-2015
764475,993405,0,0,0,2013-2015
764505,993405,0,0,0,2013-2015
764535,993405,0,0,0,2013-2015
764565,993405,0,0,0,2013-2015
764595,993405,0,0,0,2013-2015
764625,993405,0,0,0,2013-2015
764655,993405,0,0,0,2013-2015
764685,993405,0,0,0,2013-2015
764715,993405,0,0,0,2013-2015
764745,993405,0,0,0,2013-2015
764775,993405,0,0,0,2013-2015
764805,993435,0,30,30,2013-2015
764835,993435,0,0,0,2013-2015
764865,993435,0,0,0,2013-2015
764895,993435,0,0,0,2013-2015
764925,993435,0,0,0,2013-2015
764955,993435,0,0,0,2013-2015
764985,993435,0,0,0,2013-2015
765015,993435,0,0,0,2013-2015
765045,993435,0,0,0,2013-2015
765075,993435,0,0,0,2013-2015
765105,993435,0,0,0,2013-2015
765135,993435,0,0,0,2013-2015
765165,993435,0,0,0,2013-2015
765195,993435,0,0,0,2013-2015
765225,993435,0,0,0,2013-2015
765255,993435,0,0,0,2013-2015
765285,993435,0,0,0,2013-2015
765315,993435,0,0,0,2013-2015
765345,993435,0,0,0,2013-2015
765375,993435,0,0,0,2013-2015
765405,993435,-30,0,30,2013-2015
765435,993435,0,-30,30,2013-2015
765465,993435,0,-30,30,2013-2015
765495,993435,0,-30,30,2013-2015
765525,993465,0,0,0,2013-2015
765555,993465,-30,0,30,2013-2015
765585,993495,0,0,0,2013-2015
765615,993495,0,0,0,2013-2015
765645,993525,0,0,0,2013-2015
765675,993525,0,0,0,2013-2015
765705,993525,-30,0,30,2013-2015
765735,993555,0,0,0,2013-2015
765765,993555,0,0,0,2013-2015
765795,993555,0,0,0,2013-2015
765825,993555,-30,0,30,2013-2015
765855,993555,0,-30,30,2013-2015
765885,993555,0,-30,30,2013-2015
765915,993555,0,-30,30,2013-2015
765945,993555,0,-30,30,2013-2015
765975,993555,0,-30,30,2013-2015
766005,993585,0,0,0,2013-2015
766035,993585,0,0,0,2013-2015
766065,993585,0,0,0,2013-2015
766095,993585,0,0,0,2013-2015
766125,993585,0,0,0,2013-2015
766155,993585,0,0,0,2013-2015
766185,993585,0,0,0,2013-2015
766215,993585,0,0,0,2013-2015
766245,993585,0,0,0,2013-2015
766275,993585,0,0,0,2013-2015
766305,993585,0,0,0,2013-2015
766335,993585,0,0,0,2013-2015
766365,993585,0,0,0,2013-2015
766395,993585,0,0,0,2013-2015
766425,993585,-30,0,30,2013-2015
766455,993585,0,-30,30,2013-2015
766485,993585,-30,-30,42.4264068711929,2013-2015
766515,993585,0,-60,60,2013-2015
766545,993585,0,-60,60,2013-2015
766575,993585,0,-60,60,2013-2015
766605,993585,0,-60,60,2013-2015
766635,993585,0,-60,60,2013-2015
766665,993585,30,-30,42.4264068711929,2013-2015
766695,993585,0,-30,30,2013-2015
766725,993585,0,-30,30,2013-2015
766755,993585,0,-30,30,2013-2015
766785,993585,0,0,0,2013-2015
766815,993555,0,-30,30,2013-2015
766845,993555,0,-30,30,2013-2015
766875,993555,0,0,0,2013-2015
766905,993555,0,0,0,2013-2015
766935,993525,0,-30,30,2013-2015
766965,993525,0,-30,30,2013-2015
766995,993525,0,0,0,2013-2015
767025,993525,0,0,0,2013-2015
767055,993525,0,0,0,2013-2015
767085,993525,-30,0,30,2013-2015
767115,993525,0,-30,30,2013-2015
767145,993555,-30,0,30,2013-2015
767175,993555,0,-30,30,2013-2015
767205,993555,0,-30,30,2013-2015
767235,993585,-30,0,30,2013-2015
767265,993585,0,-30,30,2013-2015
767295,993585,0,-30,30,2013-2015
767325,993585,0,-30,30,2013-2015
767355,993585,0,0,0,2013-2015
767385,993585,0,0,0,2013-2015
767415,993585,0,0,0,2013-2015
767445,993585,0,0,0,2013-2015
767475,993585,0,0,0,2013-2015
767505,993555,0,0,0,2013-2015
767535,993555,0,0,0,2013-2015
767565,993555,0,0,0,2013-2015
767595,993555,0,0,0,2013-2015
767625,993555,-30,0,30,2013-2015
767655,993525,0,0,0,2013-2015
767685,993525,-30,0,30,2013-2015
767715,993495,0,0,0,2013-2015
767745,993495,0,0,0,2013-2015
767775,993465,0,0,0,2013-2015
767805,993465,0,0,0,2013-2015
767835,993435,0,0,0,2013-2015
767865,993435,-30,0,30,2013-2015
767895,993405,0,0,0,2013-2015
767925,993405,0,0,0,2013-2015
767955,993375,0,0,0,2013-2015
767985,993375,0,0,0,2013-2015
768015,993345,0,0,0,2013-2015
768045,993345,0,0,0,2013-2015
768075,993345,0,0,0,2013-2015
768105,993315,0,0,0,2013-2015
768135,993315,0,0,0,2013-2015
768165,993315,0,0,0,2013-2015
768195,993285,0,0,0,2013-2015
768225,993285,0,0,0,2013-2015
768255,993285,-30,0,30,2013-2015
768285,993285,0,30,30,2013-2015
768315,993285,0,30,30,2013-2015
768345,993285,0,30,30,2013-2015
768375,993285,0,30,30,2013-2015
768405,993255,0,0,0,2013-2015
768435,993255,0,0,0,2013-2015
768465,993255,0,0,0,2013-2015
768495,993255,-30,0,30,2013-2015
768525,993255,0,30,30,2013-2015
768555,993225,0,0,0,2013-2015
768585,993225,0,0,0,2013-2015
768615,993225,0,0,0,2013-2015
768645,993195,0,0,0,2013-2015
768675,993195,0,0,0,2013-2015
768705,993195,0,0,0,2013-2015
768735,993165,0,0,0,2013-2015
768765,993165,0,0,0,2013-2015
768795,993135,0,0,0,2013-2015
768825,993135,0,0,0,2013-2015
768855,993105,0,0,0,2013-2015
768885,993105,-30,0,30,2013-2015
768915,993075,0,0,0,2013-2015
768945,993075,0,0,0,2013-2015
768975,993045,0,0,0,2013-2015
769005,993045,0,0,0,2013-2015
769035,993045,-30,0,30,2013-2015
769065,993015,0,0,0,2013-2015
769095,993015,0,0,0,2013-2015
769125,992985,0,0,0,2013-2015
769155,992985,0,0,0,2013-2015
769185,992955,0,0,0,2013-2015
769215,992955,-30,0,30,2013-2015
769245,992925,0,0,0,2013-2015
769275,992895,0,0,0,2013-2015
769305,992865,0,0,0,2013-2015
769335,992835,0,-30,30,2013-2015
769365,992835,0,0,0,2013-2015
769395,992805,-30,0,30,2013-2015
769425,992775,0,0,0,2013-2015
769455,992745,0,0,0,2013-2015
769485,992715,-30,0,30,2013-2015
769515,992685,-30,0,30,2013-2015
769545,992655,-30,0,30,2013-2015
769575,992625,-30,0,30,2013-2015
769605,992595,-30,0,30,2013-2015
769635,992565,-30,0,30,2013-2015
769665,992535,0,0,0,2013-2015
769695,992505,0,0,0,2013-2015
769695,992475,0,0,0,2013-2015
769725,992445,-30,0,30,2013-2015
769755,992415,-30,0,30,2013-2015
769785,992385,-30,0,30,2013-2015
769785,992355,0,0,0,2013-2015
769815,992325,-30,0,30,2013-2015
769845,992295,-30,0,30,2013-2015
769845,992265,0,0,0,2013-2015
769875,992235,0,0,0,2013-2015
769875,992205,0,0,0,2013-2015
769905,992175,0,0,0,2013-2015
769935,992145,0,0,0,2013-2015
769965,992115,0,0,0,2013-2015
769995,992085,0,0,0,2013-2015
770025,992055,0,0,0,2013-2015
770055,992025,0,0,0,2013-2015
770085,991995,0,0,0,2013-2015
770115,991965,-30,0,30,2013-2015
770145,991935,-30,0,30,2013-2015
770175,991905,-30,0,30,2013-2015
770205,991875,-30,0,30,2013-2015
770235,991845,-30,0,30,2013-2015
770265,991815,-30,30,42.4264068711929,2013-2015
770295,991785,-30,30,42.4264068711929,2013-2015
770295,991755,-30,0,30,2013-2015
770325,991725,-30,30,42.4264068711929,2013-2015
770325,991695,-30,0,30,2013-2015
770355,991665,-30,0,30,2013-2015
770385,991635,-30,0,30,2013-2015
770385,991605,0,0,0,2013-2015
770415,991575,0,0,0,2013-2015
770445,991545,0,0,0,2013-2015
770445,991515,0,0,0,2013-2015
770475,991485,0,0,0,2013-2015
770505,991455,0,0,0,2013-2015
770505,991425,0,-30,30,2013-2015
770535,991395,0,0,0,2013-2015
770565,991365,0,0,0,2013-2015
770595,991335,0,0,0,2013-2015
770625,991305,0,0,0,2013-2015
770655,991275,0,0,0,2013-2015
770685,991245,-30,0,30,2013-2015
770715,991215,-30,0,30,2013-2015
770745,991185,-30,0,30,2013-2015
770775,991155,-30,0,30,2013-2015
770805,991125,-30,0,30,2013-2015
770835,991095,-30,0,30,2013-2015
770865,991065,-30,30,42.4264068711929,2013-2015
770865,991035,-30,0,30,2013-2015
770895,991005,-30,0,30,2013-2015
770925,990975,-30,30,42.4264068711929,2013-2015
770955,990945,0,30,30,2013-2015
770985,990915,-30,0,30,2013-2015
770985,990885,0,0,0,2013-2015
771015,990855,0,0,0,2013-2015
771045,990825,0,0,0,2013-2015
771075,990795,0,0,0,2013-2015
771105,990765,0,0,0,2013-2015
771135,990735,0,0,0,2013-2015
771165,990705,0,0,0,2013-2015
771195,990675,0,0,0,2013-2015
771225,990645,0,0,0,2013-2015
771255,990615,0,-30,30,2013-2015
771285,990585,0,-30,30,2013-2015
771315,990555,0,-30,30,2013-2015
771345,990525,0,-30,30,2013-2015
771375,990495,0,-30,30,2013-2015
771405,990465,0,-30,30,2013-2015
771435,990435,0,-30,30,2013-2015
771465,990435,0,-30,30,2013-2015
771495,990405,0,-30,30,2013-2015
771525,990375,0,-30,30,2013-2015
771555,990345,0,-30,30,2013-2015
771585,990315,0,-30,30,2013-2015
771615,990315,0,0,0,2013-2015
771645,990285,0,0,0,2013-2015
771675,990255,0,-30,30,2013-2015
771705,990255,0,0,0,2013-2015
771735,990225,0,0,0,2013-2015
771765,990195,0,-30,30,2013-2015
771795,990195,0,0,0,2013-2015
771825,990165,0,0,0,2013-2015
771855,990165,0,0,0,2013-2015
771885,990135,0,-30,30,2013-2015
771915,990135,0,0,0,2013-2015
771945,990135,0,0,0,2013-2015
771975,990105,0,0,0,2013-2015
772005,990075,0,0,0,2013-2015
772035,990075,0,0,0,2013-2015
772065,990045,0,0,0,2013-2015
772095,990045,0,0,0,2013-2015
772125,990015,0,0,0,2013-2015
772155,990015,0,0,0,2013-2015
772185,989985,0,0,0,2013-2015
772215,989985,0,0,0,2013-2015
772245,989955,0,0,0,2013-2015
772275,989955,0,0,0,2013-2015
772305,989925,0,0,0,2013-2015
772335,989925,0,0,0,2013-2015
772365,989895,0,0,0,2013-2015
772395,989895,0,0,0,2013-2015
772425,989865,0,0,0,2013-2015
772455,989865,0,0,0,2013-2015
772485,989835,0,0,0,2013-2015
772515,989805,0,-30,30,2013-2015
772545,989805,0,0,0,2013-2015
772575,989775,0,-30,30,2013-2015
772605,989775,0,0,0,2013-2015
772635,989775,0,0,0,2013-2015
730725,1010925,0,0,0,2015-2017
730755,1010895,0,0,0,2015-2017
730755,1010865,0,0,0,2015-2017
730785,1010835,0,0,0,2015-2017
730815,1010835,0,0,0,2015-2017
730845,1010805,0,0,0,2015-2017
730875,1010805,0,0,0,2015-2017
730905,1010775,0,0,0,2015-2017
730935,1010775,0,0,0,2015-2017
730965,1010775,-30,0,30,2015-2017
730995,1010745,0,0,0,2015-2017
731025,1010745,-30,0,30,2015-2017
731055,1010715,0,0,0,2015-2017
731085,1010685,0,0,0,2015-2017
731115,1010655,0,0,0,2015-2017
731145,1010655,0,0,0,2015-2017
731175,1010625,0,0,0,2015-2017
731205,1010625,0,0,0,2015-2017
731235,1010625,0,0,0,2015-2017
731265,1010595,0,0,0,2015-2017
731295,1010595,0,0,0,2015-2017
731325,1010565,0,0,0,2015-2017
731355,1010565,0,0,0,2015-2017
731385,1010565,0,0,0,2015-2017
731415,1010535,0,0,0,2015-2017
731445,1010505,0,0,0,2015-2017
731475,1010475,0,-30,30,2015-2017
731505,1010445,0,-30,30,2015-2017
731535,1010445,0,-30,30,2015-2017
731565,1010445,0,0,0,2015-2017
731595,1010445,0,0,0,2015-2017
731625,1010445,0,0,0,2015-2017
731655,1010415,0,0,0,2015-2017
731685,1010385,0,-30,30,2015-2017
731715,1010355,30,-30,42.4264068711929,2015-2017
731745,1010355,0,-30,30,2015-2017
731775,1010355,0,-30,30,2015-2017
731805,1010355,0,-30,30,2015-2017
731835,1010355,0,-30,30,2015-2017
731865,1010325,0,-30,30,2015-2017
731895,1010325,0,-30,30,2015-2017
731925,1010325,0,-30,30,2015-2017
731955,1010325,0,-30,30,2015-2017
731985,1010325,0,-30,30,2015-2017
732015,1010325,0,-30,30,2015-2017
732045,1010325,0,-30,30,2015-2017
732075,1010295,0,-30,30,2015-2017
732105,1010295,0,-30,30,2015-2017
732135,1010295,0,-30,30,2015-2017
732165,1010295,0,0,0,2015-2017
732195,1010295,0,0,0,2015-2017
732225,1010295,0,0,0,2015-2017
732255,1010295,0,0,0,2015-2017
732285,1010295,0,0,0,2015-2017
732315,1010295,0,0,0,2015-2017
732345,1010295,0,0,0,2015-2017
732375,1010295,0,0,0,2015-2017
732405,1010295,-30,0,30,2015-2017
732435,1010265,0,0,0,2015-2017
732465,1010265,0,0,0,2015-2017
732495,1010265,0,0,0,2015-2017
732525,1010265,0,0,0,2015-2017
732555,1010265,0,0,0,2015-2017
732585,1010235,0,-30,30,2015-2017
732615,1010235,0,-30,30,2015-2017
732645,1010235,0,0,0,2015-2017
732675,1010235,0,0,0,2015-2017
732705,1010235,0,0,0,2015-2017
732735,1010205,0,-30,30,2015-2017
732765,1010205,0,-30,30,2015-2017
732795,1010205,0,-30,30,2015-2017
732825,1010205,0,0,0,2015-2017
732855,1010205,0,0,0,2015-2017
732885,1010205,0,0,0,2015-2017
732915,1010205,0,0,0,2015-2017
732945,1010205,0,0,0,2015-2017
732975,1010175,0,0,0,2015-2017
733005,1010175,0,0,0,2015-2017
733035,1010175,0,0,0,2015-2017
733065,1010145,0,-30,30,2015-2017
733095,1010145,0,-30,30,2015-2017
733125,1010145,0,0,0,2015-2017
733155,1010145,0,0,0,2015-2017
733185,1010115,0,0,0,2015-2017
733215,1010115,0,0,0,2015-2017
733245,1010115,-30,0,30,2015-2017
733275,1010115,0,30,30,2015-2017
733305,1010085,0,0,0,2015-2017
733335,1010085,0,0,0,2015-2017
733365,1010085,-30,0,30,2015-2017
733395,1010055,0,0,0,2015-2017
733425,1010055,0,0,0,2015-2017
733455,1010055,0,0,0,2015-2017
733485,1010055,-30,0,30,2015-2017
733515,1010025,0,0,0,2015-2017
733545,1010025,0,0,0,2015-2017
733575,1010025,0,0,0,2015-2017
733605,1010025,-30,0,30,2015-2017
733635,1009995,0,0,0,2015-2017
733665,1009995,-30,0,30,2015-2017
733695,1009965,0,0,0,2015-2017
733725,1009965,0,0,0,2015-2017
733755,1009965,0,0,0,2015-2017
733785,1009935,0,0,0,2015-2017
733815,1009935,0,0,0,2015-2017
733845,1009935,-30,0,30,2015-2017
733875,1009935,0,30,30,2015-2017
733905,1009905,0,0,0,2015-2017
733935,1009905,-30,0,30,2015-2017
733965,1009875,0,0,0,2015-2017
733995,1009875,0,0,0,2015-2017
734025,1009875,-30,0,30,2015-2017
734055,1009875,0,30,30,2015-2017
734085,1009845,0,0,0,2015-2017
734115,1009845,-30,0,30,2015-2017
734145,1009815,-30,0,30,2015-2017
734175,1009815,0,30,30,2015-2017
734205,1009815,0,30,30,2015-2017
734235,1009785,0,0,0,2015-2017
734265,1009785,-30,0,30,2015-2017
734295,1009785,-30,30,42.4264068711929,2015-2017
734325,1009755,0,30,30,2015-2017
734355,1009725,-30,0,30,2015-2017
734385,1009725,-30,30,42.4264068711929,2015-2017
734415,1009725,0,60,60,2015-2017
734445,1009695,0,30,30,2015-2017
734475,1009695,0,30,30,2015-2017
734505,1009695,-30,30,42.4264068711929,2015-2017
734535,1009665,0,30,30,2015-2017
734565,1009665,0,30,30,2015-2017
734595,1009635,-30,0,30,2015-2017
734625,1009635,0,30,30,2015-2017
734655,1009635,0,30,30,2015-2017
734685,1009605,-30,0,30,2015-2017
734715,1009605,0,30,30,2015-2017
734745,1009575,-30,0,30,2015-2017
734775,1009575,0,30,30,2015-2017
734805,1009575,0,30,30,2015-2017
734835,1009545,0,0,0,2015-2017
734865,1009545,0,0,0,2015-2017
734895,1009545,0,0,0,2015-2017
734925,1009515,0,-30,30,2015-2017
734955,1009515,0,-30,30,2015-2017
734985,1009515,0,0,0,2015-2017
735015,1009485,0,-30,30,2015-2017
735045,1009485,0,-30,30,2015-2017
735075,1009485,0,-30,30,2015-2017
735105,1009485,0,-30,30,2015-2017
735135,1009485,0,-30,30,2015-2017
735165,1009455,0,-60,60,2015-2017
735195,1009455,30,-30,42.4264068711929,2015-2017
735225,1009425,0,-60,60,2015-2017
735255,1009425,0,-60,60,2015-2017
735285,1009425,0,-60,60,2015-2017
735315,1009425,30,-30,42.4264068711929,2015-2017
735345,1009395,0,-60,60,2015-2017
735375,1009395,30,-30,42.4264068711929,2015-2017
735405,1009365,0,-60,60,2015-2017
735435,1009365,0,-60,60,2015-2017
735465,1009365,30,0,30,2015-2017
735495,1009365,0,0,0,2015-2017
735525,1009335,0,0,0,2015-2017
735525,1009305,0,-30,30,2015-2017
735555,1009275,0,-30,30,2015-2017
735585,1009245,0,-30,30,2015-2017
735615,1009215,0,-30,30,2015-2017
735645,1009185,0,-30,30,2015-2017
735675,1009155,0,-30,30,2015-2017
735705,1009125,0,-30,30,2015-2017
735735,1009095,0,-30,30,2015-2017
735765,1009095,0,0,0,2015-2017
735795,1009065,0,0,0,2015-2017
735825,1009035,0,0,0,2015-2017
735855,1009035,-30,0,30,2015-2017
735885,1009005,-30,0,30,2015-2017
735915,1008975,-30,0,30,2015-2017
735945,1008975,-30,30,42.4264068711929,2015-2017
735975,1008945,0,30,30,2015-2017
736005,1008915,-30,0,30,2015-2017
736035,1008885,0,0,0,2015-2017
736065,1008855,0,0,0,2015-2017
736095,1008825,0,-30,30,2015-2017
736125,1008825,0,0,0,2015-2017
736155,1008795,0,0,0,2015-2017
736185,1008795,0,0,0,2015-2017
736215,1008765,0,0,0,2015-2017
736245,1008735,0,0,0,2015-2017
736275,1008735,-30,0,30,2015-2017
736305,1008705,-30,0,30,2015-2017
736335,1008675,0,0,0,2015-2017
736365,1008675,-30,0,30,2015-2017
736395,1008645,-30,0,30,2015-2017
736425,1008615,-30,0,30,2015-2017
736455,1008585,-30,0,30,2015-2017
736485,1008585,-30,30,42.4264068711929,2015-2017
736515,1008555,0,30,30,2015-2017
736545,1008525,-30,0,30,2015-2017
736575,1008495,-30,0,30,2015-2017
736605,1008465,-30,30,42.4264068711929,2015-2017
736635,1008435,-30,30,42.4264068711929,2015-2017
736665,1008405,-30,30,42.4264068711929,2015-2017
736695,1008375,-30,30,42.4264068711929,2015-2017
736725,1008345,-30,30,42.4264068711929,2015-2017
736755,1008315,-30,30,42.4264068711929,2015-2017
736755,1008285,-30,0,30,2015-2017
736785,1008255,-30,0,30,2015-2017
736785,1008225,0,0,0,2015-2017
736815,1008195,-30,0,30,2015-2017
736845,1008165,-30,0,30,2015-2017
736875,1008135,-30,0,30,2015-2017
736875,1008105,0,0,0,2015-2017
736905,1008075,0,0,0,2015-2017
736935,1008045,0,0,0,2015-2017
736965,1008015,0,0,0,2015-2017
736995,1007985,0,0,0,2015-2017
737025,1007955,-30,0,30,2015-2017
737055,1007925,-30,0,30,2015-2017
737055,1007895,0,0,0,2015-2017
737085,1007865,0,0,0,2015-2017
737115,1007835,0,0,0,2015-2017
737145,1007805,0,0,0,2015-2017
737175,1007775,0,0,0,2015-2017
737205,1007745,0,0,0,2015-2017
737235,1007715,0,0,0,2015-2017
737265,1007685,0,0,0,2015-2017
737265,1007655,0,0,0,2015-2017
737295,1007625,0,0,0,2015-2017
737325,1007595,0,0,0,2015-2017
737355,1007565,0,0,0,2015-2017
737385,1007535,0,0,0,2015-2017
737385,1007505,0,0,0,2015-2017
737415,1007475,0,0,0,2015-2017
737445,1007445,0,0,0,2015-2017
737475,1007415,0,0,0,2015-2017
737475,1007385,0,0,0,2015-2017
737505,1007355,0,0,0,2015-2017
737505,1007325,0,-30,30,2015-2017
737535,1007295,0,0,0,2015-2017
737565,1007265,0,0,0,2015-2017
737595,1007235,0,0,0,2015-2017
737595,1007205,0,0,0,2015-2017
737625,1007175,0,0,0,2015-2017
737655,1007145,0,0,0,2015-2017
737655,1007115,0,0,0,2015-2017
737685,1007085,0,0,0,2015-2017
737715,1007055,0,0,0,2015-2017
737745,1007025,0,0,0,2015-2017
737745,1006995,0,0,0,2015-2017
737775,1006965,0,0,0,2015-2017
737805,1006935,0,0,0,2015-2017
737835,1006905,0,0,0,2015-2017
737835,1006875,0,0,0,2015-2017
737865,1006845,0,0,0,2015-2017
737895,1006815,0,0,0,2015-2017
737925,1006785,0,0,0,2015-2017
737955,1006755,-30,0,30,2015-2017
737955,1006725,0,0,0,2015-2017
737955,1006695,0,-30,30,2015-2017
737985,1006665,0,0,0,2015-2017
737985,1006635,0,-30,30,2015-2017
738015,1006605,0,-30,30,2015-2017
738045,1006575,0,0,0,2015-2017
738045,1006545,0,0,0,2015-2017
738045,1006515,0,0,0,2015-2017
738075,1006485,0,0,0,2015-2017
738105,1006455,-30,0,30,2015-2017
738105,1006425,-30,0,30,2015-2017
738135,1006395,-30,0,30,2015-2017
738135,1006365,-30,0,30,2015-2017
738135,1006335,-30,0,30,2015-2017
738165,1006305,-30,0,30,2015-2017
738195,1006275,-30,0,30,2015-2017
738195,1006245,-30,0,30,2015-2017
738225,1006215,-30,0,30,2015-2017
738225,1006185,-30,0,30,2015-2017
738255,1006155,-30,0,30,2015-2017
738255,1006125,-30,0,30,2015-2017
738285,1006095,-30,0,30,2015-2017
738315,1006065,-30,0,30,2015-2017
738315,1006035,0,0,0,2015-2017
738345,1006005,-30,0,30,2015-2017
738375,1005975,-30,0,30,2015-2017
738375,1005945,-30,0,30,2015-2017
738375,1005915,0,0,0,2015-2017
738375,1005885,0,0,0,2015-2017
738405,1005855,0,0,0,2015-2017
738405,1005825,0,-30,30,2015-2017
738435,1005795,0,0,0,2015-2017
738435,1005765,0,0,0,2015-2017
738465,1005735,-30,0,30,2015-2017
738465,1005705,0,0,0,2015-2017
738495,1005675,0,0,0,2015-2017
738495,1005645,0,0,0,2015-2017
738495,1005615,0,0,0,2015-2017
738525,1005585,0,0,0,2015-2017
738525,1005555,0,0,0,2015-2017
738555,1005525,0,0,0,2015-2017
738555,1005495,0,0,0,2015-2017
738585,1005465,0,0,0,2015-2017
738585,1005435,0,0,0,2015-2017
738585,1005405,0,0,0,2015-2017
738615,1005375,0,0,0,2015-2017
738645,1005345,0,0,0,2015-2017
738645,1005315,0,-30,30,2015-2017
738675,1005285,0,-30,30,2015-2017
738675,1005255,30,0,30,2015-2017
738705,1005225,0,-30,30,2015-2017
738735,1005195,0,0,0,2015-2017
738735,1005165,0,-30,30,2015-2017
738765,1005135,0,0,0,2015-2017
738765,1005105,0,-30,30,2015-2017
738795,1005075,0,-30,30,2015-2017
738825,1005045,0,-30,30,2015-2017
738855,1005015,0,-30,30,2015-2017
738855,1004985,30,0,30,2015-2017
738885,1004955,0,-30,30,2015-2017
738885,1004925,30,0,30,2015-2017
738915,1004895,0,0,0,2015-2017
738945,1004865,-30,0,30,2015-2017
738945,1004835,0,0,0,2015-2017
738975,1004805,-30,0,30,2015-2017
739005,1004775,-30,0,30,2015-2017
739005,1004745,-30,0,30,2015-2017
739035,1004715,-30,30,42.4264068711929,2015-2017
739035,1004685,-30,0,30,2015-2017
739065,1004655,-30,0,30,2015-2017
739095,1004625,-30,0,30,2015-2017
739095,1004595,-30,0,30,2015-2017
739125,1004565,-30,0,30,2015-2017
739125,1004535,0,0,0,2015-2017
739155,1004505,0,0,0,2015-2017
739185,1004475,0,0,0,2015-2017
739215,1004445,-30,0,30,2015-2017
739215,1004415,0,0,0,2015-2017
739245,1004385,0,-30,30,2015-2017
739275,1004385,0,0,0,2015-2017
739305,1004355,0,0,0,2015-2017
739335,1004325,0,0,0,2015-2017
739365,1004325,0,0,0,2015-2017
739395,1004295,0,0,0,2015-2017
739425,1004265,0,0,0,2015-2017
739455,1004265,-30,0,30,2015-2017
739485,1004235,-30,0,30,2015-2017
739515,1004205,0,0,0,2015-2017
739545,1004175,0,0,0,2015-2017
739575,1004175,-30,0,30,2015-2017
739605,1004145,0,0,0,2015-2017
739635,1004115,0,0,0,2015-2017
739665,1004085,0,0,0,2015-2017
739695,1004055,0,0,0,2015-2017
739725,1004025,0,0,0,2015-2017
739755,1004025,-30,0,30,2015-2017
739785,1003995,-30,0,30,2015-2017
739815,1003965,-30,0,30,2015-2017
739845,1003935,-30,0,30,2015-2017
739875,1003905,0,0,0,2015-2017
739905,1003875,0,0,0,2015-2017
739935,1003845,0,0,0,2015-2017
739965,1003815,0,0,0,2015-2017
739995,1003785,0,0,0,2015-2017
740025,1003755,0,0,0,2015-2017
740055,1003725,0,0,0,2015-2017
740085,1003695,0,0,0,2015-2017
740115,1003665,0,0,0,2015-2017
740145,1003635,0,0,0,2015-2017
740175,1003605,0,-30,30,2015-2017
740205,1003575,0,0,0,2015-2017
740235,1003545,0,0,0,2015-2017
740265,1003515,0,0,0,2015-2017
740295,1003485,0,0,0,2015-2017
740325,1003455,0,0,0,2015-2017
740355,1003425,0,0,0,2015-2017
740355,1003395,0,-30,30,2015-2017
740385,1003365,0,-30,30,2015-2017
740415,1003335,0,-30,30,2015-2017
740445,1003305,0,-30,30,2015-2017
740475,1003275,0,-30,30,2015-2017
740505,1003245,0,-30,30,2015-2017
740535,1003215,0,0,0,2015-2017
740565,1003185,-30,0,30,2015-2017
740595,1003155,-30,0,30,2015-2017
740625,1003125,-30,0,30,2015-2017
740625,1003095,0,0,0,2015-2017
740655,1003065,-30,0,30,2015-2017
740685,1003035,-30,0,30,2015-2017
740715,1003005,-30,0,30,2015-2017
740715,1002975,0,0,0,2015-2017
740745,1002945,0,0,0,2015-2017
740775,1002915,0,0,0,2015-2017
740805,1002885,0,0,0,2015-2017
740835,1002855,0,0,0,2015-2017
740865,1002825,0,0,0,2015-2017
740895,1002795,0,0,0,2015-2017
740925,1002765,0,0,0,2015-2017
740955,1002735,0,0,0,2015-2017
740985,1002705,0,0,0,2015-2017
741015,1002705,-30,0,30,2015-2017
741045,1002675,-30,0,30,2015-2017
741075,1002645,-30,0,30,2015-2017
741105,1002615,-30,0,30,2015-2017
741135,1002585,-30,30,42.4264068711929,2015-2017
741165,1002585,-60,30,67.0820393249937,2015-2017
741195,1002555,-60,30,67.0820393249937,2015-2017
741225,1002525,-60,30,67.0820393249937,2015-2017
741255,1002525,-60,60,84.8528137423857,2015-2017
741285,1002495,-60,60,84.8528137423857,2015-2017
741315,1002465,-30,60,67.0820393249937,2015-2017
741345,1002435,-60,30,67.0820393249937,2015-2017
741375,1002405,-60,30,67.0820393249937,2015-2017
741405,1002405,-60,60,84.8528137423857,2015-2017
741435,1002375,-60,60,84.8528137423857,2015-2017
741465,1002345,-60,60,84.8528137423857,2015-2017
741495,1002315,-30,60,67.0820393249937,2015-2017
741525,1002285,-60,30,67.0820393249937,2015-2017
741555,1002255,-60,30,67.0820393249937,2015-2017
741585,1002225,-60,30,67.0820393249937,2015-2017
741615,1002195,0,60,60,2015-2017
741645,1002165,-30,30,42.4264068711929,2015-2017
741675,1002135,0,30,30,2015-2017
741705,1002105,-30,0,30,2015-2017
741735,1002105,-30,30,42.4264068711929,2015-2017
741765,1002075,0,30,30,2015-2017
741765,1002045,0,0,0,2015-2017
741765,1002015,0,-30,30,2015-2017
741765,1001985,30,0,30,2015-2017
741795,1001955,0,0,0,2015-2017
741795,1001925,0,0,0,2015-2017
741795,1001895,0,0,0,2015-2017
741795,1001865,0,-30,30,2015-2017
741795,1001835,30,0,30,2015-2017
741795,1001805,30,0,30,2015-2017
741795,1001775,30,0,30,2015-2017
741795,1001745,30,0,30,2015-2017
741795,1001715,30,0,30,2015-2017
741795,1001685,30,0,30,2015-2017
741825,1001655,0,0,0,2015-2017
741825,1001625,0,0,0,2015-2017
741825,1001595,0,0,0,2015-2017
741825,1001565,0,0,0,2015-2017
741825,1001535,0,0,0,2015-2017
741825,1001505,0,0,0,2015-2017
741855,1001475,0,0,0,2015-2017
741855,1001445,0,0,0,2015-2017
741855,1001415,0,0,0,2015-2017
741855,1001385,0,0,0,2015-2017
741885,1001355,-30,0,30,2015-2017
741885,1001325,0,0,0,2015-2017
741885,1001295,0,0,0,2015-2017
741885,1001265,0,0,0,2015-2017
741915,1001235,0,0,0,2015-2017
741915,1001205,0,0,0,2015-2017
741915,1001175,0,0,0,2015-2017
741945,1001145,0,0,0,2015-2017
741945,1001115,0,0,0,2015-2017
741945,1001085,0,0,0,2015-2017
741975,1001055,0,0,0,2015-2017
742005,1001025,-30,0,30,2015-2017
742005,1000995,-30,0,30,2015-2017
742035,1000965,-30,0,30,2015-2017
742065,1000935,-60,0,60,2015-2017
742065,1000905,-30,30,42.4264068711929,2015-2017
742095,1000875,-30,30,42.4264068711929,2015-2017
742095,1000845,-30,0,30,2015-2017
742125,1000815,-30,30,42.4264068711929,2015-2017
742125,1000785,-30,0,30,2015-2017
742125,1000755,-30,0,30,2015-2017
742125,1000725,0,0,0,2015-2017
742155,1000695,0,0,0,2015-2017
742185,1000665,0,0,0,2015-2017
742185,1000635,0,0,0,2015-2017
742215,1000605,0,0,0,2015-2017
742245,1000575,0,0,0,2015-2017
742275,1000545,0,0,0,2015-2017
742275,1000515,0,-30,30,2015-2017
742305,1000485,0,-30,30,2015-2017
742305,1000455,30,-30,42.4264068711929,2015-2017
742305,1000425,30,-60,67.0820393249937,2015-2017
742335,1000395,30,-60,67.0820393249937,2015-2017
742365,1000395,0,-60,60,2015-2017
742395,1000365,30,-60,67.0820393249937,2015-2017
742425,1000335,30,-60,67.0820393249937,2015-2017
742455,1000305,30,-60,67.0820393249937,2015-2017
742485,1000305,30,-30,42.4264068711929,2015-2017
742515,1000275,30,-30,42.4264068711929,2015-2017
742545,1000245,0,-60,60,2015-2017
742575,1000245,30,-30,42.4264068711929,2015-2017
742605,1000215,30,-30,42.4264068711929,2015-2017
742635,1000215,0,-30,30,2015-2017
742665,1000185,0,-30,30,2015-2017
742695,1000155,0,-30,30,2015-2017
742725,1000155,0,0,0,2015-2017
742755,1000125,0,0,0,2015-2017
742785,1000095,0,-30,30,2015-2017
742815,1000095,0,0,0,2015-2017
742845,1000065,0,0,0,2015-2017
742875,1000035,0,0,0,2015-2017
742905,1000035,0,0,0,2015-2017
742935,1000035,-30,0,30,2015-2017
742965,1000005,0,0,0,2015-2017
742995,1000005,0,0,0,2015-2017
743025,1000005,-30,0,30,2015-2017
743055,999975,-30,0,30,2015-2017
743085,999975,0,30,30,2015-2017
743115,999945,-30,0,30,2015-2017
743145,999915,-30,0,30,2015-2017
743175,999915,0,30,30,2015-2017
743205,999885,-30,0,30,2015-2017
743235,999885,0,30,30,2015-2017
743265,999855,-30,0,30,2015-2017
743295,999825,-30,0,30,2015-2017
743325,999825,-30,30,42.4264068711929,2015-2017
743355,999795,0,30,30,2015-2017
743385,999795,-30,30,42.4264068711929,2015-2017
743415,999765,0,30,30,2015-2017
743445,999765,-30,30,42.4264068711929,2015-2017
743475,999735,-30,30,42.4264068711929,2015-2017
743505,999705,0,30,30,2015-2017
743535,999705,-30,30,42.4264068711929,2015-2017
743565,999675,0,30,30,2015-2017
743595,999645,-30,0,30,2015-2017
743625,999615,0,0,0,2015-2017
743655,999585,0,0,0,2015-2017
743685,999555,0,0,0,2015-2017
743715,999555,0,0,0,2015-2017
743745,999525,0,0,0,2015-2017
743775,999495,0,-30,30,2015-2017
743805,999495,0,0,0,2015-2017
743835,999465,0,0,0,2015-2017
743865,999435,0,0,0,2015-2017
743895,999435,0,0,0,2015-2017
743925,999405,0,0,0,2015-2017
743955,999375,0,0,0,2015-2017
743985,999375,-30,0,30,2015-2017
744015,999345,0,0,0,2015-2017
744045,999315,0,0,0,2015-2017
744075,999315,-30,0,30,2015-2017
744105,999285,0,0,0,2015-2017
744135,999255,0,0,0,2015-2017
744165,999225,0,0,0,2015-2017
744195,999225,-30,0,30,2015-2017
744225,999195,-30,0,30,2015-2017
744255,999165,0,0,0,2015-2017
744285,999135,0,-30,30,2015-2017
744315,999105,0,0,0,2015-2017
744345,999075,0,0,0,2015-2017
744375,999045,0,0,0,2015-2017
744405,999015,0,-30,30,2015-2017
744435,998985,0,0,0,2015-2017
744465,998955,0,0,0,2015-2017
744495,998925,0,0,0,2015-2017
744525,998895,0,0,0,2015-2017
744555,998865,0,0,0,2015-2017
744555,998835,0,-30,30,2015-2017
744585,998805,0,0,0,2015-2017
744615,998775,0,0,0,2015-2017
744645,998745,0,0,0,2015-2017
744675,998715,0,0,0,2015-2017
744675,998685,0,-30,30,2015-2017
744705,998655,0,-30,30,2015-2017
744735,998625,0,-30,30,2015-2017
744765,998595,0,-30,30,2015-2017
744795,998565,0,-30,30,2015-2017
744825,998535,0,-30,30,2015-2017
744855,998505,30,0,30,2015-2017
744855,998475,30,-30,42.4264068711929,2015-2017
744885,998445,30,-30,42.4264068711929,2015-2017
744915,998415,30,-30,42.4264068711929,2015-2017
744945,998385,30,-30,42.4264068711929,2015-2017
744975,998355,30,-30,42.4264068711929,2015-2017
745005,998325,30,0,30,2015-2017
745035,998295,0,-30,30,2015-2017
745065,998265,0,-30,30,2015-2017
745095,998235,0,-30,30,2015-2017
745125,998205,0,-30,30,2015-2017
745155,998175,0,-30,30,2015-2017
745185,998145,0,-30,30,2015-2017
745185,998115,30,-30,42.4264068711929,2015-2017
745215,998085,0,-60,60,2015-2017
745245,998085,30,-30,42.4264068711929,2015-2017
745275,998085,0,-30,30,2015-2017
745305,998055,0,-30,30,2015-2017
745335,998055,0,-30,30,2015-2017
745365,998055,0,0,0,2015-2017
745395,998025,0,-30,30,2015-2017
745425,998025,0,0,0,2015-2017
745455,997995,0,0,0,2015-2017
745485,997995,0,0,0,2015-2017
745515,997965,0,0,0,2015-2017
745545,997935,0,0,0,2015-2017
745575,997935,0,0,0,2015-2017
745605,997905,0,0,0,2015-2017
745635,997905,0,0,0,2015-2017
745665,997875,0,-30,30,2015-2017
745695,997875,0,0,0,2015-2017
745725,997845,0,0,0,2015-2017
745755,997845,0,0,0,2015-2017
745785,997815,0,0,0,2015-2017
745815,997815,0,0,0,2015-2017
745845,997815,0,0,0,2015-2017
745875,997785,0,0,0,2015-2017
745905,997785,0,0,0,2015-2017
745935,997755,0,0,0,2015-2017
745965,997755,0,0,0,2015-2017
745995,997755,0,0,0,2015-2017
746025,997725,0,-30,30,2015-2017
746055,997695,0,-30,30,2015-2017
746085,997695,0,-30,30,2015-2017
746115,997695,0,-30,30,2015-2017
746145,997695,0,-30,30,2015-2017
746175,997665,0,-30,30,2015-2017
746205,997665,0,-30,30,2015-2017
746235,997665,0,-30,30,2015-2017
746265,997635,0,-30,30,2015-2017
746295,997635,0,-30,30,2015-2017
746325,997635,0,-30,30,2015-2017
746355,997635,0,-30,30,2015-2017
746385,997635,0,0,0,2015-2017
746415,997635,0,0,0,2015-2017
746445,997635,0,0,0,2015-2017
746475,997635,0,0,0,2015-2017
746505,997635,0,0,0,2015-2017
746535,997635,-30,0,30,2015-2017
746565,997605,0,0,0,2015-2017
746595,997605,0,0,0,2015-2017
746625,997605,0,0,0,2015-2017
746655,997605,0,0,0,2015-2017
746685,997605,0,0,0,2015-2017
746715,997605,0,0,0,2015-2017
746745,997605,0,0,0,2015-2017
746775,997605,-30,0,30,2015-2017
746805,997605,0,30,30,2015-2017
746835,997575,0,0,0,2015-2017
746865,997575,0,0,0,2015-2017
746895,997575,0,0,0,2015-2017
746925,997575,0,0,0,2015-2017
746955,997575,0,0,0,2015-2017
746985,997575,0,0,0,2015-2017
747015,997575,-30,0,30,2015-2017
747045,997575,0,30,30,2015-2017
747075,997575,0,30,30,2015-2017
747105,997575,0,30,30,2015-2017
747135,997575,0,30,30,2015-2017
747165,997575,0,30,30,2015-2017
747195,997575,0,30,30,2015-2017
747225,997575,0,30,30,2015-2017
747255,997575,0,30,30,2015-2017
747285,997575,0,30,30,2015-2017
747315,997575,0,30,30,2015-2017
747345,997575,0,30,30,2015-2017
747375,997575,0,30,30,2015-2017
747405,997575,0,30,30,2015-2017
747435,997545,0,0,0,2015-2017
747465,997545,0,0,0,2015-2017
747495,997545,0,0,0,2015-2017
747525,997545,0,0,0,2015-2017
747555,997545,0,0,0,2015-2017
747585,997515,0,-30,30,2015-2017
747615,997515,0,0,0,2015-2017
747645,997515,0,0,0,2015-2017
747675,997515,0,0,0,2015-2017
747705,997515,0,0,0,2015-2017
747735,997515,0,0,0,2015-2017
747765,997485,0,-30,30,2015-2017
747795,997485,0,-30,30,2015-2017
747825,997485,0,-30,30,2015-2017
747855,997455,0,-30,30,2015-2017
747885,997455,0,-30,30,2015-2017
747915,997455,0,-30,30,2015-2017
747945,997425,0,-30,30,2015-2017
747975,997425,0,-30,30,2015-2017
748005,997425,0,0,0,2015-2017
748035,997395,0,0,0,2015-2017
748065,997395,0,0,0,2015-2017
748095,997395,0,0,0,2015-2017
748125,997395,0,0,0,2015-2017
748155,997365,0,-30,30,2015-2017
748185,997365,0,-30,30,2015-2017
748215,997365,0,0,0,2015-2017
748245,997365,0,0,0,2015-2017
748275,997365,0,0,0,2015-2017
748305,997335,0,-30,30,2015-2017
748335,997335,0,-30,30,2015-2017
748365,997335,0,-30,30,2015-2017
748395,997335,0,0,0,2015-2017
748425,997335,0,0,0,2015-2017
748455,997335,0,0,0,2015-2017
748485,997335,0,0,0,2015-2017
748515,997335,0,0,0,2015-2017
748545,997335,0,0,0,2015-2017
748575,997335,0,0,0,2015-2017
748605,997335,0,0,0,2015-2017
748635,997335,0,0,0,2015-2017
748665,997335,0,0,0,2015-2017
748695,997335,0,0,0,2015-2017
748725,997335,-30,0,30,2015-2017
748755,997335,0,-30,30,2015-2017
748785,997365,0,0,0,2015-2017
748815,997365,-30,0,30,2015-2017
748845,997395,0,0,0,2015-2017
748875,997395,0,0,0,2015-2017
748905,997395,0,0,0,2015-2017
748935,997395,0,0,0,2015-2017
748965,997395,-30,0,30,2015-2017
748995,997395,0,-30,30,2015-2017
749025,997395,0,-30,30,2015-2017
749055,997395,0,-30,30,2015-2017
749085,997395,0,-30,30,2015-2017
749115,997425,0,0,0,2015-2017
749145,997425,0,0,0,2015-2017
749175,997425,0,0,0,2015-2017
749205,997425,0,0,0,2015-2017
749235,997425,0,0,0,2015-2017
749265,997425,0,0,0,2015-2017
749295,997425,-30,0,30,2015-2017
749325,997425,0,30,30,2015-2017
749355,997395,0,0,0,2015-2017
749385,997395,0,0,0,2015-2017
749415,997395,0,0,0,2015-2017
749445,997395,0,0,0,2015-2017
749475,997395,0,0,0,2015-2017
749505,997395,0,0,0,2015-2017
749535,997395,-30,0,30,2015-2017
749565,997365,0,0,0,2015-2017
749595,997365,0,0,0,2015-2017
749625,997365,0,0,0,2015-2017
749655,997335,0,0,0,2015-2017
749685,997335,0,0,0,2015-2017
749715,997335,0,0,0,2015-2017
749745,997335,0,0,0,2015-2017
749775,997335,0,0,0,2015-2017
749805,997335,0,0,0,2015-2017
749835,997335,-30,0,30,2015-2017
749865,997305,0,0,0,2015-2017
749895,997305,0,0,0,2015-2017
749925,997275,0,0,0,2015-2017
749955,997275,0,0,0,2015-2017
749985,997275,0,0,0,2015-2017
750015,997245,0,0,0,2015-2017
750045,997245,0,0,0,2015-2017
750075,997245,0,0,0,2015-2017
750105,997245,0,0,0,2015-2017
750135,997215,0,0,0,2015-2017
750165,997215,0,0,0,2015-2017
750195,997185,0,-30,30,2015-2017
750225,997185,0,0,0,2015-2017
750255,997185,0,0,0,2015-2017
750285,997185,0,0,0,2015-2017
750315,997185,-30,0,30,2015-2017
750345,997155,0,0,0,2015-2017
750375,997125,0,-30,30,2015-2017
750405,997125,0,0,0,2015-2017
750435,997125,0,0,0,2015-2017
750465,997095,0,0,0,2015-2017
750495,997095,0,0,0,2015-2017
750525,997065,0,0,0,2015-2017
750555,997065,0,0,0,2015-2017
750585,997035,0,0,0,2015-2017
750615,997035,0,0,0,2015-2017
750645,997005,0,0,0,2015-2017
750675,996975,0,-30,30,2015-2017
750705,996975,0,0,0,2015-2017
750735,996945,0,-30,30,2015-2017
750765,996945,0,0,0,2015-2017
750795,996915,0,-30,30,2015-2017
750825,996915,0,0,0,2015-2017
750855,996885,0,0,0,2015-2017
750885,996885,0,0,0,2015-2017
750915,996855,0,0,0,2015-2017
750945,996855,0,0,0,2015-2017
750975,996825,0,0,0,2015-2017
751005,996825,0,0,0,2015-2017
751035,996795,0,0,0,2015-2017
751065,996795,0,0,0,2015-2017
751095,996765,0,0,0,2015-2017
751125,996735,0,-30,30,2015-2017
751155,996735,0,0,0,2015-2017
751185,996705,0,-30,30,2015-2017
751215,996705,0,0,0,2015-2017
751245,996675,0,-30,30,2015-2017
751275,996675,0,0,0,2015-2017
751305,996645,0,0,0,2015-2017
751335,996615,0,-30,30,2015-2017
751365,996585,30,-30,42.4264068711929,2015-2017
751395,996585,0,-30,30,2015-2017
751425,996555,30,-30,42.4264068711929,2015-2017
751455,996555,0,-30,30,2015-2017
751485,996525,30,-30,42.4264068711929,2015-2017
751515,996495,30,-30,42.4264068711929,2015-2017
751545,996495,0,-30,30,2015-2017
751575,996465,0,-30,30,2015-2017
751605,996465,0,0,0,2015-2017
751635,996435,0,-30,30,2015-2017
751665,996435,0,0,0,2015-2017
751695,996405,0,0,0,2015-2017
751725,996375,0,0,0,2015-2017
751755,996375,0,0,0,2015-2017
751785,996375,-30,0,30,2015-2017
751815,996345,-30,0,30,2015-2017
751845,996345,0,30,30,2015-2017
751875,996315,-30,0,30,2015-2017
751905,996315,0,30,30,2015-2017
751935,996285,-30,0,30,2015-2017
751965,996285,-30,30,42.4264068711929,2015-2017
751995,996255,0,30,30,2015-2017
752025,996255,-30,30,42.4264068711929,2015-2017
752055,996225,0,30,30,2015-2017
752085,996225,-30,30,42.4264068711929,2015-2017
752115,996195,0,30,30,2015-2017
752145,996195,-30,30,42.4264068711929,2015-2017
752175,996165,-30,30,42.4264068711929,2015-2017
752205,996135,0,30,30,2015-2017
752235,996135,-30,30,42.4264068711929,2015-2017
752265,996105,0,30,30,2015-2017
752295,996105,0,30,30,2015-2017
752325,996075,-30,0,30,2015-2017
752355,996075,0,30,30,2015-2017
752385,996075,0,30,30,2015-2017
752415,996075,0,30,30,2015-2017
752445,996075,0,30,30,2015-2017
752475,996075,0,30,30,2015-2017
752505,996045,-30,0,30,2015-2017
752535,996045,0,30,30,2015-2017
752565,996045,0,30,30,2015-2017
752595,996045,-30,30,42.4264068711929,2015-2017
752625,996015,0,30,30,2015-2017
752655,996015,0,30,30,2015-2017
752685,995985,-30,0,30,2015-2017
752715,995985,0,30,30,2015-2017
752745,995955,0,0,0,2015-2017
752775,995955,-30,0,30,2015-2017
752805,995925,0,0,0,2015-2017
752835,995925,-30,0,30,2015-2017
752865,995895,0,0,0,2015-2017
752895,995895,0,0,0,2015-2017
752925,995865,0,0,0,2015-2017
752955,995865,0,0,0,2015-2017
752985,995835,0,0,0,2015-2017
753015,995835,0,0,0,2015-2017
753045,995805,0,0,0,2015-2017
753075,995805,0,0,0,2015-2017
753105,995775,0,0,0,2015-2017
753135,995745,0,0,0,2015-2017
753165,995745,0,0,0,2015-2017
753195,995715,0,0,0,2015-2017
753225,995715,0,0,0,2015-2017
753255,995685,0,0,0,2015-2017
753285,995655,0,0,0,2015-2017
753315,995655,0,0,0,2015-2017
753345,995625,0,0,0,2015-2017
753375,995595,0,0,0,2015-2017
753405,995595,0,0,0,2015-2017
753435,995565,0,0,0,2015-2017
753465,995565,-30,0,30,2015-2017
753495,995535,0,0,0,2015-2017
753525,995505,0,0,0,2015-2017
753555,995505,0,0,0,2015-2017
753585,995475,0,0,0,2015-2017
753615,995445,0,0,0,2015-2017
753645,995415,0,0,0,2015-2017
753675,995385,0,0,0,2015-2017
753705,995385,0,0,0,2015-2017
753735,995355,0,0,0,2015-2017
753765,995325,0,-30,30,2015-2017
753795,995325,0,0,0,2015-2017
753825,995295,0,0,0,2015-2017
753855,995265,0,-30,30,2015-2017
753885,995265,0,0,0,2015-2017
753915,995235,0,-30,30,2015-2017
753945,995235,0,0,0,2015-2017
753975,995205,0,-30,30,2015-2017
754005,995205,0,0,0,2015-2017
754035,995175,0,-30,30,2015-2017
754065,995175,0,-30,30,2015-2017
754095,995145,0,-30,30,2015-2017
754125,995145,0,0,0,2015-2017
754155,995115,0,-30,30,2015-2017
754185,995115,0,-30,30,2015-2017
754215,995085,0,-30,30,2015-2017
754245,995085,0,0,0,2015-2017
754275,995085,0,0,0,2015-2017
754305,995085,0,0,0,2015-2017
754335,995055,0,0,0,2015-2017
754365,995055,0,0,0,2015-2017
754395,995055,0,0,0,2015-2017
754425,995055,0,0,0,2015-2017
754455,995055,0,0,0,2015-2017
754485,995025,0,0,0,2015-2017
754515,995025,0,0,0,2015-2017
754545,995025,0,0,0,2015-2017
754575,995025,0,0,0,2015-2017
754605,995025,0,0,0,2015-2017
754635,994995,0,0,0,2015-2017
754665,994995,0,0,0,2015-2017
754695,994995,0,0,0,2015-2017
754725,994995,0,0,0,2015-2017
754755,994995,0,0,0,2015-2017
754785,994965,0,-30,30,2015-2017
754815,994965,0,-30,30,2015-2017
754845,994965,0,-30,30,2015-2017
754875,994965,0,-30,30,2015-2017
754905,994965,0,-30,30,2015-2017
754935,994965,0,0,0,2015-2017
754965,994965,0,0,0,2015-2017
754995,994965,0,0,0,2015-2017
755025,994965,0,0,0,2015-2017
755055,994965,0,0,0,2015-2017
755085,994965,0,0,0,2015-2017
755115,994965,0,0,0,2015-2017
755145,994965,0,0,0,2015-2017
755175,994965,0,0,0,2015-2017
755205,994965,0,0,0,2015-2017
755235,994965,0,0,0,2015-2017
755265,994965,0,0,0,2015-2017
755295,994965,0,0,0,2015-2017
755325,994965,0,0,0,2015-2017
755355,994965,-30,0,30,2015-2017
755385,994995,0,0,0,2015-2017
755415,994995,0,0,0,2015-2017
755445,994995,0,0,0,2015-2017
755475,994995,0,0,0,2015-2017
755505,994995,0,0,0,2015-2017
755535,994995,0,0,0,2015-2017
755565,994995,0,0,0,2015-2017
755595,995025,0,30,30,2015-2017
755625,995025,0,0,0,2015-2017
755655,995025,0,0,0,2015-2017
755685,995025,0,0,0,2015-2017
755715,995025,0,0,0,2015-2017
755745,995025,0,0,0,2015-2017
755775,995055,0,0,0,2015-2017
755805,995055,0,0,0,2015-2017
755835,995055,0,0,0,2015-2017
755865,995085,0,30,30,2015-2017
755895,995085,0,0,0,2015-2017
755925,995115,0,0,0,2015-2017
755955,995115,0,0,0,2015-2017
755985,995145,0,0,0,2015-2017
756015,995145,0,0,0,2015-2017
756045,995145,0,0,0,2015-2017
756075,995145,-30,0,30,2015-2017
756105,995175,0,0,0,2015-2017
756135,995205,0,30,30,2015-2017
756165,995205,0,30,30,2015-2017
756195,995205,0,0,0,2015-2017
756225,995205,-30,0,30,2015-2017
756255,995235,0,0,0,2015-2017
756285,995265,0,0,0,2015-2017
756315,995265,0,0,0,2015-2017
756345,995265,0,0,0,2015-2017
756375,995265,0,0,0,2015-2017
756405,995295,0,0,0,2015-2017
756435,995295,0,0,0,2015-2017
756465,995295,0,0,0,2015-2017
756495,995295,-30,0,30,2015-2017
756525,995325,0,0,0,2015-2017
756555,995355,0,30,30,2015-2017
756585,995355,0,30,30,2015-2017
756615,995385,0,30,30,2015-2017
756645,995385,0,30,30,2015-2017
756675,995385,0,30,30,2015-2017
756705,995385,0,0,0,2015-2017
756735,995385,0,0,0,2015-2017
756765,995415,0,30,30,2015-2017
756795,995445,30,30,42.4264068711929,2015-2017
756825,995445,0,30,30,2015-2017
756855,995445,0,30,30,2015-2017
756885,995445,0,30,30,2015-2017
756915,995445,0,0,0,2015-2017
756945,995475,0,30,30,2015-2017
756975,995475,0,0,0,2015-2017
757005,995505,0,30,30,2015-2017
757035,995505,0,30,30,2015-2017
757065,995505,0,30,30,2015-2017
757095,995505,0,0,0,2015-2017
757125,995535,0,30,30,2015-2017
757155,995535,0,0,0,2015-2017
757185,995565,0,30,30,2015-2017
757215,995565,0,0,0,2015-2017
757245,995565,0,0,0,2015-2017
757275,995565,-30,0,30,2015-2017
757305,995595,0,0,0,2015-2017
757335,995595,-30,0,30,2015-2017
757365,995625,0,0,0,2015-2017
757395,995625,0,0,0,2015-2017
757425,995625,0,0,0,2015-2017
757455,995655,0,0,0,2015-2017
757485,995655,0,0,0,2015-2017
757515,995655,0,0,0,2015-2017
757545,995685,0,30,30,2015-2017
757575,995685,0,30,30,2015-2017
757605,995685,0,0,0,2015-2017
757635,995685,0,0,0,2015-2017
757665,995685,0,0,0,2015-2017
757695,995685,0,0,0,2015-2017
757725,995685,0,0,0,2015-2017
757755,995715,0,30,30,2015-2017
757785,995715,0,30,30,2015-2017
757815,995715,0,30,30,2015-2017
757845,995685,0,0,0,2015-2017
757875,995685,0,0,0,2015-2017
757905,995715,0,30,30,2015-2017
757935,995715,0,30,30,2015-2017
757965,995715,0,30,30,2015-2017
757995,995715,0,30,30,2015-2017
758025,995685,0,0,0,2015-2017
758055,995685,0,0,0,2015-2017
758085,995715,0,30,30,2015-2017
758115,995715,0,30,30,2015-2017
758145,995715,0,30,30,2015-2017
758175,995715,0,30,30,2015-2017
758205,995715,0,30,30,2015-2017
758235,995715,0,30,30,2015-2017
758265,995715,0,30,30,2015-2017
758295,995715,0,0,0,2015-2017
758325,995715,0,0,0,2015-2017
758355,995715,0,0,0,2015-2017
758385,995715,0,0,0,2015-2017
758415,995715,0,0,0,2015-2017
758445,995745,0,30,30,2015-2017
758475,995745,0,30,30,2015-2017
758505,995745,0,30,30,2015-2017
758535,995745,0,30,30,2015-2017
758565,995745,0,30,30,2015-2017
758595,995745,0,30,30,2015-2017
758625,995745,0,30,30,2015-2017
758655,995745,0,30,30,2015-2017
758685,995745,0,30,30,2015-2017
758715,995745,0,30,30,2015-2017
758745,995745,0,30,30,2015-2017
758775,995745,0,30,30,2015-2017
758805,995745,0,30,30,2015-2017
758835,995745,0,30,30,2015-2017
758865,995745,0,30,30,2015-2017
758895,995715,0,0,0,2015-2017
758925,995715,0,0,0,2015-2017
758955,995715,0,0,0,2015-2017
758985,995715,0,0,0,2015-2017
759015,995715,0,0,0,2015-2017
759045,995715,0,0,0,2015-2017
759075,995715,0,0,0,2015-2017
759105,995715,0,0,0,2015-2017
759135,995715,0,0,0,2015-2017
759165,995715,0,0,0,2015-2017
759195,995715,0,0,0,2015-2017
759225,995685,0,-30,30,2015-2017
759255,995685,0,0,0,2015-2017
759285,995685,0,0,0,2015-2017
759315,995685,0,0,0,2015-2017
759345,995685,0,0,0,2015-2017
759375,995655,0,0,0,2015-2017
759405,995655,0,0,0,2015-2017
759435,995625,0,0,0,2015-2017
759465,995625,0,0,0,2015-2017
759495,995595,0,-30,30,2015-2017
759525,995595,0,-30,30,2015-2017
759555,995595,0,0,0,2015-2017
759585,995565,0,-30,30,2015-2017
759615,995565,0,0,0,2015-2017
759645,995565,0,0,0,2015-2017
759675,995535,0,-30,30,2015-2017
759705,995535,0,0,0,2015-2017
759735,995505,0,-30,30,2015-2017
759765,995475,30,-30,42.4264068711929,2015-2017
759795,995475,0,-30,30,2015-2017
759825,995445,0,-60,60,2015-2017
759855,995445,30,-30,42.4264068711929,2015-2017
759885,995415,0,-60,60,2015-2017
759915,995415,30,-30,42.4264068711929,2015-2017
759945,995385,30,-30,42.4264068711929,2015-2017
759975,995385,0,-30,30,2015-2017
760005,995355,30,-30,42.4264068711929,2015-2017
760035,995355,0,-30,30,2015-2017
760065,995325,0,-30,30,2015-2017
760095,995325,0,-30,30,2015-2017
760125,995295,0,-30,30,2015-2017
760155,995295,0,-30,30,2015-2017
760185,995265,0,-30,30,2015-2017
760215,995235,0,-30,30,2015-2017
760245,995235,0,0,0,2015-2017
760275,995205,0,-30,30,2015-2017
760305,995205,0,0,0,2015-2017
760335,995205,0,0,0,2015-2017
760365,995175,0,0,0,2015-2017
760395,995145,0,0,0,2015-2017
760425,995115,0,-30,30,2015-2017
760455,995115,0,0,0,2015-2017
760485,995085,0,-30,30,2015-2017
760515,995055,0,-30,30,2015-2017
760545,995055,0,0,0,2015-2017
760575,995025,0,-30,30,2015-2017
760605,994995,0,-30,30,2015-2017
760635,994995,0,0,0,2015-2017
760665,994965,0,0,0,2015-2017
760695,994935,0,0,0,2015-2017
760725,994935,-30,0,30,2015-2017
760755,994905,0,0,0,2015-2017
760785,994905,-30,0,30,2015-2017
760815,994875,-30,0,30,2015-2017
760845,994845,-30,0,30,2015-2017
760875,994845,0,30,30,2015-2017
760905,994815,-30,0,30,2015-2017
760935,994785,-30,0,30,2015-2017
760965,994755,-30,0,30,2015-2017
760995,994725,-30,0,30,2015-2017
761025,994725,0,30,30,2015-2017
761055,994695,0,0,0,2015-2017
761085,994665,0,0,0,2015-2017
761115,994665,0,0,0,2015-2017
761145,994635,0,-30,30,2015-2017
761175,994635,0,0,0,2015-2017
761205,994605,0,-30,30,2015-2017
761235,994575,0,-30,30,2015-2017
761265,994575,0,0,0,2015-2017
761295,994545,0,0,0,2015-2017
761325,994545,0,0,0,2015-2017
761355,994515,0,0,0,2015-2017
761385,994485,0,0,0,2015-2017
761415,994485,0,0,0,2015-2017
761445,994455,0,0,0,2015-2017
761475,994455,0,0,0,2015-2017
761505,994425,0,0,0,2015-2017
761535,994395,0,0,0,2015-2017
761565,994395,0,0,0,2015-2017
761595,994365,0,-30,30,2015-2017
761625,994335,0,-30,30,2015-2017
761655,994305,0,-30,30,2015-2017
761685,994305,0,0,0,2015-2017
761715,994275,0,0,0,2015-2017
761745,994245,0,-30,30,2015-2017
761775,994245,0,0,0,2015-2017
761805,994215,0,0,0,2015-2017
761835,994185,0,0,0,2015-2017
761865,994155,0,0,0,2015-2017
761895,994125,0,0,0,2015-2017
761925,994125,-30,0,30,2015-2017
761955,994095,-30,0,30,2015-2017
761985,994065,0,0,0,2015-2017
762015,994035,0,0,0,2015-2017
762045,994005,0,0,0,2015-2017
762075,993975,0,0,0,2015-2017
762105,993975,-30,0,30,2015-2017
762135,993945,-30,0,30,2015-2017
762165,993915,0,0,0,2015-2017
762195,993885,0,0,0,2015-2017
762225,993885,0,0,0,2015-2017
762255,993855,0,0,0,2015-2017
762285,993825,0,0,0,2015-2017
762315,993825,0,0,0,2015-2017
762345,993795,0,0,0,2015-2017
762375,993795,0,0,0,2015-2017
762405,993765,0,0,0,2015-2017
762435,993735,0,0,0,2015-2017
762465,993705,0,-30,30,2015-2017
762495,993705,0,0,0,2015-2017
762525,993675,0,-30,30,2015-2017
762555,993675,0,0,0,2015-2017
762585,993675,0,0,0,2015-2017
762615,993675,0,0,0,2015-2017
762645,993645,0,0,0,2015-2017
762675,993645,0,0,0,2015-2017
762705,993645,0,0,0,2015-2017
762735,993645,0,0,0,2015-2017
762765,993645,0,0,0,2015-2017
762795,993645,-30,0,30,2015-2017
762825,993645,0,30,30,2015-2017
762855,993645,0,30,30,2015-2017
762885,993645,0,30,30,2015-2017
762915,993645,0,30,30,2015-2017
762945,993615,0,0,0,2015-2017
762975,993615,0,0,0,2015-2017
763005,993615,0,0,0,2015-2017
763035,993615,-30,0,30,2015-2017
763065,993615,0,30,30,2015-2017
763095,993615,0,30,30,2015-2017
763125,993615,0,30,30,2015-2017
763155,993615,0,30,30,2015-2017
763185,993615,0,30,30,2015-2017
763215,993615,0,30,30,2015-2017
763245,993615,0,30,30,2015-2017
763275,993615,-30,30,42.4264068711929,2015-2017
763305,993615,0,60,60,2015-2017
763335,993585,0,30,30,2015-2017
763365,993585,0,30,30,2015-2017
763395,993585,0,30,30,2015-2017
763425,993585,0,30,30,2015-2017
763455,993585,0,30,30,2015-2017
763485,993585,-30,30,42.4264068711929,2015-2017
763515,993585,0,60,60,2015-2017
763545,993585,0,60,60,2015-2017
763575,993585,0,60,60,2015-2017
763605,993555,0,30,30,2015-2017
763635,993555,-30,30,42.4264068711929,2015-2017
763665,993555,0,60,60,2015-2017
763695,993555,0,60,60,2015-2017
763725,993555,0,60,60,2015-2017
763755,993555,0,60,60,2015-2017
763785,993555,0,60,60,2015-2017
763815,993525,0,30,30,2015-2017
763845,993525,0,30,30,2015-2017
763875,993525,0,30,30,2015-2017
763905,993525,0,30,30,2015-2017
763935,993525,0,30,30,2015-2017
763965,993525,0,30,30,2015-2017
763995,993495,0,0,0,2015-2017
764025,993495,0,0,0,2015-2017
764055,993495,0,0,0,2015-2017
764085,993495,0,0,0,2015-2017
764115,993495,0,0,0,2015-2017
764145,993495,0,0,0,2015-2017
764175,993495,0,0,0,2015-2017
764205,993465,0,0,0,2015-2017
764235,993465,0,0,0,2015-2017
764265,993465,-30,0,30,2015-2017
764295,993435,0,0,0,2015-2017
764325,993435,0,0,0,2015-2017
764355,993435,-30,0,30,2015-2017
764385,993435,0,30,30,2015-2017
764415,993435,0,30,30,2015-2017
764445,993405,0,0,0,2015-2017
764475,993405,0,0,0,2015-2017
764505,993405,0,0,0,2015-2017
764535,993405,0,0,0,2015-2017
764565,993405,0,0,0,2015-2017
764595,993405,0,0,0,2015-2017
764625,993405,0,0,0,2015-2017
764655,993405,0,0,0,2015-2017
764685,993405,0,0,0,2015-2017
764715,993405,0,0,0,2015-2017
764745,993405,-30,0,30,2015-2017
764775,993405,0,-30,30,2015-2017
764805,993405,0,-30,30,2015-2017
764835,993435,0,0,0,2015-2017
764865,993435,0,0,0,2015-2017
764895,993435,0,0,0,2015-2017
764925,993435,0,0,0,2015-2017
764955,993435,0,0,0,2015-2017
764985,993435,0,0,0,2015-2017
765015,993435,0,0,0,2015-2017
765045,993435,0,0,0,2015-2017
765075,993435,0,0,0,2015-2017
765105,993435,0,0,0,2015-2017
765135,993435,0,0,0,2015-2017
765165,993435,0,0,0,2015-2017
765195,993435,-30,0,30,2015-2017
765225,993435,0,-30,30,2015-2017
765255,993435,0,-30,30,2015-2017
765285,993435,0,-30,30,2015-2017
765315,993435,0,-30,30,2015-2017
765345,993435,0,-30,30,2015-2017
765375,993435,0,-30,30,2015-2017
765405,993465,0,0,0,2015-2017
765435,993465,0,0,0,2015-2017
765465,993465,0,0,0,2015-2017
765495,993465,0,0,0,2015-2017
765525,993465,0,0,0,2015-2017
765555,993495,0,0,0,2015-2017
765585,993495,0,0,0,2015-2017
765615,993495,0,0,0,2015-2017
765645,993525,0,0,0,2015-2017
765675,993525,0,0,0,2015-2017
765705,993555,0,0,0,2015-2017
765735,993555,0,0,0,2015-2017
765765,993555,-30,0,30,2015-2017
765795,993555,0,-30,30,2015-2017
765825,993585,0,0,0,2015-2017
765855,993585,0,0,0,2015-2017
765885,993585,0,0,0,2015-2017
765915,993585,0,0,0,2015-2017
765945,993585,0,0,0,2015-2017
765975,993585,0,0,0,2015-2017
766005,993585,0,0,0,2015-2017
766035,993585,0,0,0,2015-2017
766065,993585,0,0,0,2015-2017
766095,993585,0,0,0,2015-2017
766125,993585,0,0,0,2015-2017
766155,993585,0,0,0,2015-2017
766185,993585,0,0,0,2015-2017
766215,993585,0,0,0,2015-2017
766245,993585,0,0,0,2015-2017
766275,993585,0,0,0,2015-2017
766305,993585,0,0,0,2015-2017
766335,993585,0,0,0,2015-2017
766365,993585,0,0,0,2015-2017
766395,993585,0,0,0,2015-2017
766425,993615,0,30,30,2015-2017
766455,993615,0,30,30,2015-2017
766485,993645,0,30,30,2015-2017
766515,993645,0,30,30,2015-2017
766545,993645,0,30,30,2015-2017
766575,993645,0,30,30,2015-2017
766605,993645,0,30,30,2015-2017
766635,993645,0,30,30,2015-2017
766665,993645,0,30,30,2015-2017
766695,993615,0,0,0,2015-2017
766725,993615,0,0,0,2015-2017
766755,993615,0,0,0,2015-2017
766785,993585,0,0,0,2015-2017
766815,993585,0,0,0,2015-2017
766845,993585,-30,0,30,2015-2017
766875,993555,0,0,0,2015-2017
766905,993555,-30,0,30,2015-2017
766935,993555,0,30,30,2015-2017
766965,993555,0,30,30,2015-2017
766995,993525,-30,0,30,2015-2017
767025,993525,0,30,30,2015-2017
767055,993525,0,30,30,2015-2017
767085,993555,30,30,42.4264068711929,2015-2017
767115,993555,0,30,30,2015-2017
767145,993585,0,60,60,2015-2017
767175,993585,30,30,42.4264068711929,2015-2017
767205,993585,0,30,30,2015-2017
767235,993615,0,60,60,2015-2017
767265,993615,30,30,42.4264068711929,2015-2017
767295,993615,0,30,30,2015-2017
767325,993615,0,30,30,2015-2017
767355,993585,0,0,0,2015-2017
767385,993585,0,0,0,2015-2017
767415,993585,0,0,0,2015-2017
767445,993585,0,0,0,2015-2017
767475,993585,0,0,0,2015-2017
767505,993555,0,-30,30,2015-2017
767535,993555,0,-30,30,2015-2017
767565,993555,0,0,0,2015-2017
767595,993555,0,0,0,2015-2017
767625,993525,0,0,0,2015-2017
767655,993525,0,0,0,2015-2017
767685,993495,0,-30,30,2015-2017
767715,993495,0,0,0,2015-2017
767745,993495,0,0,0,2015-2017
767775,993465,0,0,0,2015-2017
767805,993465,0,0,0,2015-2017
767835,993435,0,0,0,2015-2017
767865,993405,0,-30,30,2015-2017
767895,993405,0,0,0,2015-2017
767925,993405,0,0,0,2015-2017
767955,993375,0,0,0,2015-2017
767985,993375,0,0,0,2015-2017
768015,993345,0,-30,30,2015-2017
768045,993345,0,0,0,2015-2017
768075,993345,0,0,0,2015-2017
768105,993315,0,0,0,2015-2017
768135,993315,0,0,0,2015-2017
768165,993315,0,0,0,2015-2017
768195,993285,0,-30,30,2015-2017
768225,993285,0,-30,30,2015-2017
768255,993255,30,-30,42.4264068711929,2015-2017
768285,993255,0,-30,30,2015-2017
768315,993255,0,-30,30,2015-2017
768345,993255,0,-30,30,2015-2017
768375,993255,0,-30,30,2015-2017
768405,993255,0,0,0,2015-2017
768435,993255,0,0,0,2015-2017
768465,993255,0,0,0,2015-2017
768495,993225,0,-30,30,2015-2017
768525,993225,0,0,0,2015-2017
768555,993225,0,0,0,2015-2017
768585,993225,0,0,0,2015-2017
768615,993225,0,0,0,2015-2017
768645,993195,0,0,0,2015-2017
768675,993195,0,0,0,2015-2017
768705,993195,0,0,0,2015-2017
768735,993165,0,0,0,2015-2017
768765,993165,0,0,0,2015-2017
768795,993135,0,-30,30,2015-2017
768825,993135,0,0,0,2015-2017
768855,993105,0,-30,30,2015-2017
768885,993075,30,-30,42.4264068711929,2015-2017
768915,993075,0,-30,30,2015-2017
768945,993075,0,-30,30,2015-2017
768975,993045,0,-30,30,2015-2017
769005,993045,0,-30,30,2015-2017
769035,993015,30,-30,42.4264068711929,2015-2017
769065,993015,0,-30,30,2015-2017
769095,993015,0,0,0,2015-2017
769125,992985,0,-30,30,2015-2017
769155,992985,0,0,0,2015-2017
769185,992955,0,0,0,2015-2017
769215,992925,0,-30,30,2015-2017
769245,992925,0,0,0,2015-2017
769275,992895,0,-30,30,2015-2017
769305,992865,30,0,30,2015-2017
769335,992865,0,0,0,2015-2017
769365,992835,0,0,0,2015-2017
769365,992805,0,-30,30,2015-2017
769395,992775,0,-30,30,2015-2017
769425,992775,0,0,0,2015-2017
769455,992745,0,0,0,2015-2017
769455,992715,0,-30,30,2015-2017
769485,992685,0,-30,30,2015-2017
769515,992655,0,-30,30,2015-2017
769545,992625,0,-30,30,2015-2017
769575,992595,0,-30,30,2015-2017
769605,992565,0,-30,30,2015-2017
769635,992535,0,-30,30,2015-2017
769665,992535,0,0,0,2015-2017
769695,992505,-30,0,30,2015-2017
769695,992475,0,0,0,2015-2017
769695,992445,0,-30,30,2015-2017
769725,992415,0,-30,30,2015-2017
769755,992385,0,-30,30,2015-2017
769785,992355,0,0,0,2015-2017
769785,992325,0,-30,30,2015-2017
769815,992295,0,-30,30,2015-2017
769845,992265,0,-30,30,2015-2017
769875,992235,0,0,0,2015-2017
769875,992205,0,-30,30,2015-2017
769905,992175,0,-30,30,2015-2017
769935,992145,0,-30,30,2015-2017
769965,992115,0,0,0,2015-2017
769995,992085,0,0,0,2015-2017
770025,992055,0,0,0,2015-2017
770055,992025,0,0,0,2015-2017
770085,991995,0,0,0,2015-2017
770085,991965,0,-30,30,2015-2017
770115,991935,0,-30,30,2015-2017
770145,991905,0,-30,30,2015-2017
770175,991875,0,-30,30,2015-2017
770205,991845,0,-30,30,2015-2017
770205,991815,30,-30,42.4264068711929,2015-2017
770235,991785,30,-30,42.4264068711929,2015-2017
770265,991755,30,0,30,2015-2017
770265,991725,30,-30,42.4264068711929,2015-2017
770295,991695,30,-30,42.4264068711929,2015-2017
770325,991665,30,-30,42.4264068711929,2015-2017
770355,991635,30,-30,42.4264068711929,2015-2017
770385,991605,30,-30,42.4264068711929,2015-2017
770415,991575,30,-30,42.4264068711929,2015-2017
770445,991545,30,-30,42.4264068711929,2015-2017
770445,991515,30,-60,67.0820393249937,2015-2017
770475,991485,30,-60,67.0820393249937,2015-2017
770505,991455,30,-60,67.0820393249937,2015-2017
770535,991425,30,-60,67.0820393249937,2015-2017
770535,991395,60,-60,84.8528137423857,2015-2017
770565,991365,60,-60,84.8528137423857,2015-2017
770595,991335,60,-60,84.8528137423857,2015-2017
770625,991305,60,-30,67.0820393249937,2015-2017
770655,991275,30,-60,67.0820393249937,2015-2017
770655,991245,60,-60,84.8528137423857,2015-2017
770685,991215,60,-30,67.0820393249937,2015-2017
770715,991185,30,-60,67.0820393249937,2015-2017
770745,991155,60,0,60,2015-2017
770775,991125,30,-30,42.4264068711929,2015-2017
770805,991095,30,-30,42.4264068711929,2015-2017
770805,991065,30,-60,67.0820393249937,2015-2017
770835,991035,60,0,60,2015-2017
770865,991005,30,-30,42.4264068711929,2015-2017
770865,990975,60,0,60,2015-2017
770895,990945,30,-30,42.4264068711929,2015-2017
770925,990915,30,-30,42.4264068711929,2015-2017
770955,990915,0,-30,30,2015-2017
770985,990885,0,0,0,2015-2017
771015,990855,0,0,0,2015-2017
771045,990825,0,0,0,2015-2017
771075,990795,0,-30,30,2015-2017
771105,990765,0,-30,30,2015-2017
771135,990735,0,-30,30,2015-2017
771165,990705,0,-30,30,2015-2017
771195,990675,0,-30,30,2015-2017
771225,990645,0,-30,30,2015-2017
771255,990645,0,0,0,2015-2017
771285,990615,0,0,0,2015-2017
771315,990585,0,0,0,2015-2017
771345,990555,0,-30,30,2015-2017
771375,990525,0,-30,30,2015-2017
771405,990495,0,-30,30,2015-2017
771435,990465,0,-30,30,2015-2017
771465,990465,0,0,0,2015-2017
771495,990435,0,0,0,2015-2017
771525,990405,0,0,0,2015-2017
771555,990375,0,0,0,2015-2017
771585,990345,0,0,0,2015-2017
771615,990315,0,0,0,2015-2017
771645,990285,0,0,0,2015-2017
771675,990285,-30,0,30,2015-2017
771705,990255,-30,0,30,2015-2017
771735,990225,0,0,0,2015-2017
771765,990225,-30,0,30,2015-2017
771795,990195,-30,0,30,2015-2017
771825,990165,0,0,0,2015-2017
771855,990165,-30,0,30,2015-2017
771885,990165,0,30,30,2015-2017
771915,990135,0,0,0,2015-2017
771945,990135,-30,0,30,2015-2017
771975,990105,-30,0,30,2015-2017
772005,990075,0,0,0,2015-2017
772035,990075,-30,0,30,2015-2017
772065,990045,0,0,0,2015-2017
772095,990045,-30,0,30,2015-2017
772125,990015,0,0,0,2015-2017
772155,990015,-30,0,30,2015-2017
772185,989985,0,0,0,2015-2017
772215,989985,-30,0,30,2015-2017
772245,989955,0,0,0,2015-2017
772275,989955,0,0,0,2015-2017
772305,989925,0,0,0,2015-2017
772335,989925,0,0,0,2015-2017
772365,989895,0,-30,30,2015-2017
772395,989895,0,0,0,2015-2017
772425,989865,0,0,0,2015-2017
772455,989865,0,0,0,2015-2017
772485,989835,0,-30,30,2015-2017
772515,989835,0,0,0,2015-2017
772545,989805,0,0,0,2015-2017
772575,989805,0,0,0,2015-2017
772605,989775,0,0,0,2015-2017
772635,989775,0,0,0,2015-2017
730725,1010925,0,30,30,2017-2019
730755,1010895,-30,0,30,2017-2019
730755,1010865,0,0,0,2017-2019
730785,1010835,-30,0,30,2017-2019
730815,1010835,0,30,30,2017-2019
730845,1010805,-30,0,30,2017-2019
730875,1010805,0,30,30,2017-2019
730905,1010775,0,0,0,2017-2019
730935,1010775,0,0,0,2017-2019
730965,1010745,0,0,0,2017-2019
730995,1010745,0,0,0,2017-2019
731025,1010715,0,0,0,2017-2019
731055,1010715,-30,0,30,2017-2019
731085,1010685,0,0,0,2017-2019
731115,1010655,0,0,0,2017-2019
731145,1010655,0,0,0,2017-2019
731175,1010625,0,0,0,2017-2019
731205,1010625,0,0,0,2017-2019
731235,1010625,-30,0,30,2017-2019
731265,1010595,0,0,0,2017-2019
731295,1010595,0,0,0,2017-2019
731325,1010565,0,0,0,2017-2019
731355,1010565,-30,0,30,2017-2019
731385,1010565,0,30,30,2017-2019
731415,1010535,-30,0,30,2017-2019
731445,1010505,0,0,0,2017-2019
731475,1010505,-30,0,30,2017-2019
731505,1010475,0,0,0,2017-2019
731535,1010475,0,0,0,2017-2019
731565,1010445,0,-30,30,2017-2019
731595,1010445,0,0,0,2017-2019
731625,1010445,0,0,0,2017-2019
731655,1010415,0,0,0,2017-2019
731685,1010415,0,0,0,2017-2019
731715,1010415,-30,0,30,2017-2019
731745,1010385,0,0,0,2017-2019
731775,1010385,0,0,0,2017-2019
731805,1010385,0,0,0,2017-2019
731835,1010385,-30,0,30,2017-2019
731865,1010355,0,0,0,2017-2019
731895,1010355,0,0,0,2017-2019
731925,1010355,-30,0,30,2017-2019
731955,1010355,0,30,30,2017-2019
731985,1010355,0,30,30,2017-2019
732015,1010355,0,30,30,2017-2019
732045,1010355,0,30,30,2017-2019
732075,1010325,0,0,0,2017-2019
732105,1010325,0,0,0,2017-2019
732135,1010325,-30,0,30,2017-2019
732165,1010295,0,0,0,2017-2019
732195,1010295,0,0,0,2017-2019
732225,1010295,0,0,0,2017-2019
732255,1010295,0,0,0,2017-2019
732285,1010295,0,0,0,2017-2019
732315,1010295,0,0,0,2017-2019
732345,1010295,-30,0,30,2017-2019
732375,1010295,0,30,30,2017-2019
732405,1010265,0,0,0,2017-2019
732435,1010265,0,0,0,2017-2019
732465,1010265,0,0,0,2017-2019
732495,1010265,0,0,0,2017-2019
732525,1010265,0,0,0,2017-2019
732555,1010265,0,0,0,2017-2019
732585,1010265,0,0,0,2017-2019
732615,1010265,-30,0,30,2017-2019
732645,1010235,0,0,0,2017-2019
732675,1010235,0,0,0,2017-2019
732705,1010235,0,0,0,2017-2019
732735,1010235,0,0,0,2017-2019
732765,1010235,0,0,0,2017-2019
732795,1010235,-30,0,30,2017-2019
732825,1010205,0,0,0,2017-2019
732855,1010205,0,0,0,2017-2019
732885,1010205,0,0,0,2017-2019
732915,1010205,-30,0,30,2017-2019
732945,1010205,0,30,30,2017-2019
732975,1010175,0,0,0,2017-2019
733005,1010175,0,0,0,2017-2019
733035,1010175,0,0,0,2017-2019
733065,1010175,0,0,0,2017-2019
733095,1010175,-30,0,30,2017-2019
733125,1010145,0,0,0,2017-2019
733155,1010145,-30,0,30,2017-2019
733185,1010115,0,0,0,2017-2019
733215,1010115,0,0,0,2017-2019
733245,1010085,0,0,0,2017-2019
733275,1010085,0,0,0,2017-2019
733305,1010085,0,0,0,2017-2019
733335,1010085,0,0,0,2017-2019
733365,1010055,0,-30,30,2017-2019
733395,1010055,0,0,0,2017-2019
733425,1010055,0,0,0,2017-2019
733455,1010055,-30,0,30,2017-2019
733485,1010025,0,0,0,2017-2019
733515,1010025,0,0,0,2017-2019
733545,1010025,0,0,0,2017-2019
733575,1010025,0,0,0,2017-2019
733605,1009995,0,-30,30,2017-2019
733635,1009995,0,0,0,2017-2019
733665,1009965,0,-30,30,2017-2019
733695,1009965,0,0,0,2017-2019
733725,1009965,0,0,0,2017-2019
733755,1009965,0,0,0,2017-2019
733785,1009935,0,-30,30,2017-2019
733815,1009935,0,0,0,2017-2019
733845,1009905,0,-30,30,2017-2019
733875,1009905,0,0,0,2017-2019
733905,1009905,0,0,0,2017-2019
733935,1009875,0,0,0,2017-2019
733965,1009875,0,0,0,2017-2019
733995,1009875,-30,0,30,2017-2019
734025,1009845,0,0,0,2017-2019
734055,1009845,0,0,0,2017-2019
734085,1009845,-30,0,30,2017-2019
734115,1009815,0,0,0,2017-2019
734145,1009785,0,0,0,2017-2019
734175,1009785,0,0,0,2017-2019
734205,1009785,0,0,0,2017-2019
734235,1009785,-30,0,30,2017-2019
734265,1009755,0,0,0,2017-2019
734295,1009725,0,0,0,2017-2019
734325,1009725,0,0,0,2017-2019
734355,1009695,0,-30,30,2017-2019
734385,1009665,0,-30,30,2017-2019
734415,1009665,0,-30,30,2017-2019
734445,1009665,0,0,0,2017-2019
734475,1009665,0,0,0,2017-2019
734505,1009635,0,-30,30,2017-2019
734535,1009635,0,-30,30,2017-2019
734565,1009635,0,0,0,2017-2019
734595,1009605,0,-30,30,2017-2019
734625,1009605,0,-30,30,2017-2019
734655,1009605,0,0,0,2017-2019
734685,1009575,0,-30,30,2017-2019
734715,1009575,0,-30,30,2017-2019
734745,1009545,0,-30,30,2017-2019
734775,1009545,0,-30,30,2017-2019
734805,1009545,0,-30,30,2017-2019
734835,1009545,0,-30,30,2017-2019
734865,1009545,0,0,0,2017-2019
734895,1009545,0,0,0,2017-2019
734925,1009545,0,0,0,2017-2019
734955,1009545,0,0,0,2017-2019
734985,1009515,0,0,0,2017-2019
735015,1009515,0,0,0,2017-2019
735045,1009515,-30,0,30,2017-2019
735075,1009515,0,30,30,2017-2019
735105,1009515,-30,30,42.4264068711929,2017-2019
735135,1009515,0,60,60,2017-2019
735165,1009515,0,60,60,2017-2019
735195,1009515,-30,60,67.0820393249937,2017-2019
735225,1009485,0,60,60,2017-2019
735255,1009485,0,60,60,2017-2019
735285,1009485,0,60,60,2017-2019
735315,1009485,0,60,60,2017-2019
735345,1009455,0,30,30,2017-2019
735375,1009455,-30,30,42.4264068711929,2017-2019
735405,1009425,0,30,30,2017-2019
735435,1009425,0,30,30,2017-2019
735465,1009425,0,30,30,2017-2019
735495,1009395,-30,0,30,2017-2019
735495,1009365,0,0,0,2017-2019
735525,1009335,0,0,0,2017-2019
735555,1009305,0,0,0,2017-2019
735585,1009275,0,0,0,2017-2019
735615,1009245,0,0,0,2017-2019
735645,1009215,0,0,0,2017-2019
735675,1009185,0,0,0,2017-2019
735705,1009155,0,0,0,2017-2019
735735,1009125,0,-30,30,2017-2019
735765,1009095,0,-30,30,2017-2019
735795,1009065,0,-30,30,2017-2019
735825,1009035,0,-30,30,2017-2019
735855,1009005,0,-30,30,2017-2019
735885,1008975,0,-30,30,2017-2019
735915,1008945,30,-30,42.4264068711929,2017-2019
735945,1008915,30,-30,42.4264068711929,2017-2019
735975,1008915,0,-30,30,2017-2019
736005,1008885,0,-30,30,2017-2019
736035,1008885,0,0,0,2017-2019
736065,1008855,0,-30,30,2017-2019
736095,1008855,0,0,0,2017-2019
736125,1008825,0,0,0,2017-2019
736155,1008795,0,0,0,2017-2019
736185,1008795,0,0,0,2017-2019
736215,1008765,0,0,0,2017-2019
736245,1008735,0,0,0,2017-2019
736275,1008705,0,-30,30,2017-2019
736305,1008675,0,-30,30,2017-2019
736335,1008675,0,0,0,2017-2019
736365,1008645,0,-30,30,2017-2019
736395,1008615,0,-30,30,2017-2019
736425,1008585,0,-30,30,2017-2019
736455,1008555,30,-30,42.4264068711929,2017-2019
736485,1008525,30,-30,42.4264068711929,2017-2019
736515,1008525,0,-30,30,2017-2019
736545,1008495,0,-30,30,2017-2019
736545,1008465,30,-30,42.4264068711929,2017-2019
736575,1008435,30,-30,42.4264068711929,2017-2019
736605,1008405,30,-30,42.4264068711929,2017-2019
736635,1008375,30,0,30,2017-2019
736665,1008345,0,-30,30,2017-2019
736695,1008315,0,-30,30,2017-2019
736725,1008285,0,-30,30,2017-2019
736755,1008255,0,-30,30,2017-2019
736785,1008225,0,-30,30,2017-2019
736785,1008195,30,0,30,2017-2019
736815,1008165,0,-30,30,2017-2019
736845,1008135,0,-30,30,2017-2019
736875,1008105,0,-30,30,2017-2019
736905,1008075,0,-30,30,2017-2019
736935,1008045,0,0,0,2017-2019
736965,1008015,0,0,0,2017-2019
736995,1007985,0,0,0,2017-2019
736995,1007955,0,-30,30,2017-2019
737025,1007925,0,0,0,2017-2019
737055,1007895,0,0,0,2017-2019
737085,1007865,0,0,0,2017-2019
737115,1007835,0,0,0,2017-2019
737145,1007805,0,0,0,2017-2019
737175,1007775,0,0,0,2017-2019
737205,1007745,0,0,0,2017-2019
737235,1007715,0,0,0,2017-2019
737265,1007685,-30,0,30,2017-2019
737265,1007655,0,0,0,2017-2019
737295,1007625,0,0,0,2017-2019
737325,1007595,0,0,0,2017-2019
737355,1007565,0,0,0,2017-2019
737385,1007535,0,0,0,2017-2019
737385,1007505,0,0,0,2017-2019
737415,1007475,0,0,0,2017-2019
737445,1007445,0,0,0,2017-2019
737475,1007415,0,0,0,2017-2019
737475,1007385,0,0,0,2017-2019
737505,1007355,0,0,0,2017-2019
737535,1007325,0,0,0,2017-2019
737535,1007295,0,0,0,2017-2019
737565,1007265,0,0,0,2017-2019
737595,1007235,0,0,0,2017-2019
737595,1007205,0,0,0,2017-2019
737625,1007175,0,0,0,2017-2019
737655,1007145,0,0,0,2017-2019
737655,1007115,0,-30,30,2017-2019
737685,1007085,0,0,0,2017-2019
737715,1007055,0,0,0,2017-2019
737745,1007025,0,0,0,2017-2019
737745,1006995,0,-30,30,2017-2019
737775,1006965,0,0,0,2017-2019
737805,1006935,0,0,0,2017-2019
737835,1006905,0,0,0,2017-2019
737835,1006875,0,0,0,2017-2019
737865,1006845,0,0,0,2017-2019
737895,1006815,0,0,0,2017-2019
737925,1006785,0,0,0,2017-2019
737925,1006755,0,-30,30,2017-2019
737955,1006725,0,0,0,2017-2019
737985,1006695,-30,0,30,2017-2019
737985,1006665,0,0,0,2017-2019
738015,1006635,0,0,0,2017-2019
738045,1006605,0,0,0,2017-2019
738045,1006575,0,0,0,2017-2019
738045,1006545,0,0,0,2017-2019
738045,1006515,0,-30,30,2017-2019
738075,1006485,0,0,0,2017-2019
738075,1006455,0,-30,30,2017-2019
738075,1006425,30,0,30,2017-2019
738105,1006395,0,0,0,2017-2019
738105,1006365,0,-30,30,2017-2019
738105,1006335,30,0,30,2017-2019
738135,1006305,0,-30,30,2017-2019
738165,1006275,0,0,0,2017-2019
738165,1006245,0,0,0,2017-2019
738195,1006215,0,0,0,2017-2019
738195,1006185,0,0,0,2017-2019
738225,1006155,0,0,0,2017-2019
738225,1006125,0,-30,30,2017-2019
738255,1006095,0,0,0,2017-2019
738285,1006065,-30,0,30,2017-2019
738315,1006035,-30,0,30,2017-2019
738315,1006005,0,0,0,2017-2019
738345,1005975,0,0,0,2017-2019
738345,1005945,0,0,0,2017-2019
738375,1005915,0,0,0,2017-2019
738375,1005885,0,-30,30,2017-2019
738405,1005855,0,-30,30,2017-2019
738435,1005825,0,0,0,2017-2019
738435,1005795,0,0,0,2017-2019
738435,1005765,0,-30,30,2017-2019
738435,1005735,30,0,30,2017-2019
738465,1005705,0,0,0,2017-2019
738495,1005675,0,0,0,2017-2019
738495,1005645,0,0,0,2017-2019
738495,1005615,0,-30,30,2017-2019
738525,1005585,0,0,0,2017-2019
738525,1005555,0,-30,30,2017-2019
738555,1005525,0,-30,30,2017-2019
738555,1005495,30,0,30,2017-2019
738585,1005465,0,0,0,2017-2019
738585,1005435,0,-30,30,2017-2019
738585,1005405,30,0,30,2017-2019
738615,1005375,0,-30,30,2017-2019
738645,1005345,0,0,0,2017-2019
738675,1005315,0,0,0,2017-2019
738705,1005285,0,0,0,2017-2019
738705,1005255,0,-30,30,2017-2019
738735,1005225,0,0,0,2017-2019
738735,1005195,0,-30,30,2017-2019
738765,1005165,0,0,0,2017-2019
738765,1005135,0,-30,30,2017-2019
738795,1005105,0,-30,30,2017-2019
738825,1005075,0,-30,30,2017-2019
738855,1005045,0,0,0,2017-2019
738885,1005015,-30,0,30,2017-2019
738885,1004985,0,0,0,2017-2019
738915,1004955,0,0,0,2017-2019
738915,1004925,0,0,0,2017-2019
738915,1004895,0,0,0,2017-2019
738915,1004865,0,-30,30,2017-2019
738945,1004835,0,0,0,2017-2019
738945,1004805,0,0,0,2017-2019
738975,1004775,0,0,0,2017-2019
738975,1004745,0,0,0,2017-2019
738975,1004715,0,-30,30,2017-2019
739005,1004685,0,0,0,2017-2019
739035,1004655,0,0,0,2017-2019
739065,1004625,-30,0,30,2017-2019
739065,1004595,0,0,0,2017-2019
739095,1004565,0,0,0,2017-2019
739125,1004535,-30,0,30,2017-2019
739155,1004505,-30,0,30,2017-2019
739185,1004475,-30,0,30,2017-2019
739185,1004445,0,0,0,2017-2019
739215,1004415,0,0,0,2017-2019
739245,1004415,-30,0,30,2017-2019
739275,1004385,0,0,0,2017-2019
739305,1004355,0,0,0,2017-2019
739335,1004325,0,-30,30,2017-2019
739365,1004325,0,0,0,2017-2019
739395,1004295,0,0,0,2017-2019
739425,1004265,0,0,0,2017-2019
739455,1004235,0,0,0,2017-2019
739485,1004205,0,0,0,2017-2019
739515,1004205,-30,0,30,2017-2019
739545,1004175,0,0,0,2017-2019
739575,1004145,0,0,0,2017-2019
739605,1004145,-30,0,30,2017-2019
739635,1004115,-30,0,30,2017-2019
739665,1004085,-30,0,30,2017-2019
739695,1004055,-30,0,30,2017-2019
739725,1004025,-30,0,30,2017-2019
739755,1003995,0,0,0,2017-2019
739785,1003965,0,0,0,2017-2019
739815,1003935,0,0,0,2017-2019
739845,1003905,0,0,0,2017-2019
739875,1003905,-30,0,30,2017-2019
739905,1003875,0,0,0,2017-2019
739935,1003845,0,0,0,2017-2019
739965,1003815,0,0,0,2017-2019
739995,1003785,0,0,0,2017-2019
740025,1003755,0,0,0,2017-2019
740055,1003725,0,0,0,2017-2019
740085,1003695,0,0,0,2017-2019
740115,1003665,0,0,0,2017-2019
740145,1003635,0,0,0,2017-2019
740175,1003635,-30,0,30,2017-2019
740205,1003605,-30,0,30,2017-2019
740205,1003575,0,0,0,2017-2019
740235,1003545,0,0,0,2017-2019
740265,1003515,0,0,0,2017-2019
740295,1003485,0,0,0,2017-2019
740325,1003455,0,0,0,2017-2019
740355,1003425,0,0,0,2017-2019
740385,1003395,0,0,0,2017-2019
740415,1003365,-30,0,30,2017-2019
740445,1003335,-30,0,30,2017-2019
740475,1003305,-30,0,30,2017-2019
740505,1003275,0,0,0,2017-2019
740535,1003245,0,0,0,2017-2019
740535,1003215,0,0,0,2017-2019
740535,1003185,0,0,0,2017-2019
740565,1003155,0,0,0,2017-2019
740595,1003125,-30,0,30,2017-2019
740625,1003095,-30,0,30,2017-2019
740625,1003065,0,0,0,2017-2019
740655,1003035,-30,0,30,2017-2019
740685,1003005,-30,0,30,2017-2019
740715,1002975,-30,0,30,2017-2019
740745,1002945,-30,30,42.4264068711929,2017-2019
740775,1002915,-30,30,42.4264068711929,2017-2019
740805,1002885,-60,0,60,2017-2019
740835,1002855,-60,30,67.0820393249937,2017-2019
740865,1002825,-60,30,67.0820393249937,2017-2019
740895,1002795,-60,30,67.0820393249937,2017-2019
740925,1002765,-60,30,67.0820393249937,2017-2019
740955,1002735,-60,60,84.8528137423857,2017-2019
740985,1002705,-90,30,94.8683298050514,2017-2019
741015,1002675,-120,0,120,2017-2019
741045,1002645,-150,0,150,2017-2019
741075,1002615,-180,0,180,2017-2019
741075,1002585,-180,0,180,2017-2019
741105,1002555,-210,0,210,2017-2019
741135,1002525,-150,150,212.132034355964,2017-2019
741165,1002495,-180,120,216.333076527839,2017-2019
741195,1002465,-210,90,228.473193175917,2017-2019
741225,1002435,-180,150,234.3074902772,2017-2019
741255,1002405,-210,120,241.867732448957,2017-2019
741285,1002405,-240,120,268.328157299975,2017-2019
741315,1002375,-210,180,276.586333718787,2017-2019
741345,1002345,-240,150,283.019433961698,2017-2019
741375,1002315,-270,120,295.465734053883,2017-2019
741405,1002285,-270,150,308.86890422961,2017-2019
741435,1002255,-240,210,318.904374382039,2017-2019
741465,1002255,-270,210,342.052627529741,2017-2019
741495,1002225,-300,180,349.857113690718,2017-2019
741525,1002195,-330,150,362.491379207837,2017-2019
741555,1002165,-330,180,375.89892258425,2017-2019
741585,1002135,-360,150,390,2017-2019
741615,1002135,-390,150,417.851648315524,2017-2019
741645,1002105,-420,120,436.806593356831,2017-2019
741675,1002105,-450,120,465.725240887801,2017-2019
741705,1002075,-420,240,483.735464897913,2017-2019
741735,1002045,-450,210,496.588360717405,2017-2019
741765,1002045,-480,210,523.927475897189,2017-2019
741795,1002015,-480,240,536.656314599949,2017-2019
741795,1001985,-480,210,523.927475897189,2017-2019
741795,1001955,-480,180,512.640224719052,2017-2019
741795,1001925,-480,150,502.891638427206,2017-2019
741795,1001895,-390,300,492.036584005702,2017-2019
741825,1001865,-420,270,499.299509312797,2017-2019
741825,1001835,-420,240,483.735464897913,2017-2019
741825,1001805,-420,210,469.574275274956,2017-2019
741825,1001775,-420,180,456.946386351835,2017-2019
741825,1001745,-420,150,445.982062419555,2017-2019
741825,1001715,-420,120,436.806593356831,2017-2019
741825,1001685,-420,90,429.534631898291,2017-2019
741825,1001655,-360,210,416.773319683494,2017-2019
741825,1001625,-360,180,402.492235949962,2017-2019
741825,1001595,-360,150,390,2017-2019
741825,1001565,-330,180,375.89892258425,2017-2019
741825,1001535,-330,150,362.491379207837,2017-2019
741825,1001505,-330,120,351.140997321589,2017-2019
741855,1001475,-300,210,366.196668472011,2017-2019
741855,1001445,-300,180,349.857113690718,2017-2019
741855,1001415,-300,150,335.410196624968,2017-2019
741855,1001385,-300,120,323.10988842807,2017-2019
741855,1001355,-270,150,308.86890422961,2017-2019
741885,1001325,-240,210,318.904374382039,2017-2019
741885,1001295,-240,180,300,2017-2019
741885,1001265,-240,150,283.019433961698,2017-2019
741915,1001235,-270,120,295.465734053883,2017-2019
741915,1001205,-240,150,283.019433961698,2017-2019
741915,1001175,-240,120,268.328157299975,2017-2019
741945,1001145,-210,180,276.586333718787,2017-2019
741945,1001115,-210,150,258.069758011279,2017-2019
741945,1001085,-210,120,241.867732448957,2017-2019
741975,1001055,-240,90,256.320112359526,2017-2019
741975,1001025,-210,120,241.867732448957,2017-2019
741975,1000995,-210,90,228.473193175917,2017-2019
742005,1000965,-180,150,234.3074902772,2017-2019
742005,1000935,-180,120,216.333076527839,2017-2019
742005,1000905,-180,90,201.246117974981,2017-2019
742035,1000875,-150,150,212.132034355964,2017-2019
742065,1000845,-150,150,212.132034355964,2017-2019
742065,1000815,-150,120,192.093727122985,2017-2019
742095,1000785,-180,90,201.246117974981,2017-2019
742095,1000755,-180,60,189.736659610103,2017-2019
742125,1000725,-150,120,192.093727122985,2017-2019
742155,1000695,-150,120,192.093727122985,2017-2019
742185,1000665,-150,120,192.093727122985,2017-2019
742185,1000635,-120,120,169.705627484771,2017-2019
742215,1000605,-120,120,169.705627484771,2017-2019
742245,1000575,-150,90,174.928556845359,2017-2019
742275,1000545,-180,60,189.736659610103,2017-2019
742305,1000515,-150,120,192.093727122985,2017-2019
742335,1000485,-180,90,201.246117974981,2017-2019
742365,1000455,-150,150,212.132034355964,2017-2019
742395,1000455,-180,150,234.3074902772,2017-2019
742425,1000425,-180,150,234.3074902772,2017-2019
742455,1000395,-180,150,234.3074902772,2017-2019
742485,1000365,0,240,240,2017-2019
742515,1000335,-30,210,212.132034355964,2017-2019
742545,1000305,-60,180,189.736659610103,2017-2019
742575,1000305,-90,180,201.246117974981,2017-2019
742605,1000275,0,180,180,2017-2019
742635,1000245,-30,150,152.970585407784,2017-2019
742665,1000215,-60,120,134.164078649987,2017-2019
742695,1000185,0,120,120,2017-2019
742725,1000155,0,90,90,2017-2019
742755,1000125,0,60,60,2017-2019
742785,1000125,0,60,60,2017-2019
742815,1000095,-30,30,42.4264068711929,2017-2019
742845,1000065,0,30,30,2017-2019
742875,1000035,0,0,0,2017-2019
742905,1000035,0,0,0,2017-2019
742935,1000005,0,0,0,2017-2019
742965,1000005,0,0,0,2017-2019
742995,1000005,0,0,0,2017-2019
743025,999975,0,0,0,2017-2019
743055,999945,0,-30,30,2017-2019
743085,999945,0,-30,30,2017-2019
743115,999915,30,-30,42.4264068711929,2017-2019
743145,999885,0,-60,60,2017-2019
743175,999885,0,-60,60,2017-2019
743205,999855,30,-60,67.0820393249937,2017-2019
743235,999855,30,-30,42.4264068711929,2017-2019
743265,999825,0,-60,60,2017-2019
743295,999795,30,-60,67.0820393249937,2017-2019
743325,999765,30,-60,67.0820393249937,2017-2019
743355,999765,30,-30,42.4264068711929,2017-2019
743385,999735,0,-60,60,2017-2019
743415,999735,30,-30,42.4264068711929,2017-2019
743445,999705,30,-30,42.4264068711929,2017-2019
743475,999675,30,-30,42.4264068711929,2017-2019
743505,999675,0,-30,30,2017-2019
743535,999645,0,-30,30,2017-2019
743565,999645,0,-30,30,2017-2019
743595,999615,0,-30,30,2017-2019
743625,999615,0,0,0,2017-2019
743655,999585,0,0,0,2017-2019
743685,999555,0,-30,30,2017-2019
743715,999555,0,0,0,2017-2019
743745,999525,0,0,0,2017-2019
743775,999525,-30,0,30,2017-2019
743805,999495,0,0,0,2017-2019
743835,999465,0,0,0,2017-2019
743865,999435,0,-30,30,2017-2019
743895,999435,0,0,0,2017-2019
743925,999405,0,0,0,2017-2019
743955,999375,0,0,0,2017-2019
743985,999345,0,0,0,2017-2019
744015,999345,0,0,0,2017-2019
744045,999315,0,0,0,2017-2019
744075,999285,0,0,0,2017-2019
744105,999285,-30,0,30,2017-2019
744135,999255,0,0,0,2017-2019
744165,999225,0,0,0,2017-2019
744195,999195,0,0,0,2017-2019
744225,999165,0,0,0,2017-2019
744255,999165,-30,0,30,2017-2019
744285,999165,-30,30,42.4264068711929,2017-2019
744315,999135,-30,30,42.4264068711929,2017-2019
744315,999105,-30,0,30,2017-2019
744345,999075,0,0,0,2017-2019
744375,999045,0,0,0,2017-2019
744405,999045,-30,0,30,2017-2019
744435,999015,-30,0,30,2017-2019
744435,998985,0,0,0,2017-2019
744465,998955,0,0,0,2017-2019
744495,998925,0,0,0,2017-2019
744525,998895,0,0,0,2017-2019
744555,998865,0,0,0,2017-2019
744585,998835,0,0,0,2017-2019
744585,998805,0,-30,30,2017-2019
744615,998775,0,-30,30,2017-2019
744645,998745,0,-30,30,2017-2019
744675,998715,0,-30,30,2017-2019
744705,998685,0,-30,30,2017-2019
744735,998655,0,-30,30,2017-2019
744765,998625,0,0,0,2017-2019
744795,998595,0,0,0,2017-2019
744825,998565,0,0,0,2017-2019
744855,998565,-30,0,30,2017-2019
744885,998535,-30,0,30,2017-2019
744885,998505,-30,0,30,2017-2019
744915,998475,-30,0,30,2017-2019
744945,998445,-30,0,30,2017-2019
744975,998415,-30,0,30,2017-2019
745005,998385,-30,0,30,2017-2019
745035,998355,-30,0,30,2017-2019
745035,998325,0,0,0,2017-2019
745065,998295,-30,0,30,2017-2019
745095,998265,-30,0,30,2017-2019
745125,998235,-30,0,30,2017-2019
745155,998205,-30,0,30,2017-2019
745185,998175,-30,0,30,2017-2019
745215,998145,0,0,0,2017-2019
745245,998145,-30,0,30,2017-2019
745275,998115,-30,0,30,2017-2019
745305,998085,0,0,0,2017-2019
745335,998085,-30,0,30,2017-2019
745365,998055,0,0,0,2017-2019
745395,998055,-30,0,30,2017-2019
745425,998025,-30,0,30,2017-2019
745455,997995,0,0,0,2017-2019
745485,997995,-30,0,30,2017-2019
745515,997965,0,0,0,2017-2019
745545,997935,0,0,0,2017-2019
745575,997935,-30,0,30,2017-2019
745605,997905,0,0,0,2017-2019
745635,997905,-30,0,30,2017-2019
745665,997905,0,30,30,2017-2019
745695,997875,0,0,0,2017-2019
745725,997845,0,0,0,2017-2019
745755,997845,-30,0,30,2017-2019
745785,997815,0,0,0,2017-2019
745815,997815,0,0,0,2017-2019
745845,997815,-30,0,30,2017-2019
745875,997785,0,0,0,2017-2019
745905,997785,-30,0,30,2017-2019
745935,997755,0,0,0,2017-2019
745965,997755,0,0,0,2017-2019
745995,997755,0,0,0,2017-2019
746025,997755,-30,0,30,2017-2019
746055,997725,0,0,0,2017-2019
746085,997725,0,0,0,2017-2019
746115,997725,-30,0,30,2017-2019
746145,997725,0,30,30,2017-2019
746175,997695,0,0,0,2017-2019
746205,997695,0,0,0,2017-2019
746235,997695,-30,0,30,2017-2019
746265,997665,0,0,0,2017-2019
746295,997665,0,0,0,2017-2019
746325,997665,-30,0,30,2017-2019
746355,997665,0,30,30,2017-2019
746385,997635,0,0,0,2017-2019
746415,997635,0,0,0,2017-2019
746445,997635,0,0,0,2017-2019
746475,997635,0,0,0,2017-2019
746505,997635,-30,0,30,2017-2019
746535,997605,0,0,0,2017-2019
746565,997605,0,0,0,2017-2019
746595,997605,0,0,0,2017-2019
746625,997605,0,0,0,2017-2019
746655,997605,0,0,0,2017-2019
746685,997605,0,0,0,2017-2019
746715,997605,-30,0,30,2017-2019
746745,997605,0,30,30,2017-2019
746775,997575,0,0,0,2017-2019
746805,997575,0,0,0,2017-2019
746835,997575,0,0,0,2017-2019
746865,997575,0,0,0,2017-2019
746895,997575,-30,0,30,2017-2019
746925,997575,0,30,30,2017-2019
746955,997575,0,30,30,2017-2019
746985,997575,-30,30,42.4264068711929,2017-2019
747015,997545,0,30,30,2017-2019
747045,997545,0,30,30,2017-2019
747075,997545,0,30,30,2017-2019
747105,997545,0,30,30,2017-2019
747135,997545,0,30,30,2017-2019
747165,997545,0,30,30,2017-2019
747195,997545,0,30,30,2017-2019
747225,997545,0,30,30,2017-2019
747255,997545,0,30,30,2017-2019
747285,997545,0,30,30,2017-2019
747315,997545,0,30,30,2017-2019
747345,997545,0,0,0,2017-2019
747375,997545,0,0,0,2017-2019
747405,997545,0,0,0,2017-2019
747435,997545,0,0,0,2017-2019
747465,997545,0,0,0,2017-2019
747495,997545,0,0,0,2017-2019
747525,997545,-30,0,30,2017-2019
747555,997545,0,30,30,2017-2019
747585,997545,0,30,30,2017-2019
747615,997515,0,0,0,2017-2019
747645,997515,0,0,0,2017-2019
747675,997515,0,0,0,2017-2019
747705,997515,0,0,0,2017-2019
747735,997515,0,0,0,2017-2019
747765,997515,0,0,0,2017-2019
747795,997515,0,0,0,2017-2019
747825,997515,0,0,0,2017-2019
747855,997485,0,-30,30,2017-2019
747885,997485,0,-30,30,2017-2019
747915,997485,0,0,0,2017-2019
747945,997455,0,-30,30,2017-2019
747975,997455,0,0,0,2017-2019
748005,997425,0,0,0,2017-2019
748035,997395,0,-30,30,2017-2019
748065,997395,0,-30,30,2017-2019
748095,997395,0,0,0,2017-2019
748125,997395,0,0,0,2017-2019
748155,997395,0,0,0,2017-2019
748185,997395,-30,0,30,2017-2019
748215,997365,0,0,0,2017-2019
748245,997365,0,0,0,2017-2019
748275,997365,0,0,0,2017-2019
748305,997365,0,0,0,2017-2019
748335,997365,0,0,0,2017-2019
748365,997365,0,0,0,2017-2019
748395,997335,0,-30,30,2017-2019
748425,997335,0,-30,30,2017-2019
748455,997335,0,-30,30,2017-2019
748485,997335,0,-30,30,2017-2019
748515,997335,0,-30,30,2017-2019
748545,997335,0,-30,30,2017-2019
748575,997335,0,-30,30,2017-2019
748605,997335,0,0,0,2017-2019
748635,997335,0,0,0,2017-2019
748665,997335,0,0,0,2017-2019
748695,997335,-30,0,30,2017-2019
748725,997365,0,0,0,2017-2019
748755,997365,0,0,0,2017-2019
748785,997365,0,0,0,2017-2019
748815,997395,0,0,0,2017-2019
748845,997395,0,0,0,2017-2019
748875,997395,0,0,0,2017-2019
748905,997395,0,0,0,2017-2019
748935,997395,0,0,0,2017-2019
748965,997425,0,30,30,2017-2019
748995,997425,0,0,0,2017-2019
749025,997425,0,0,0,2017-2019
749055,997425,0,0,0,2017-2019
749085,997425,0,0,0,2017-2019
749115,997425,0,0,0,2017-2019
749145,997425,0,0,0,2017-2019
749175,997425,0,0,0,2017-2019
749205,997425,0,0,0,2017-2019
749235,997425,0,0,0,2017-2019
749265,997425,0,0,0,2017-2019
749295,997395,0,0,0,2017-2019
749325,997395,0,0,0,2017-2019
749355,997395,0,0,0,2017-2019
749385,997395,0,0,0,2017-2019
749415,997395,0,0,0,2017-2019
749445,997395,0,0,0,2017-2019
749475,997395,0,0,0,2017-2019
749505,997395,0,0,0,2017-2019
749535,997365,0,0,0,2017-2019
749565,997365,0,0,0,2017-2019
749595,997365,0,0,0,2017-2019
749625,997365,0,0,0,2017-2019
749655,997335,0,-30,30,2017-2019
749685,997335,0,0,0,2017-2019
749715,997335,0,0,0,2017-2019
749745,997335,0,0,0,2017-2019
749775,997335,-30,0,30,2017-2019
749805,997335,0,30,30,2017-2019
749835,997305,0,0,0,2017-2019
749865,997305,-30,0,30,2017-2019
749895,997305,0,30,30,2017-2019
749925,997275,0,0,0,2017-2019
749955,997275,0,0,0,2017-2019
749985,997275,-30,0,30,2017-2019
750015,997245,0,0,0,2017-2019
750045,997245,0,0,0,2017-2019
750075,997245,0,0,0,2017-2019
750105,997245,-30,0,30,2017-2019
750135,997215,0,0,0,2017-2019
750165,997215,-30,0,30,2017-2019
750195,997215,0,30,30,2017-2019
750225,997185,0,0,0,2017-2019
750255,997185,0,0,0,2017-2019
750285,997185,-30,0,30,2017-2019
750315,997155,-30,0,30,2017-2019
750345,997155,0,30,30,2017-2019
750375,997155,0,30,30,2017-2019
750405,997125,0,0,0,2017-2019
750435,997125,-30,0,30,2017-2019
750465,997095,0,0,0,2017-2019
750495,997095,-30,0,30,2017-2019
750525,997065,0,0,0,2017-2019
750555,997065,-30,0,30,2017-2019
750585,997035,0,0,0,2017-2019
750615,997035,-30,0,30,2017-2019
750645,997005,0,0,0,2017-2019
750675,997005,-30,0,30,2017-2019
750705,996975,0,0,0,2017-2019
750735,996975,-30,0,30,2017-2019
750765,996945,0,0,0,2017-2019
750795,996945,-30,0,30,2017-2019
750825,996915,-30,0,30,2017-2019
750855,996885,0,0,0,2017-2019
750885,996885,-30,0,30,2017-2019
750915,996855,-30,0,30,2017-2019
750945,996855,0,30,30,2017-2019
750975,996825,-30,0,30,2017-2019
751005,996825,-30,30,42.4264068711929,2017-2019
751035,996795,-30,30,42.4264068711929,2017-2019
751065,996795,0,60,60,2017-2019
751095,996765,0,30,30,2017-2019
751125,996765,-30,30,42.4264068711929,2017-2019
751155,996735,-30,30,42.4264068711929,2017-2019
751185,996735,-60,30,67.0820393249937,2017-2019
751215,996705,0,60,60,2017-2019
751245,996705,0,60,60,2017-2019
751275,996675,0,30,30,2017-2019
751305,996645,-30,0,30,2017-2019
751335,996645,0,30,30,2017-2019
751365,996645,-30,30,42.4264068711929,2017-2019
751395,996615,0,30,30,2017-2019
751425,996615,-30,30,42.4264068711929,2017-2019
751455,996585,0,30,30,2017-2019
751485,996585,-30,30,42.4264068711929,2017-2019
751515,996555,0,30,30,2017-2019
751545,996525,-30,0,30,2017-2019
751575,996495,-30,0,30,2017-2019
751605,996465,0,0,0,2017-2019
751635,996465,-30,0,30,2017-2019
751665,996435,0,0,0,2017-2019
751695,996405,0,0,0,2017-2019
751725,996375,0,0,0,2017-2019
751755,996375,0,0,0,2017-2019
751785,996345,0,-30,30,2017-2019
751815,996315,0,-30,30,2017-2019
751845,996315,0,0,0,2017-2019
751875,996285,0,-30,30,2017-2019
751905,996285,0,0,0,2017-2019
751935,996255,0,-30,30,2017-2019
751965,996225,0,-30,30,2017-2019
751995,996225,0,0,0,2017-2019
752025,996195,0,-30,30,2017-2019
752055,996195,0,0,0,2017-2019
752085,996165,0,-30,30,2017-2019
752115,996165,0,0,0,2017-2019
752145,996135,0,0,0,2017-2019
752175,996105,0,-30,30,2017-2019
752205,996105,0,0,0,2017-2019
752235,996075,0,-30,30,2017-2019
752265,996075,0,0,0,2017-2019
752295,996075,-30,0,30,2017-2019
752325,996045,0,0,0,2017-2019
752355,996045,0,0,0,2017-2019
752385,996045,0,0,0,2017-2019
752415,996045,-30,0,30,2017-2019
752445,996045,0,30,30,2017-2019
752475,996045,0,30,30,2017-2019
752505,996015,-30,0,30,2017-2019
752535,996015,0,30,30,2017-2019
752565,996015,0,30,30,2017-2019
752595,995985,-30,0,30,2017-2019
752625,995985,0,30,30,2017-2019
752655,995985,0,30,30,2017-2019
752685,995955,0,0,0,2017-2019
752715,995955,-30,0,30,2017-2019
752745,995955,0,30,30,2017-2019
752775,995925,0,0,0,2017-2019
752805,995925,-30,0,30,2017-2019
752835,995895,0,0,0,2017-2019
752865,995895,-30,0,30,2017-2019
752895,995895,0,30,30,2017-2019
752925,995865,-30,0,30,2017-2019
752955,995865,0,30,30,2017-2019
752985,995835,0,0,0,2017-2019
753015,995835,-30,0,30,2017-2019
753045,995805,0,0,0,2017-2019
753075,995805,-30,0,30,2017-2019
753105,995775,-30,0,30,2017-2019
753135,995745,0,0,0,2017-2019
753165,995745,-30,0,30,2017-2019
753195,995715,0,0,0,2017-2019
753225,995715,0,0,0,2017-2019
753255,995685,0,0,0,2017-2019
753285,995655,0,0,0,2017-2019
753315,995655,0,0,0,2017-2019
753345,995625,0,0,0,2017-2019
753375,995595,0,-30,30,2017-2019
753405,995595,0,0,0,2017-2019
753435,995565,0,0,0,2017-2019
753465,995535,0,-30,30,2017-2019
753495,995535,0,0,0,2017-2019
753525,995505,0,0,0,2017-2019
753555,995505,0,0,0,2017-2019
753585,995475,0,0,0,2017-2019
753615,995445,0,-30,30,2017-2019
753645,995415,0,-30,30,2017-2019
753675,995385,0,-30,30,2017-2019
753705,995385,0,-30,30,2017-2019
753735,995355,0,-30,30,2017-2019
753765,995355,0,0,0,2017-2019
753795,995325,0,-30,30,2017-2019
753825,995295,0,-30,30,2017-2019
753855,995295,0,0,0,2017-2019
753885,995265,0,0,0,2017-2019
753915,995265,0,0,0,2017-2019
753945,995235,0,-30,30,2017-2019
753975,995235,0,0,0,2017-2019
754005,995205,0,0,0,2017-2019
754035,995205,0,0,0,2017-2019
754065,995205,-30,0,30,2017-2019
754095,995175,0,0,0,2017-2019
754125,995145,0,0,0,2017-2019
754155,995145,0,0,0,2017-2019
754185,995145,-30,0,30,2017-2019
754215,995115,0,0,0,2017-2019
754245,995085,0,0,0,2017-2019
754275,995085,-30,0,30,2017-2019
754305,995085,0,30,30,2017-2019
754335,995055,0,0,0,2017-2019
754365,995055,-30,0,30,2017-2019
754395,995055,-30,30,42.4264068711929,2017-2019
754425,995055,0,60,60,2017-2019
754455,995055,0,60,60,2017-2019
754485,995025,0,30,30,2017-2019
754515,995025,0,30,30,2017-2019
754545,995025,-30,30,42.4264068711929,2017-2019
754575,995025,0,60,60,2017-2019
754605,995025,0,60,60,2017-2019
754635,994995,0,30,30,2017-2019
754665,994995,0,30,30,2017-2019
754695,994995,0,30,30,2017-2019
754725,994995,0,30,30,2017-2019
754755,994995,0,30,30,2017-2019
754785,994995,0,30,30,2017-2019
754815,994995,0,30,30,2017-2019
754845,994995,0,30,30,2017-2019
754875,994995,0,30,30,2017-2019
754905,994995,0,30,30,2017-2019
754935,994965,0,0,0,2017-2019
754965,994965,-30,0,30,2017-2019
754995,994965,0,30,30,2017-2019
755025,994965,0,30,30,2017-2019
755055,994965,0,30,30,2017-2019
755085,994965,0,30,30,2017-2019
755115,994965,0,30,30,2017-2019
755145,994965,0,30,30,2017-2019
755175,994965,0,30,30,2017-2019
755205,994965,0,30,30,2017-2019
755235,994965,0,30,30,2017-2019
755265,994965,0,0,0,2017-2019
755295,994965,0,0,0,2017-2019
755325,994965,0,0,0,2017-2019
755355,994995,0,30,30,2017-2019
755385,994995,0,30,30,2017-2019
755415,994995,0,30,30,2017-2019
755445,994995,0,0,0,2017-2019
755475,994995,0,0,0,2017-2019
755505,994995,0,0,0,2017-2019
755535,994995,0,0,0,2017-2019
755565,994995,0,0,0,2017-2019
755595,994995,0,0,0,2017-2019
755625,995025,0,30,30,2017-2019
755655,995025,0,0,0,2017-2019
755685,995025,0,0,0,2017-2019
755715,995025,0,0,0,2017-2019
755745,995025,0,0,0,2017-2019
755775,995055,0,0,0,2017-2019
755805,995055,0,0,0,2017-2019
755835,995055,0,0,0,2017-2019
755865,995055,-30,0,30,2017-2019
755895,995085,0,0,0,2017-2019
755925,995115,0,30,30,2017-2019
755955,995115,0,0,0,2017-2019
755985,995145,0,30,30,2017-2019
756015,995145,0,30,30,2017-2019
756045,995145,0,0,0,2017-2019
756075,995175,0,30,30,2017-2019
756105,995175,0,0,0,2017-2019
756135,995175,0,0,0,2017-2019
756165,995175,0,0,0,2017-2019
756195,995205,0,0,0,2017-2019
756225,995235,0,30,30,2017-2019
756255,995235,0,0,0,2017-2019
756285,995265,0,30,30,2017-2019
756315,995265,0,0,0,2017-2019
756345,995265,0,0,0,2017-2019
756375,995265,0,0,0,2017-2019
756405,995295,0,0,0,2017-2019
756435,995295,0,0,0,2017-2019
756465,995295,0,0,0,2017-2019
756495,995325,0,30,30,2017-2019
756525,995325,0,0,0,2017-2019
756555,995325,0,0,0,2017-2019
756585,995325,0,0,0,2017-2019
756615,995355,0,0,0,2017-2019
756645,995355,0,0,0,2017-2019
756675,995355,-30,0,30,2017-2019
756705,995385,0,0,0,2017-2019
756735,995385,0,0,0,2017-2019
756765,995385,-30,0,30,2017-2019
756795,995385,0,-30,30,2017-2019
756825,995415,-30,0,30,2017-2019
756855,995415,0,-30,30,2017-2019
756885,995415,0,-30,30,2017-2019
756915,995445,-30,0,30,2017-2019
756945,995445,0,-30,30,2017-2019
756975,995475,0,0,0,2017-2019
757005,995475,-30,0,30,2017-2019
757035,995475,0,-30,30,2017-2019
757065,995475,-30,-30,42.4264068711929,2017-2019
757095,995505,0,-30,30,2017-2019
757125,995505,0,-30,30,2017-2019
757155,995535,0,0,0,2017-2019
757185,995535,-30,0,30,2017-2019
757215,995565,-30,0,30,2017-2019
757245,995565,0,-30,30,2017-2019
757275,995595,0,0,0,2017-2019
757305,995595,0,0,0,2017-2019
757335,995625,0,0,0,2017-2019
757365,995625,0,0,0,2017-2019
757395,995625,0,0,0,2017-2019
757425,995625,-30,0,30,2017-2019
757455,995655,0,0,0,2017-2019
757485,995655,0,0,0,2017-2019
757515,995655,0,0,0,2017-2019
757545,995655,0,0,0,2017-2019
757575,995655,-30,0,30,2017-2019
757605,995685,0,0,0,2017-2019
757635,995685,-30,0,30,2017-2019
757665,995685,0,-30,30,2017-2019
757695,995685,0,-30,30,2017-2019
757725,995685,0,-30,30,2017-2019
757755,995685,-30,-30,42.4264068711929,2017-2019
757785,995685,0,-60,60,2017-2019
757815,995685,30,-30,42.4264068711929,2017-2019
757845,995685,0,-30,30,2017-2019
757875,995685,0,-30,30,2017-2019
757905,995685,0,-30,30,2017-2019
757935,995685,-30,-30,42.4264068711929,2017-2019
757965,995685,0,-60,60,2017-2019
757995,995685,0,-60,60,2017-2019
758025,995685,0,-60,60,2017-2019
758055,995685,0,-60,60,2017-2019
758085,995685,0,-60,60,2017-2019
758115,995685,0,-60,60,2017-2019
758145,995685,0,-60,60,2017-2019
758175,995685,0,-60,60,2017-2019
758205,995685,0,-60,60,2017-2019
758235,995685,0,-60,60,2017-2019
758265,995685,0,-60,60,2017-2019
758295,995715,0,-30,30,2017-2019
758325,995715,0,-30,30,2017-2019
758355,995715,0,-30,30,2017-2019
758385,995715,0,-30,30,2017-2019
758415,995715,0,-30,30,2017-2019
758445,995715,0,-30,30,2017-2019
758475,995715,0,-30,30,2017-2019
758505,995715,0,-30,30,2017-2019
758535,995715,0,-30,30,2017-2019
758565,995715,0,-30,30,2017-2019
758595,995715,0,-30,30,2017-2019
758625,995715,0,-30,30,2017-2019
758655,995715,0,-30,30,2017-2019
758685,995715,0,-30,30,2017-2019
758715,995715,0,-30,30,2017-2019
758745,995715,0,-30,30,2017-2019
758775,995715,0,-30,30,2017-2019
758805,995715,0,-30,30,2017-2019
758835,995715,0,-30,30,2017-2019
758865,995715,0,-30,30,2017-2019
758895,995715,0,-30,30,2017-2019
758925,995715,0,-30,30,2017-2019
758955,995715,0,-30,30,2017-2019
758985,995715,0,-30,30,2017-2019
759015,995715,0,0,0,2017-2019
759045,995715,0,0,0,2017-2019
759075,995715,0,0,0,2017-2019
759105,995715,0,0,0,2017-2019
759135,995715,0,0,0,2017-2019
759165,995715,0,0,0,2017-2019
759195,995715,0,0,0,2017-2019
759225,995715,0,0,0,2017-2019
759255,995685,0,0,0,2017-2019
759285,995685,0,0,0,2017-2019
759315,995685,0,0,0,2017-2019
759345,995685,0,0,0,2017-2019
759375,995655,0,-30,30,2017-2019
759405,995655,0,0,0,2017-2019
759435,995625,0,-30,30,2017-2019
759465,995625,0,0,0,2017-2019
759495,995625,0,0,0,2017-2019
759525,995625,-30,0,30,2017-2019
759555,995595,0,0,0,2017-2019
759585,995595,-30,0,30,2017-2019
759615,995565,0,0,0,2017-2019
759645,995565,-30,0,30,2017-2019
759675,995565,0,30,30,2017-2019
759705,995535,-30,0,30,2017-2019
759735,995535,0,30,30,2017-2019
759765,995535,0,30,30,2017-2019
759795,995505,-30,0,30,2017-2019
759825,995505,-30,30,42.4264068711929,2017-2019
759855,995505,0,60,60,2017-2019
759885,995475,0,30,30,2017-2019
759915,995475,-30,30,42.4264068711929,2017-2019
759945,995445,-30,30,42.4264068711929,2017-2019
759975,995415,0,30,30,2017-2019
760005,995415,-30,30,42.4264068711929,2017-2019
760035,995385,0,30,30,2017-2019
760065,995355,-30,0,30,2017-2019
760095,995355,0,30,30,2017-2019
760125,995325,-30,0,30,2017-2019
760155,995325,0,30,30,2017-2019
760185,995295,0,0,0,2017-2019
760215,995265,0,0,0,2017-2019
760245,995235,0,0,0,2017-2019
760275,995235,0,0,0,2017-2019
760305,995205,0,0,0,2017-2019
760335,995205,0,0,0,2017-2019
760365,995175,0,0,0,2017-2019
760395,995145,0,0,0,2017-2019
760425,995145,0,0,0,2017-2019
760455,995115,0,0,0,2017-2019
760485,995115,0,0,0,2017-2019
760515,995085,0,0,0,2017-2019
760545,995055,0,0,0,2017-2019
760575,995055,-30,0,30,2017-2019
760605,995025,0,0,0,2017-2019
760635,994995,0,0,0,2017-2019
760665,994965,0,0,0,2017-2019
760695,994935,0,-30,30,2017-2019
760725,994905,0,-30,30,2017-2019
760755,994905,0,0,0,2017-2019
760785,994875,0,-30,30,2017-2019
760815,994845,30,-30,42.4264068711929,2017-2019
760845,994815,0,-60,60,2017-2019
760875,994815,0,-60,60,2017-2019
760905,994785,30,-60,67.0820393249937,2017-2019
760935,994755,0,-90,90,2017-2019
760965,994725,0,-120,120,2017-2019
760995,994695,90,-90,127.279220613579,2017-2019
761025,994695,60,-90,108.16653826392,2017-2019
761055,994695,60,-60,84.8528137423857,2017-2019
761085,994665,60,-60,84.8528137423857,2017-2019
761115,994665,30,-60,67.0820393249937,2017-2019
761145,994665,30,-30,42.4264068711929,2017-2019
761175,994635,30,-30,42.4264068711929,2017-2019
761205,994635,0,-30,30,2017-2019
761235,994605,0,-30,30,2017-2019
761265,994575,30,-30,42.4264068711929,2017-2019
761295,994545,30,-30,42.4264068711929,2017-2019
761325,994545,0,-30,30,2017-2019
761355,994515,0,-30,30,2017-2019
761385,994485,30,-30,42.4264068711929,2017-2019
761415,994485,0,-30,30,2017-2019
761445,994455,0,-30,30,2017-2019
761475,994455,0,0,0,2017-2019
761505,994425,0,0,0,2017-2019
761535,994395,0,-30,30,2017-2019
761565,994395,0,0,0,2017-2019
761595,994395,-30,0,30,2017-2019
761625,994365,0,0,0,2017-2019
761655,994335,0,0,0,2017-2019
761685,994305,0,0,0,2017-2019
761715,994275,0,0,0,2017-2019
761745,994275,0,0,0,2017-2019
761775,994245,0,0,0,2017-2019
761805,994215,0,0,0,2017-2019
761835,994185,0,0,0,2017-2019
761865,994155,0,0,0,2017-2019
761895,994125,0,-30,30,2017-2019
761925,994095,0,-30,30,2017-2019
761955,994065,0,-30,30,2017-2019
761985,994065,0,0,0,2017-2019
762015,994035,0,0,0,2017-2019
762045,994005,0,0,0,2017-2019
762075,993975,0,-30,30,2017-2019
762105,993945,0,-30,30,2017-2019
762135,993915,0,-30,30,2017-2019
762165,993915,0,0,0,2017-2019
762195,993885,0,0,0,2017-2019
762225,993885,0,0,0,2017-2019
762255,993855,0,0,0,2017-2019
762285,993825,0,0,0,2017-2019
762315,993825,0,0,0,2017-2019
762345,993795,0,0,0,2017-2019
762375,993795,0,0,0,2017-2019
762405,993765,0,0,0,2017-2019
762435,993735,0,0,0,2017-2019
762465,993735,0,0,0,2017-2019
762495,993705,0,0,0,2017-2019
762525,993705,0,0,0,2017-2019
762555,993675,0,0,0,2017-2019
762585,993675,0,0,0,2017-2019
762615,993675,0,0,0,2017-2019
762645,993645,0,0,0,2017-2019
762675,993645,0,0,0,2017-2019
762705,993645,0,0,0,2017-2019
762735,993645,0,0,0,2017-2019
762765,993645,0,0,0,2017-2019
762795,993615,0,-30,30,2017-2019
762825,993615,0,0,0,2017-2019
762855,993615,0,0,0,2017-2019
762885,993615,0,0,0,2017-2019
762915,993615,0,0,0,2017-2019
762945,993615,0,0,0,2017-2019
762975,993615,0,0,0,2017-2019
763005,993615,-30,0,30,2017-2019
763035,993585,0,0,0,2017-2019
763065,993585,0,0,0,2017-2019
763095,993585,0,0,0,2017-2019
763125,993585,0,0,0,2017-2019
763155,993585,0,0,0,2017-2019
763185,993585,0,0,0,2017-2019
763215,993585,-30,0,30,2017-2019
763245,993585,0,30,30,2017-2019
763275,993555,0,0,0,2017-2019
763305,993555,0,0,0,2017-2019
763335,993555,0,0,0,2017-2019
763365,993555,0,0,0,2017-2019
763395,993555,-30,0,30,2017-2019
763425,993555,0,30,30,2017-2019
763455,993555,0,30,30,2017-2019
763485,993525,0,0,0,2017-2019
763515,993525,0,0,0,2017-2019
763545,993525,0,0,0,2017-2019
763575,993525,0,0,0,2017-2019
763605,993525,0,0,0,2017-2019
763635,993495,0,-30,30,2017-2019
763665,993495,0,0,0,2017-2019
763695,993495,0,0,0,2017-2019
763725,993495,0,0,0,2017-2019
763755,993495,0,0,0,2017-2019
763785,993495,0,0,0,2017-2019
763815,993495,0,0,0,2017-2019
763845,993495,0,0,0,2017-2019
763875,993495,0,0,0,2017-2019
763905,993495,0,0,0,2017-2019
763935,993495,0,0,0,2017-2019
763965,993495,0,0,0,2017-2019
763995,993495,0,0,0,2017-2019
764025,993495,0,0,0,2017-2019
764055,993495,0,0,0,2017-2019
764085,993495,0,0,0,2017-2019
764115,993495,0,0,0,2017-2019
764145,993495,0,0,0,2017-2019
764175,993495,-30,0,30,2017-2019
764205,993465,0,0,0,2017-2019
764235,993465,0,0,0,2017-2019
764265,993435,0,0,0,2017-2019
764295,993435,0,0,0,2017-2019
764325,993435,0,0,0,2017-2019
764355,993405,0,0,0,2017-2019
764385,993405,0,0,0,2017-2019
764415,993405,0,0,0,2017-2019
764445,993405,0,0,0,2017-2019
764475,993405,0,0,0,2017-2019
764505,993405,0,0,0,2017-2019
764535,993405,0,0,0,2017-2019
764565,993405,0,0,0,2017-2019
764595,993405,0,0,0,2017-2019
764625,993405,0,0,0,2017-2019
764655,993405,0,0,0,2017-2019
764685,993405,0,0,0,2017-2019
764715,993405,0,0,0,2017-2019
764745,993435,0,30,30,2017-2019
764775,993435,0,30,30,2017-2019
764805,993435,0,30,30,2017-2019
764835,993435,0,0,0,2017-2019
764865,993435,0,0,0,2017-2019
764895,993435,0,0,0,2017-2019
764925,993435,0,0,0,2017-2019
764955,993435,0,0,0,2017-2019
764985,993435,0,0,0,2017-2019
765015,993435,0,0,0,2017-2019
765045,993435,0,0,0,2017-2019
765075,993435,0,0,0,2017-2019
765105,993435,0,0,0,2017-2019
765135,993435,0,0,0,2017-2019
765165,993435,0,0,0,2017-2019
765195,993465,0,30,30,2017-2019
765225,993465,0,30,30,2017-2019
765255,993465,0,30,30,2017-2019
765285,993465,0,30,30,2017-2019
765315,993465,0,30,30,2017-2019
765345,993465,0,30,30,2017-2019
765375,993465,0,30,30,2017-2019
765405,993465,0,30,30,2017-2019
765435,993465,0,30,30,2017-2019
765465,993465,0,30,30,2017-2019
765495,993465,0,30,30,2017-2019
765525,993465,0,30,30,2017-2019
765555,993495,0,60,60,2017-2019
765585,993495,0,60,60,2017-2019
765615,993495,0,60,60,2017-2019
765645,993525,0,90,90,2017-2019
765675,993525,0,90,90,2017-2019
765705,993555,0,120,120,2017-2019
765735,993555,0,120,120,2017-2019
765765,993585,0,150,150,2017-2019
765795,993585,0,150,150,2017-2019
765825,993585,0,150,150,2017-2019
765855,993585,0,150,150,2017-2019
765885,993585,0,150,150,2017-2019
765915,993585,0,150,150,2017-2019
765945,993585,0,150,150,2017-2019
765975,993585,0,150,150,2017-2019
766005,993585,0,150,150,2017-2019
766035,993585,0,150,150,2017-2019
766065,993585,0,150,150,2017-2019
766095,993585,0,150,150,2017-2019
766125,993585,0,150,150,2017-2019
766155,993585,0,150,150,2017-2019
766185,993585,-30,150,152.970585407784,2017-2019
766215,993585,-60,150,161.554944214035,2017-2019
766245,993585,-90,150,174.928556845359,2017-2019
766275,993585,0,180,180,2017-2019
766305,993585,0,180,180,2017-2019
766335,993585,0,180,180,2017-2019
766365,993585,-30,180,182.482875908947,2017-2019
766395,993585,-60,180,189.736659610103,2017-2019
766425,993585,-90,180,201.246117974981,2017-2019
766455,993585,0,210,210,2017-2019
766485,993615,0,240,240,2017-2019
766515,993615,0,240,240,2017-2019
766545,993615,0,240,240,2017-2019
766575,993615,0,240,240,2017-2019
766605,993615,-30,240,241.867732448957,2017-2019
766635,993615,-60,240,247.38633753706,2017-2019
766665,993615,60,240,247.38633753706,2017-2019
766695,993615,30,240,241.867732448957,2017-2019
766725,993615,0,240,240,2017-2019
766755,993615,0,240,240,2017-2019
766785,993585,0,210,210,2017-2019
766815,993585,0,210,210,2017-2019
766845,993555,0,180,180,2017-2019
766875,993555,0,180,180,2017-2019
766905,993525,0,150,150,2017-2019
766935,993525,0,150,150,2017-2019
766965,993525,0,150,150,2017-2019
766995,993495,0,120,120,2017-2019
767025,993495,0,120,120,2017-2019
767055,993495,0,120,120,2017-2019
767085,993495,0,120,120,2017-2019
767115,993525,0,150,150,2017-2019
767145,993525,-30,150,152.970585407784,2017-2019
767175,993525,-60,150,161.554944214035,2017-2019
767205,993555,-90,180,201.246117974981,2017-2019
767235,993555,0,210,210,2017-2019
767265,993555,0,210,210,2017-2019
767295,993585,0,240,240,2017-2019
767325,993585,0,240,240,2017-2019
767355,993585,0,240,240,2017-2019
767385,993585,0,240,240,2017-2019
767415,993585,0,240,240,2017-2019
767445,993585,0,240,240,2017-2019
767475,993585,0,240,240,2017-2019
767505,993585,-30,240,241.867732448957,2017-2019
767535,993585,-60,240,247.38633753706,2017-2019
767565,993555,-90,210,228.473193175917,2017-2019
767595,993555,0,240,240,2017-2019
767625,993525,0,210,210,2017-2019
767655,993525,0,210,210,2017-2019
767685,993525,0,210,210,2017-2019
767715,993495,0,180,180,2017-2019
767745,993495,0,180,180,2017-2019
767775,993465,0,150,150,2017-2019
767805,993465,0,150,150,2017-2019
767835,993435,0,120,120,2017-2019
767865,993435,0,120,120,2017-2019
767895,993405,0,90,90,2017-2019
767925,993405,60,60,84.8528137423857,2017-2019
767955,993375,30,30,42.4264068711929,2017-2019
767985,993375,0,30,30,2017-2019
768015,993375,0,30,30,2017-2019
768045,993345,0,0,0,2017-2019
768075,993345,0,0,0,2017-2019
768105,993315,0,-30,30,2017-2019
768135,993315,0,0,0,2017-2019
768165,993315,0,0,0,2017-2019
768195,993315,0,0,0,2017-2019
768225,993315,0,0,0,2017-2019
768255,993315,0,0,0,2017-2019
768285,993285,0,-30,30,2017-2019
768315,993285,0,-30,30,2017-2019
768345,993285,0,0,0,2017-2019
768375,993285,0,0,0,2017-2019
768405,993255,0,-30,30,2017-2019
768435,993255,0,-30,30,2017-2019
768465,993255,0,-30,30,2017-2019
768495,993255,0,-30,30,2017-2019
768525,993225,0,-30,30,2017-2019
768555,993225,0,-30,30,2017-2019
768585,993225,0,-30,30,2017-2019
768615,993225,0,-30,30,2017-2019
768645,993195,0,-30,30,2017-2019
768675,993195,0,-30,30,2017-2019
768705,993195,0,-30,30,2017-2019
768735,993165,0,-30,30,2017-2019
768765,993165,0,-30,30,2017-2019
768795,993165,0,0,0,2017-2019
768825,993135,0,0,0,2017-2019
768855,993135,0,0,0,2017-2019
768885,993135,0,0,0,2017-2019
768915,993105,0,0,0,2017-2019
768945,993105,0,0,0,2017-2019
768975,993075,0,0,0,2017-2019
769005,993075,-30,0,30,2017-2019
769035,993075,0,30,30,2017-2019
769065,993045,0,0,0,2017-2019
769095,993015,0,-30,30,2017-2019
769125,993015,0,0,0,2017-2019
769155,992985,0,-30,30,2017-2019
769185,992955,30,-30,42.4264068711929,2017-2019
769215,992955,0,-30,30,2017-2019
769245,992925,30,-30,42.4264068711929,2017-2019
769275,992925,0,-30,30,2017-2019
769305,992925,0,-30,30,2017-2019
769335,992895,30,0,30,2017-2019
769335,992865,30,-30,42.4264068711929,2017-2019
769365,992835,30,-30,42.4264068711929,2017-2019
769395,992805,30,0,30,2017-2019
769425,992775,0,-30,30,2017-2019
769455,992745,0,-30,30,2017-2019
769485,992715,0,-30,30,2017-2019
769515,992685,0,-30,30,2017-2019
769545,992655,0,-30,30,2017-2019
769575,992625,0,-30,30,2017-2019
769605,992595,0,-30,30,2017-2019
769635,992565,0,-30,30,2017-2019
769665,992535,0,-30,30,2017-2019
769665,992505,30,-30,42.4264068711929,2017-2019
769695,992475,30,-30,42.4264068711929,2017-2019
769725,992445,30,0,30,2017-2019
769755,992415,0,-30,30,2017-2019
769785,992385,0,-30,30,2017-2019
769785,992355,30,-30,42.4264068711929,2017-2019
769815,992325,30,0,30,2017-2019
769845,992295,0,-30,30,2017-2019
769875,992265,0,-30,30,2017-2019
769875,992235,30,-30,42.4264068711929,2017-2019
769905,992205,30,-30,42.4264068711929,2017-2019
769935,992175,30,0,30,2017-2019
769965,992145,0,-30,30,2017-2019
769965,992115,30,-30,42.4264068711929,2017-2019
769995,992085,30,-30,42.4264068711929,2017-2019
770025,992055,30,0,30,2017-2019
770055,992025,0,-30,30,2017-2019
770085,991995,0,-30,30,2017-2019
770115,991965,0,-30,30,2017-2019
770145,991935,0,0,0,2017-2019
770175,991905,0,0,0,2017-2019
770205,991875,0,0,0,2017-2019
770235,991845,0,0,0,2017-2019
770265,991815,0,0,0,2017-2019
770295,991785,0,0,0,2017-2019
770295,991755,0,-30,30,2017-2019
770325,991725,0,-30,30,2017-2019
770355,991695,0,-30,30,2017-2019
770385,991665,0,-30,30,2017-2019
770415,991635,0,0,0,2017-2019
770445,991605,0,0,0,2017-2019
770475,991575,0,0,0,2017-2019
770505,991545,0,0,0,2017-2019
770535,991515,0,0,0,2017-2019
770565,991485,0,0,0,2017-2019
770595,991455,0,0,0,2017-2019
770625,991425,0,0,0,2017-2019
770655,991395,-30,0,30,2017-2019
770685,991365,-30,0,30,2017-2019
770685,991335,0,0,0,2017-2019
770715,991305,0,0,0,2017-2019
770745,991275,-30,0,30,2017-2019
770745,991245,0,0,0,2017-2019
770775,991215,0,0,0,2017-2019
770805,991185,-30,0,30,2017-2019
770805,991155,0,0,0,2017-2019
770835,991125,0,0,0,2017-2019
770865,991095,0,0,0,2017-2019
770895,991065,0,0,0,2017-2019
770895,991035,0,-30,30,2017-2019
770925,991005,0,0,0,2017-2019
770925,990975,0,-30,30,2017-2019
770955,990945,0,-30,30,2017-2019
770985,990915,0,0,0,2017-2019
770985,990885,0,-30,30,2017-2019
771015,990855,0,-30,30,2017-2019
771045,990825,0,-30,30,2017-2019
771075,990825,0,0,0,2017-2019
771105,990795,0,0,0,2017-2019
771135,990765,0,0,0,2017-2019
771165,990735,0,0,0,2017-2019
771195,990705,0,0,0,2017-2019
771225,990675,0,0,0,2017-2019
771255,990645,0,0,0,2017-2019
771285,990615,0,0,0,2017-2019
771315,990585,0,0,0,2017-2019
771345,990585,-30,0,30,2017-2019
771375,990555,0,30,30,2017-2019
771405,990525,0,0,0,2017-2019
771435,990495,0,0,0,2017-2019
771465,990465,0,0,0,2017-2019
771495,990435,0,0,0,2017-2019
771525,990405,0,0,0,2017-2019
771555,990375,0,-30,30,2017-2019
771585,990345,0,-30,30,2017-2019
771615,990315,30,-30,42.4264068711929,2017-2019
771645,990285,30,-30,42.4264068711929,2017-2019
771675,990255,0,-60,60,2017-2019
771705,990225,30,-60,67.0820393249937,2017-2019
771735,990225,0,-60,60,2017-2019
771765,990195,30,-60,67.0820393249937,2017-2019
771795,990165,60,-60,84.8528137423857,2017-2019
771825,990165,30,-60,67.0820393249937,2017-2019
771855,990135,0,-90,90,2017-2019
771885,990135,60,-60,84.8528137423857,2017-2019
771915,990135,30,-60,67.0820393249937,2017-2019
771945,990105,60,-60,84.8528137423857,2017-2019
771975,990075,30,-90,94.8683298050514,2017-2019
772005,990075,60,-60,84.8528137423857,2017-2019
772035,990045,60,-60,84.8528137423857,2017-2019
772065,990045,30,-60,67.0820393249937,2017-2019
772095,990015,60,-60,84.8528137423857,2017-2019
772125,990015,30,-60,67.0820393249937,2017-2019
772155,989985,30,-60,67.0820393249937,2017-2019
772185,989985,30,-30,42.4264068711929,2017-2019
772215,989955,30,-30,42.4264068711929,2017-2019
772245,989955,0,-30,30,2017-2019
772275,989955,0,-30,30,2017-2019
772305,989925,30,-30,42.4264068711929,2017-2019
772335,989925,0,-30,30,2017-2019
772365,989925,0,-30,30,2017-2019
772395,989895,0,-30,30,2017-2019
772425,989865,30,-30,42.4264068711929,2017-2019
772455,989865,0,-30,30,2017-2019
772485,989865,0,-30,30,2017-2019
772515,989835,0,-30,30,2017-2019
772545,989805,0,-30,30,2017-2019
772575,989805,0,-30,30,2017-2019
772605,989775,0,-30,30,2017-2019
772635,989775,0,-30,30,2017-2019
730725,1010895,0,0,0,2019-2021
730755,1010865,0,0,0,2019-2021
730755,1010835,0,-30,30,2019-2021
730785,1010805,0,-30,30,2019-2021
730815,1010805,0,0,0,2019-2021
730845,1010775,0,-30,30,2019-2021
730875,1010775,0,0,0,2019-2021
730905,1010775,0,0,0,2019-2021
730935,1010775,-30,0,30,2019-2021
730965,1010745,0,0,0,2019-2021
730995,1010745,-30,0,30,2019-2021
731025,1010715,0,0,0,2019-2021
731055,1010685,0,0,0,2019-2021
731085,1010685,-30,0,30,2019-2021
731115,1010655,-30,0,30,2019-2021
731145,1010655,0,30,30,2019-2021
731175,1010625,0,0,0,2019-2021
731205,1010625,-30,0,30,2019-2021
731235,1010595,-30,0,30,2019-2021
731265,1010595,0,30,30,2019-2021
731295,1010595,0,30,30,2019-2021
731325,1010565,0,0,0,2019-2021
731355,1010535,0,0,0,2019-2021
731385,1010535,0,0,0,2019-2021
731415,1010505,0,0,0,2019-2021
731445,1010505,0,0,0,2019-2021
731475,1010475,0,-30,30,2019-2021
731505,1010475,0,-30,30,2019-2021
731535,1010475,0,-30,30,2019-2021
731565,1010475,0,0,0,2019-2021
731595,1010445,0,-30,30,2019-2021
731625,1010445,0,0,0,2019-2021
731655,1010415,0,-30,30,2019-2021
731685,1010415,0,-30,30,2019-2021
731715,1010385,0,-30,30,2019-2021
731745,1010385,0,-30,30,2019-2021
731775,1010385,0,-30,30,2019-2021
731805,1010385,0,-30,30,2019-2021
731835,1010355,0,-30,30,2019-2021
731865,1010355,0,-30,30,2019-2021
731895,1010355,0,-30,30,2019-2021
731925,1010325,0,-30,30,2019-2021
731955,1010325,0,-30,30,2019-2021
731985,1010325,0,-30,30,2019-2021
732015,1010325,0,-30,30,2019-2021
732045,1010325,0,0,0,2019-2021
732075,1010325,0,0,0,2019-2021
732105,1010325,0,0,0,2019-2021
732135,1010295,0,-30,30,2019-2021
732165,1010295,0,-30,30,2019-2021
732195,1010295,0,-30,30,2019-2021
732225,1010295,0,-30,30,2019-2021
732255,1010295,0,0,0,2019-2021
732285,1010295,0,0,0,2019-2021
732315,1010295,0,0,0,2019-2021
732345,1010265,0,-30,30,2019-2021
732375,1010265,0,-30,30,2019-2021
732405,1010265,0,-30,30,2019-2021
732435,1010265,0,-30,30,2019-2021
732465,1010265,0,-30,30,2019-2021
732495,1010265,0,0,0,2019-2021
732525,1010265,0,0,0,2019-2021
732555,1010265,0,0,0,2019-2021
732585,1010265,0,0,0,2019-2021
732615,1010235,0,-30,30,2019-2021
732645,1010235,0,0,0,2019-2021
732675,1010235,0,0,0,2019-2021
732705,1010235,0,0,0,2019-2021
732735,1010235,0,0,0,2019-2021
732765,1010235,0,0,0,2019-2021
732795,1010205,0,0,0,2019-2021
732825,1010205,0,0,0,2019-2021
732855,1010205,0,0,0,2019-2021
732885,1010205,0,0,0,2019-2021
732915,1010175,0,-30,30,2019-2021
732945,1010175,0,-30,30,2019-2021
732975,1010175,0,0,0,2019-2021
733005,1010175,0,0,0,2019-2021
733035,1010175,0,0,0,2019-2021
733065,1010175,-30,0,30,2019-2021
733095,1010145,0,0,0,2019-2021
733125,1010145,0,0,0,2019-2021
733155,1010115,0,-30,30,2019-2021
733185,1010115,0,0,0,2019-2021
733215,1010115,0,0,0,2019-2021
733245,1010085,0,-30,30,2019-2021
733275,1010085,0,-30,30,2019-2021
733305,1010085,0,0,0,2019-2021
733335,1010085,0,0,0,2019-2021
733365,1010085,-30,0,30,2019-2021
733395,1010055,0,0,0,2019-2021
733425,1010055,0,0,0,2019-2021
733455,1010025,0,-30,30,2019-2021
733485,1010025,0,0,0,2019-2021
733515,1010025,0,0,0,2019-2021
733545,1010025,0,0,0,2019-2021
733575,1010025,0,0,0,2019-2021
733605,1010025,-30,0,30,2019-2021
733635,1009995,0,0,0,2019-2021
733665,1009995,0,0,0,2019-2021
733695,1009965,0,0,0,2019-2021
733725,1009965,0,0,0,2019-2021
733755,1009965,0,0,0,2019-2021
733785,1009965,0,0,0,2019-2021
733815,1009935,0,0,0,2019-2021
733845,1009935,0,0,0,2019-2021
733875,1009905,0,-30,30,2019-2021
733905,1009905,0,0,0,2019-2021
733935,1009875,0,-30,30,2019-2021
733965,1009875,0,0,0,2019-2021
733995,1009845,0,-30,30,2019-2021
734025,1009845,0,-30,30,2019-2021
734055,1009845,0,0,0,2019-2021
734085,1009815,0,0,0,2019-2021
734115,1009815,0,0,0,2019-2021
734145,1009785,0,-30,30,2019-2021
734175,1009785,0,-30,30,2019-2021
734205,1009785,0,0,0,2019-2021
734235,1009755,0,-30,30,2019-2021
734265,1009755,0,0,0,2019-2021
734295,1009725,0,-30,30,2019-2021
734325,1009725,0,-30,30,2019-2021
734355,1009725,0,0,0,2019-2021
734385,1009695,0,-30,30,2019-2021
734415,1009695,0,-30,30,2019-2021
734445,1009665,0,-30,30,2019-2021
734475,1009665,0,-30,30,2019-2021
734505,1009665,0,0,0,2019-2021
734535,1009665,0,0,0,2019-2021
734565,1009635,0,-30,30,2019-2021
734595,1009635,0,-30,30,2019-2021
734625,1009635,0,0,0,2019-2021
734655,1009605,0,-30,30,2019-2021
734685,1009605,0,-30,30,2019-2021
734715,1009605,0,0,0,2019-2021
734745,1009575,0,-30,30,2019-2021
734775,1009575,0,-30,30,2019-2021
734805,1009575,0,0,0,2019-2021
734835,1009575,0,0,0,2019-2021
734865,1009545,0,-30,30,2019-2021
734895,1009545,0,-30,30,2019-2021
734925,1009545,0,0,0,2019-2021
734955,1009545,0,0,0,2019-2021
734985,1009515,0,-30,30,2019-2021
735015,1009515,0,0,0,2019-2021
735045,1009485,0,-30,30,2019-2021
735075,1009485,0,-30,30,2019-2021
735105,1009455,0,-30,30,2019-2021
735135,1009455,0,-30,30,2019-2021
735165,1009455,0,0,0,2019-2021
735195,1009425,0,-30,30,2019-2021
735225,1009425,0,0,0,2019-2021
735255,1009425,0,0,0,2019-2021
735285,1009425,-30,0,30,2019-2021
735315,1009425,0,30,30,2019-2021
735345,1009425,0,30,30,2019-2021
735375,1009395,-30,0,30,2019-2021
735405,1009395,0,30,30,2019-2021
735435,1009395,-30,30,42.4264068711929,2019-2021
735465,1009395,0,60,60,2019-2021
735495,1009365,-30,30,42.4264068711929,2019-2021
735525,1009335,-30,30,42.4264068711929,2019-2021
735555,1009305,-30,30,42.4264068711929,2019-2021
735585,1009275,0,30,30,2019-2021
735615,1009245,-30,0,30,2019-2021
735645,1009215,-30,0,30,2019-2021
735675,1009185,-30,0,30,2019-2021
735705,1009155,0,0,0,2019-2021
735735,1009155,-30,0,30,2019-2021
735765,1009125,-30,0,30,2019-2021
735795,1009095,0,0,0,2019-2021
735825,1009065,0,0,0,2019-2021
735855,1009035,0,0,0,2019-2021
735885,1009005,0,-30,30,2019-2021
735915,1009005,0,0,0,2019-2021
735945,1008975,0,0,0,2019-2021
735975,1008945,0,0,0,2019-2021
736005,1008915,0,-30,30,2019-2021
736035,1008885,0,-30,30,2019-2021
736065,1008885,0,0,0,2019-2021
736095,1008855,0,-30,30,2019-2021
736125,1008825,0,-30,30,2019-2021
736155,1008795,0,-30,30,2019-2021
736185,1008795,0,0,0,2019-2021
736215,1008765,0,-30,30,2019-2021
736245,1008735,0,-30,30,2019-2021
736275,1008735,0,0,0,2019-2021
736305,1008705,0,0,0,2019-2021
736335,1008675,0,0,0,2019-2021
736365,1008675,-30,0,30,2019-2021
736395,1008645,-30,0,30,2019-2021
736425,1008615,0,0,0,2019-2021
736455,1008615,-30,0,30,2019-2021
736485,1008585,-30,0,30,2019-2021
736515,1008555,0,0,0,2019-2021
736545,1008525,0,0,0,2019-2021
736575,1008495,0,0,0,2019-2021
736605,1008465,0,0,0,2019-2021
736635,1008435,0,0,0,2019-2021
736665,1008405,0,0,0,2019-2021
736665,1008375,0,-30,30,2019-2021
736695,1008345,0,0,0,2019-2021
736725,1008315,0,0,0,2019-2021
736755,1008285,0,0,0,2019-2021
736785,1008255,-30,0,30,2019-2021
736815,1008225,-30,0,30,2019-2021
736815,1008195,0,0,0,2019-2021
736845,1008165,0,0,0,2019-2021
736875,1008135,0,0,0,2019-2021
736905,1008105,0,0,0,2019-2021
736935,1008075,-30,0,30,2019-2021
736935,1008045,0,0,0,2019-2021
736965,1008015,0,0,0,2019-2021
736995,1007985,0,0,0,2019-2021
737025,1007955,0,0,0,2019-2021
737025,1007925,0,-30,30,2019-2021
737055,1007895,0,-30,30,2019-2021
737085,1007865,0,0,0,2019-2021
737115,1007835,0,0,0,2019-2021
737145,1007805,0,0,0,2019-2021
737175,1007775,0,0,0,2019-2021
737205,1007745,0,0,0,2019-2021
737235,1007715,0,0,0,2019-2021
737235,1007685,0,-30,30,2019-2021
737265,1007655,0,-30,30,2019-2021
737295,1007625,0,-30,30,2019-2021
737325,1007595,0,0,0,2019-2021
737355,1007565,0,0,0,2019-2021
737385,1007535,0,0,0,2019-2021
737385,1007505,0,0,0,2019-2021
737415,1007475,0,0,0,2019-2021
737445,1007445,0,0,0,2019-2021
737475,1007415,0,0,0,2019-2021
737475,1007385,0,-30,30,2019-2021
737505,1007355,0,0,0,2019-2021
737535,1007325,0,0,0,2019-2021
737535,1007295,0,-30,30,2019-2021
737565,1007265,0,-30,30,2019-2021
737595,1007235,0,0,0,2019-2021
737595,1007205,0,-30,30,2019-2021
737625,1007175,0,-30,30,2019-2021
737655,1007145,0,-30,30,2019-2021
737685,1007115,0,-30,30,2019-2021
737685,1007085,30,0,30,2019-2021
737715,1007055,0,-30,30,2019-2021
737745,1007025,0,-30,30,2019-2021
737775,1006995,0,-30,30,2019-2021
737775,1006965,30,0,30,2019-2021
737805,1006935,0,-30,30,2019-2021
737835,1006905,0,-30,30,2019-2021
737835,1006875,30,-30,42.4264068711929,2019-2021
737865,1006845,30,-30,42.4264068711929,2019-2021
737895,1006815,0,-60,60,2019-2021
737925,1006785,30,-30,42.4264068711929,2019-2021
737955,1006755,30,0,30,2019-2021
737955,1006725,30,-30,42.4264068711929,2019-2021
737955,1006695,30,-60,67.0820393249937,2019-2021
737985,1006665,30,-60,67.0820393249937,2019-2021
738015,1006635,60,0,60,2019-2021
738045,1006605,30,0,30,2019-2021
738045,1006575,30,-30,42.4264068711929,2019-2021
738045,1006545,60,0,60,2019-2021
738075,1006515,30,-30,42.4264068711929,2019-2021
738075,1006485,60,0,60,2019-2021
738105,1006455,30,0,30,2019-2021
738105,1006425,30,0,30,2019-2021
738105,1006395,30,-30,42.4264068711929,2019-2021
738135,1006365,30,0,30,2019-2021
738135,1006335,30,-30,42.4264068711929,2019-2021
738165,1006305,30,0,30,2019-2021
738165,1006275,30,0,30,2019-2021
738165,1006245,30,-30,42.4264068711929,2019-2021
738195,1006215,30,0,30,2019-2021
738195,1006185,30,-30,42.4264068711929,2019-2021
738225,1006155,30,0,30,2019-2021
738255,1006125,0,0,0,2019-2021
738255,1006095,0,0,0,2019-2021
738255,1006065,0,-30,30,2019-2021
738285,1006035,0,-30,30,2019-2021
738315,1006005,0,0,0,2019-2021
738345,1005975,0,0,0,2019-2021
738345,1005945,0,0,0,2019-2021
738375,1005915,0,0,0,2019-2021
738405,1005885,-30,0,30,2019-2021
738435,1005855,-30,0,30,2019-2021
738435,1005825,-30,0,30,2019-2021
738435,1005795,0,0,0,2019-2021
738465,1005765,-30,0,30,2019-2021
738465,1005735,0,0,0,2019-2021
738465,1005705,0,0,0,2019-2021
738495,1005675,0,0,0,2019-2021
738495,1005645,0,0,0,2019-2021
738525,1005615,0,0,0,2019-2021
738525,1005585,0,0,0,2019-2021
738555,1005555,0,0,0,2019-2021
738585,1005525,-30,0,30,2019-2021
738585,1005495,0,0,0,2019-2021
738585,1005465,0,-30,30,2019-2021
738615,1005435,0,0,0,2019-2021
738615,1005405,0,-30,30,2019-2021
738645,1005375,0,0,0,2019-2021
738645,1005345,0,-30,30,2019-2021
738675,1005315,0,-30,30,2019-2021
738705,1005285,0,0,0,2019-2021
738735,1005255,0,0,0,2019-2021
738735,1005225,0,0,0,2019-2021
738765,1005195,0,0,0,2019-2021
738765,1005165,0,0,0,2019-2021
738795,1005135,0,0,0,2019-2021
738825,1005105,-30,0,30,2019-2021
738855,1005075,-30,0,30,2019-2021
738855,1005045,0,0,0,2019-2021
738855,1005015,0,0,0,2019-2021
738885,1004985,0,0,0,2019-2021
738915,1004955,-30,0,30,2019-2021
738915,1004925,0,0,0,2019-2021
738915,1004895,0,0,0,2019-2021
738945,1004865,0,0,0,2019-2021
738945,1004835,0,0,0,2019-2021
738945,1004805,0,-30,30,2019-2021
738975,1004775,0,-30,30,2019-2021
738975,1004745,30,-30,42.4264068711929,2019-2021
739005,1004715,30,0,30,2019-2021
739005,1004685,30,-30,42.4264068711929,2019-2021
739035,1004655,30,-30,42.4264068711929,2019-2021
739035,1004625,60,0,60,2019-2021
739065,1004595,30,-30,42.4264068711929,2019-2021
739095,1004565,30,0,30,2019-2021
739095,1004535,30,-30,42.4264068711929,2019-2021
739125,1004505,30,-30,42.4264068711929,2019-2021
739155,1004475,30,0,30,2019-2021
739185,1004445,0,-30,30,2019-2021
739215,1004415,0,-30,30,2019-2021
739245,1004385,0,-30,30,2019-2021
739275,1004385,0,0,0,2019-2021
739305,1004355,-30,0,30,2019-2021
739335,1004355,0,30,30,2019-2021
739365,1004325,-30,0,30,2019-2021
739395,1004295,0,0,0,2019-2021
739425,1004265,0,0,0,2019-2021
739455,1004235,0,0,0,2019-2021
739485,1004205,0,-30,30,2019-2021
739515,1004175,0,-30,30,2019-2021
739545,1004175,0,0,0,2019-2021
739575,1004145,0,0,0,2019-2021
739605,1004115,0,-30,30,2019-2021
739635,1004085,0,-30,30,2019-2021
739665,1004055,0,-30,30,2019-2021
739695,1004025,0,-30,30,2019-2021
739725,1003995,0,-30,30,2019-2021
739755,1003995,0,0,0,2019-2021
739785,1003965,0,0,0,2019-2021
739815,1003935,0,0,0,2019-2021
739845,1003905,0,0,0,2019-2021
739875,1003875,0,-30,30,2019-2021
739905,1003875,0,0,0,2019-2021
739935,1003845,0,0,0,2019-2021
739965,1003815,0,0,0,2019-2021
739995,1003785,0,0,0,2019-2021
740025,1003755,0,0,0,2019-2021
740055,1003725,0,0,0,2019-2021
740085,1003695,0,0,0,2019-2021
740115,1003665,0,0,0,2019-2021
740145,1003635,0,0,0,2019-2021
740175,1003605,-30,0,30,2019-2021
740205,1003575,-30,0,30,2019-2021
740235,1003545,-30,0,30,2019-2021
740265,1003515,-30,0,30,2019-2021
740295,1003485,-30,0,30,2019-2021
740325,1003455,-30,0,30,2019-2021
740355,1003425,-30,0,30,2019-2021
740385,1003395,-30,0,30,2019-2021
740385,1003365,0,0,0,2019-2021
740415,1003335,0,0,0,2019-2021
740445,1003305,-30,0,30,2019-2021
740475,1003275,-30,0,30,2019-2021
740505,1003275,-30,30,42.4264068711929,2019-2021
740535,1003245,-30,30,42.4264068711929,2019-2021
740535,1003215,-30,0,30,2019-2021
740535,1003185,0,0,0,2019-2021
740565,1003155,0,0,0,2019-2021
740565,1003125,0,-30,30,2019-2021
740595,1003095,0,-30,30,2019-2021
740625,1003065,0,0,0,2019-2021
740625,1003035,0,-30,30,2019-2021
740655,1003005,0,-30,30,2019-2021
740685,1002975,0,-30,30,2019-2021
740685,1002945,30,-30,42.4264068711929,2019-2021
740715,1002915,30,-30,42.4264068711929,2019-2021
740745,1002885,30,-30,42.4264068711929,2019-2021
740745,1002855,30,-60,67.0820393249937,2019-2021
740775,1002825,30,-60,67.0820393249937,2019-2021
740805,1002795,30,-60,67.0820393249937,2019-2021
740835,1002765,30,-60,67.0820393249937,2019-2021
740865,1002735,30,-60,67.0820393249937,2019-2021
740865,1002705,60,-60,84.8528137423857,2019-2021
740895,1002675,60,-60,84.8528137423857,2019-2021
740895,1002645,60,-90,108.16653826392,2019-2021
740895,1002615,90,-90,127.279220613579,2019-2021
740895,1002585,90,-120,150,2019-2021
740895,1002555,150,-60,161.554944214035,2019-2021
740895,1002525,150,-90,174.928556845359,2019-2021
740895,1002495,150,-120,192.093727122985,2019-2021
740895,1002465,150,-150,212.132034355964,2019-2021
740925,1002435,150,-150,212.132034355964,2019-2021
740955,1002405,150,-150,212.132034355964,2019-2021
740985,1002375,150,-150,212.132034355964,2019-2021
740985,1002345,150,-180,234.3074902772,2019-2021
741015,1002315,150,-180,234.3074902772,2019-2021
741045,1002285,150,-180,234.3074902772,2019-2021
741045,1002255,180,-180,254.558441227157,2019-2021
741075,1002225,180,-180,254.558441227157,2019-2021
741105,1002195,150,-210,258.069758011279,2019-2021
741105,1002165,150,-240,283.019433961698,2019-2021
741135,1002135,120,-270,295.465734053883,2019-2021
741135,1002105,210,-240,318.904374382039,2019-2021
741165,1002075,180,-270,324.499614791759,2019-2021
741195,1002045,150,-300,335.410196624968,2019-2021
741195,1002015,150,-330,362.491379207837,2019-2021
741225,1001985,180,-330,375.89892258425,2019-2021
741225,1001955,180,-360,402.492235949962,2019-2021
741225,1001925,180,-390,429.534631898291,2019-2021
741255,1001895,210,-390,442.944691807002,2019-2021
741255,1001865,210,-420,469.574275274956,2019-2021
741285,1001835,240,-420,483.735464897913,2019-2021
741285,1001805,240,-450,510,2019-2021
741315,1001775,480,-150,502.891638427206,2019-2021
741315,1001745,510,0,510,2019-2021
741315,1001715,510,0,510,2019-2021
741345,1001685,480,0,480,2019-2021
741345,1001655,480,0,480,2019-2021
741375,1001625,450,0,450,2019-2021
741405,1001595,420,0,420,2019-2021
741405,1001565,420,0,420,2019-2021
741405,1001535,420,0,420,2019-2021
741435,1001505,390,0,390,2019-2021
741435,1001475,390,-30,391.152144312159,2019-2021
741465,1001445,360,-60,364.965751817893,2019-2021
741465,1001415,360,-90,371.079506305589,2019-2021
741495,1001385,330,-120,351.140997321589,2019-2021
741495,1001355,360,0,360,2019-2021
741495,1001325,360,0,360,2019-2021
741525,1001295,330,-30,331.360830515618,2019-2021
741555,1001265,300,-60,305.941170815567,2019-2021
741555,1001235,300,-90,313.209195267316,2019-2021
741585,1001205,270,-120,295.465734053883,2019-2021
741585,1001175,270,-150,308.86890422961,2019-2021
741615,1001145,270,-120,295.465734053883,2019-2021
741645,1001115,270,-60,276.586333718787,2019-2021
741645,1001085,270,-90,284.604989415154,2019-2021
741675,1001055,240,-120,268.328157299975,2019-2021
741675,1001025,240,-150,283.019433961698,2019-2021
741705,1000995,240,-120,268.328157299975,2019-2021
741735,1000965,240,-90,256.320112359526,2019-2021
741735,1000935,240,-120,268.328157299975,2019-2021
741765,1000905,240,-60,247.38633753706,2019-2021
741765,1000875,240,-90,256.320112359526,2019-2021
741795,1000845,210,-120,241.867732448957,2019-2021
741825,1000815,180,-150,234.3074902772,2019-2021
741825,1000785,180,-180,254.558441227157,2019-2021
741855,1000755,240,0,240,2019-2021
741885,1000725,210,-30,212.132034355964,2019-2021
741915,1000695,180,-60,189.736659610103,2019-2021
741915,1000665,180,-90,201.246117974981,2019-2021
741945,1000635,180,-60,189.736659610103,2019-2021
741975,1000605,150,-90,174.928556845359,2019-2021
742005,1000575,120,-120,169.705627484771,2019-2021
742035,1000545,120,-120,169.705627484771,2019-2021
742065,1000515,150,-60,161.554944214035,2019-2021
742095,1000485,120,-90,150,2019-2021
742095,1000455,120,-120,169.705627484771,2019-2021
742125,1000425,120,-120,169.705627484771,2019-2021
742155,1000395,120,-120,169.705627484771,2019-2021
742155,1000365,120,-150,192.093727122985,2019-2021
742185,1000335,180,-60,189.736659610103,2019-2021
742215,1000305,150,-90,174.928556845359,2019-2021
742245,1000275,120,-120,169.705627484771,2019-2021
742275,1000245,120,-120,169.705627484771,2019-2021
742275,1000215,180,-60,189.736659610103,2019-2021
742305,1000185,150,-90,174.928556845359,2019-2021
742335,1000155,120,-120,169.705627484771,2019-2021
742365,1000125,120,-120,169.705627484771,2019-2021
742395,1000125,90,-120,150,2019-2021
742425,1000125,60,-120,134.164078649987,2019-2021
742455,1000125,30,-120,123.69316876853,2019-2021
742485,1000125,0,-120,120,2019-2021
742515,1000095,90,-90,127.279220613579,2019-2021
742545,1000095,60,-90,108.16653826392,2019-2021
742575,1000095,30,-90,94.8683298050514,2019-2021
742605,1000095,60,-60,84.8528137423857,2019-2021
742635,1000065,30,-90,94.8683298050514,2019-2021
742665,1000065,60,-60,84.8528137423857,2019-2021
742695,1000065,30,-60,67.0820393249937,2019-2021
742725,1000065,30,-30,42.4264068711929,2019-2021
742755,1000065,0,-30,30,2019-2021
742785,1000065,0,-30,30,2019-2021
742815,1000035,0,-30,30,2019-2021
742845,1000035,0,-30,30,2019-2021
742875,1000035,0,0,0,2019-2021
742905,1000035,-30,0,30,2019-2021
742935,1000005,0,0,0,2019-2021
742965,1000005,-30,0,30,2019-2021
742995,1000005,0,30,30,2019-2021
743025,999975,-30,0,30,2019-2021
743055,999975,0,30,30,2019-2021
743085,999975,-30,30,42.4264068711929,2019-2021
743115,999975,-60,30,67.0820393249937,2019-2021
743145,999945,0,60,60,2019-2021
743175,999945,-30,60,67.0820393249937,2019-2021
743205,999945,-60,60,84.8528137423857,2019-2021
743235,999915,-30,60,67.0820393249937,2019-2021
743265,999885,-60,30,67.0820393249937,2019-2021
743295,999885,-60,60,84.8528137423857,2019-2021
743325,999855,-30,60,67.0820393249937,2019-2021
743355,999825,0,60,60,2019-2021
743385,999795,-30,30,42.4264068711929,2019-2021
743415,999795,-60,30,67.0820393249937,2019-2021
743445,999765,0,60,60,2019-2021
743475,999735,-30,30,42.4264068711929,2019-2021
743505,999705,0,30,30,2019-2021
743535,999675,-30,0,30,2019-2021
743565,999675,-30,30,42.4264068711929,2019-2021
743595,999645,0,30,30,2019-2021
743625,999615,-30,0,30,2019-2021
743655,999585,0,0,0,2019-2021
743685,999585,-30,0,30,2019-2021
743715,999555,-30,0,30,2019-2021
743745,999525,0,0,0,2019-2021
743775,999495,0,0,0,2019-2021
743805,999495,-30,0,30,2019-2021
743835,999465,0,0,0,2019-2021
743865,999465,-30,0,30,2019-2021
743895,999435,0,0,0,2019-2021
743925,999405,0,0,0,2019-2021
743955,999375,0,0,0,2019-2021
743985,999345,0,0,0,2019-2021
744015,999345,0,0,0,2019-2021
744045,999315,0,0,0,2019-2021
744075,999285,0,0,0,2019-2021
744105,999255,0,-30,30,2019-2021
744135,999255,0,0,0,2019-2021
744165,999225,0,0,0,2019-2021
744195,999195,0,0,0,2019-2021
744225,999165,0,0,0,2019-2021
744255,999135,0,0,0,2019-2021
744285,999105,0,-30,30,2019-2021
744315,999075,0,-30,30,2019-2021
744345,999075,0,0,0,2019-2021
744375,999045,0,0,0,2019-2021
744405,999015,0,0,0,2019-2021
744435,998985,0,0,0,2019-2021
744465,998955,0,0,0,2019-2021
744495,998925,0,0,0,2019-2021
744525,998895,0,0,0,2019-2021
744555,998865,0,0,0,2019-2021
744585,998835,0,0,0,2019-2021
744615,998805,0,0,0,2019-2021
744645,998775,-30,0,30,2019-2021
744675,998745,-30,0,30,2019-2021
744705,998715,-30,0,30,2019-2021
744735,998685,-30,0,30,2019-2021
744765,998655,-30,0,30,2019-2021
744765,998625,0,0,0,2019-2021
744795,998595,0,0,0,2019-2021
744825,998565,0,0,0,2019-2021
744855,998535,0,0,0,2019-2021
744855,998505,0,-30,30,2019-2021
744885,998475,0,0,0,2019-2021
744915,998445,0,0,0,2019-2021
744945,998415,0,0,0,2019-2021
744975,998385,0,0,0,2019-2021
745005,998355,0,0,0,2019-2021
745035,998325,0,0,0,2019-2021
745035,998295,0,-30,30,2019-2021
745065,998265,0,-30,30,2019-2021
745095,998235,0,0,0,2019-2021
745125,998205,0,0,0,2019-2021
745155,998175,0,0,0,2019-2021
745185,998145,0,0,0,2019-2021
745215,998145,-30,0,30,2019-2021
745245,998115,0,0,0,2019-2021
745275,998085,0,-30,30,2019-2021
745305,998085,0,0,0,2019-2021
745335,998055,0,-30,30,2019-2021
745365,998055,0,0,0,2019-2021
745395,998025,0,0,0,2019-2021
745425,997995,0,-30,30,2019-2021
745455,997995,0,0,0,2019-2021
745485,997965,0,0,0,2019-2021
745515,997965,0,0,0,2019-2021
745545,997935,0,0,0,2019-2021
745575,997905,0,-30,30,2019-2021
745605,997905,0,0,0,2019-2021
745635,997875,0,-30,30,2019-2021
745665,997875,0,0,0,2019-2021
745695,997875,0,0,0,2019-2021
745725,997845,0,0,0,2019-2021
745755,997815,0,-30,30,2019-2021
745785,997815,0,0,0,2019-2021
745815,997815,0,0,0,2019-2021
745845,997785,0,0,0,2019-2021
745875,997785,0,0,0,2019-2021
745905,997755,0,-30,30,2019-2021
745935,997755,0,0,0,2019-2021
745965,997755,0,0,0,2019-2021
745995,997755,-30,0,30,2019-2021
746025,997725,0,0,0,2019-2021
746055,997725,0,0,0,2019-2021
746085,997725,-30,0,30,2019-2021
746115,997695,0,0,0,2019-2021
746145,997695,0,0,0,2019-2021
746175,997695,0,0,0,2019-2021
746205,997695,0,0,0,2019-2021
746235,997665,0,0,0,2019-2021
746265,997665,0,0,0,2019-2021
746295,997665,0,0,0,2019-2021
746325,997635,0,-30,30,2019-2021
746355,997635,0,0,0,2019-2021
746385,997635,0,0,0,2019-2021
746415,997635,0,0,0,2019-2021
746445,997635,0,0,0,2019-2021
746475,997635,0,0,0,2019-2021
746505,997605,0,-30,30,2019-2021
746535,997605,0,-30,30,2019-2021
746565,997605,0,-30,30,2019-2021
746595,997605,0,0,0,2019-2021
746625,997605,0,0,0,2019-2021
746655,997605,0,0,0,2019-2021
746685,997605,0,0,0,2019-2021
746715,997575,0,-30,30,2019-2021
746745,997575,0,-30,30,2019-2021
746775,997575,0,-30,30,2019-2021
746805,997575,0,-30,30,2019-2021
746835,997575,0,-30,30,2019-2021
746865,997575,0,0,0,2019-2021
746895,997545,0,-30,30,2019-2021
746925,997545,0,-30,30,2019-2021
746955,997545,0,-30,30,2019-2021
746985,997515,0,-60,60,2019-2021
747015,997515,0,-60,60,2019-2021
747045,997515,0,-60,60,2019-2021
747075,997515,0,-60,60,2019-2021
747105,997515,0,-60,60,2019-2021
747135,997515,0,-60,60,2019-2021
747165,997515,0,-60,60,2019-2021
747195,997515,0,-60,60,2019-2021
747225,997515,0,-60,60,2019-2021
747255,997515,30,-30,42.4264068711929,2019-2021
747285,997515,0,-30,30,2019-2021
747315,997515,0,-30,30,2019-2021
747345,997545,0,0,0,2019-2021
747375,997545,0,0,0,2019-2021
747405,997545,0,0,0,2019-2021
747435,997545,0,0,0,2019-2021
747465,997545,0,0,0,2019-2021
747495,997545,0,0,0,2019-2021
747525,997515,0,-30,30,2019-2021
747555,997515,0,-30,30,2019-2021
747585,997515,0,-30,30,2019-2021
747615,997515,0,-30,30,2019-2021
747645,997515,0,-30,30,2019-2021
747675,997515,0,0,0,2019-2021
747705,997515,0,0,0,2019-2021
747735,997515,0,0,0,2019-2021
747765,997515,0,0,0,2019-2021
747795,997515,0,0,0,2019-2021
747825,997515,0,0,0,2019-2021
747855,997515,0,0,0,2019-2021
747885,997515,0,0,0,2019-2021
747915,997485,0,0,0,2019-2021
747945,997485,0,0,0,2019-2021
747975,997455,0,-30,30,2019-2021
748005,997425,0,-30,30,2019-2021
748035,997425,0,0,0,2019-2021
748065,997425,-30,0,30,2019-2021
748095,997395,0,0,0,2019-2021
748125,997395,0,0,0,2019-2021
748155,997395,0,0,0,2019-2021
748185,997365,0,-30,30,2019-2021
748215,997365,0,0,0,2019-2021
748245,997365,0,0,0,2019-2021
748275,997365,0,0,0,2019-2021
748305,997365,-30,0,30,2019-2021
748335,997365,0,30,30,2019-2021
748365,997365,0,0,0,2019-2021
748395,997365,0,0,0,2019-2021
748425,997365,0,0,0,2019-2021
748455,997365,0,0,0,2019-2021
748485,997365,-30,0,30,2019-2021
748515,997365,0,30,30,2019-2021
748545,997365,0,30,30,2019-2021
748575,997365,0,30,30,2019-2021
748605,997335,0,0,0,2019-2021
748635,997335,0,0,0,2019-2021
748665,997335,0,0,0,2019-2021
748695,997365,0,30,30,2019-2021
748725,997365,0,30,30,2019-2021
748755,997365,0,0,0,2019-2021
748785,997365,0,0,0,2019-2021
748815,997395,0,30,30,2019-2021
748845,997395,0,30,30,2019-2021
748875,997395,0,30,30,2019-2021
748905,997395,0,30,30,2019-2021
748935,997395,0,0,0,2019-2021
748965,997395,0,0,0,2019-2021
748995,997425,0,30,30,2019-2021
749025,997425,0,30,30,2019-2021
749055,997425,0,30,30,2019-2021
749085,997425,0,30,30,2019-2021
749115,997425,0,30,30,2019-2021
749145,997425,0,30,30,2019-2021
749175,997425,0,30,30,2019-2021
749205,997425,0,30,30,2019-2021
749235,997425,0,30,30,2019-2021
749265,997425,0,30,30,2019-2021
749295,997395,0,0,0,2019-2021
749325,997395,0,0,0,2019-2021
749355,997395,0,0,0,2019-2021
749385,997395,0,0,0,2019-2021
749415,997395,0,0,0,2019-2021
749445,997395,0,0,0,2019-2021
749475,997395,0,0,0,2019-2021
749505,997395,0,0,0,2019-2021
749535,997365,0,-30,30,2019-2021
749565,997365,0,0,0,2019-2021
749595,997365,0,0,0,2019-2021
749625,997365,0,0,0,2019-2021
749655,997365,0,0,0,2019-2021
749685,997335,0,-30,30,2019-2021
749715,997335,0,0,0,2019-2021
749745,997335,0,0,0,2019-2021
749775,997305,0,-30,30,2019-2021
749805,997305,0,-30,30,2019-2021
749835,997305,0,-30,30,2019-2021
749865,997275,0,-30,30,2019-2021
749895,997275,0,-30,30,2019-2021
749925,997275,0,-30,30,2019-2021
749955,997275,0,0,0,2019-2021
749985,997245,0,-30,30,2019-2021
750015,997245,0,0,0,2019-2021
750045,997245,0,0,0,2019-2021
750075,997245,0,0,0,2019-2021
750105,997215,0,-30,30,2019-2021
750135,997215,0,-30,30,2019-2021
750165,997185,0,-30,30,2019-2021
750195,997185,0,0,0,2019-2021
750225,997185,0,0,0,2019-2021
750255,997185,-30,0,30,2019-2021
750285,997155,0,0,0,2019-2021
750315,997125,0,-30,30,2019-2021
750345,997125,0,-30,30,2019-2021
750375,997125,0,0,0,2019-2021
750405,997125,0,0,0,2019-2021
750435,997095,0,0,0,2019-2021
750465,997095,0,0,0,2019-2021
750495,997065,0,-30,30,2019-2021
750525,997065,0,0,0,2019-2021
750555,997035,0,-30,30,2019-2021
750585,997035,0,0,0,2019-2021
750615,997005,0,-30,30,2019-2021
750645,997005,0,0,0,2019-2021
750675,996975,0,0,0,2019-2021
750705,996975,0,0,0,2019-2021
750735,996945,0,-30,30,2019-2021
750765,996945,0,0,0,2019-2021
750795,996915,0,-30,30,2019-2021
750825,996885,0,-30,30,2019-2021
750855,996885,0,0,0,2019-2021
750885,996855,0,-30,30,2019-2021
750915,996825,0,-30,30,2019-2021
750945,996825,0,-30,30,2019-2021
750975,996795,0,-30,30,2019-2021
751005,996765,30,-30,42.4264068711929,2019-2021
751035,996735,0,-60,60,2019-2021
751065,996735,30,-30,42.4264068711929,2019-2021
751095,996735,0,-30,30,2019-2021
751125,996705,30,-30,42.4264068711929,2019-2021
751155,996675,30,-30,42.4264068711929,2019-2021
751185,996645,0,-60,60,2019-2021
751215,996645,30,-30,42.4264068711929,2019-2021
751245,996645,0,-30,30,2019-2021
751275,996645,0,-30,30,2019-2021
751305,996615,0,-30,30,2019-2021
751335,996615,0,0,0,2019-2021
751365,996585,0,-30,30,2019-2021
751395,996585,0,0,0,2019-2021
751425,996555,0,-30,30,2019-2021
751455,996555,0,0,0,2019-2021
751485,996525,0,0,0,2019-2021
751515,996525,0,0,0,2019-2021
751545,996495,0,0,0,2019-2021
751575,996465,0,-30,30,2019-2021
751605,996465,0,0,0,2019-2021
751635,996435,0,0,0,2019-2021
751665,996435,0,0,0,2019-2021
751695,996405,0,0,0,2019-2021
751725,996375,0,0,0,2019-2021
751755,996375,-30,0,30,2019-2021
751785,996375,0,30,30,2019-2021
751815,996345,-30,0,30,2019-2021
751845,996315,-30,0,30,2019-2021
751875,996315,-30,30,42.4264068711929,2019-2021
751905,996285,0,30,30,2019-2021
751935,996285,-30,30,42.4264068711929,2019-2021
751965,996255,0,30,30,2019-2021
751995,996225,0,0,0,2019-2021
752025,996225,0,0,0,2019-2021
752055,996195,0,0,0,2019-2021
752085,996195,-30,0,30,2019-2021
752115,996165,-30,0,30,2019-2021
752145,996135,0,0,0,2019-2021
752175,996135,-30,0,30,2019-2021
752205,996105,0,0,0,2019-2021
752235,996105,-30,0,30,2019-2021
752265,996075,0,0,0,2019-2021
752295,996045,0,0,0,2019-2021
752325,996045,0,0,0,2019-2021
752355,996045,0,0,0,2019-2021
752385,996045,0,0,0,2019-2021
752415,996015,0,-30,30,2019-2021
752445,996015,0,0,0,2019-2021
752475,996015,0,0,0,2019-2021
752505,995985,0,0,0,2019-2021
752535,995985,0,0,0,2019-2021
752565,995985,0,0,0,2019-2021
752595,995955,0,-30,30,2019-2021
752625,995955,0,0,0,2019-2021
752655,995955,0,0,0,2019-2021
752685,995955,-30,0,30,2019-2021
752715,995925,0,0,0,2019-2021
752745,995925,-30,0,30,2019-2021
752775,995925,0,30,30,2019-2021
752805,995895,0,0,0,2019-2021
752835,995895,-30,0,30,2019-2021
752865,995865,0,0,0,2019-2021
752895,995865,-30,0,30,2019-2021
752925,995835,-30,0,30,2019-2021
752955,995835,0,30,30,2019-2021
752985,995835,0,30,30,2019-2021
753015,995805,0,0,0,2019-2021
753045,995805,-30,0,30,2019-2021
753075,995775,-30,0,30,2019-2021
753105,995745,0,0,0,2019-2021
753135,995745,-30,0,30,2019-2021
753165,995715,0,0,0,2019-2021
753195,995715,-30,0,30,2019-2021
753225,995715,0,30,30,2019-2021
753255,995685,-30,0,30,2019-2021
753285,995655,0,0,0,2019-2021
753315,995655,-30,0,30,2019-2021
753345,995625,-30,0,30,2019-2021
753375,995625,0,30,30,2019-2021
753405,995595,-30,0,30,2019-2021
753435,995565,0,0,0,2019-2021
753465,995565,-30,0,30,2019-2021
753495,995535,-30,0,30,2019-2021
753525,995505,0,0,0,2019-2021
753555,995505,-30,0,30,2019-2021
753585,995475,-30,0,30,2019-2021
753615,995475,-30,30,42.4264068711929,2019-2021
753645,995445,0,30,30,2019-2021
753675,995415,-30,0,30,2019-2021
753705,995415,0,30,30,2019-2021
753735,995385,-30,0,30,2019-2021
753765,995355,-30,0,30,2019-2021
753795,995355,-30,30,42.4264068711929,2019-2021
753825,995325,0,30,30,2019-2021
753855,995295,-30,0,30,2019-2021
753885,995265,0,0,0,2019-2021
753915,995265,-30,0,30,2019-2021
753945,995265,0,30,30,2019-2021
753975,995235,-30,0,30,2019-2021
754005,995205,0,0,0,2019-2021
754035,995205,0,0,0,2019-2021
754065,995175,0,0,0,2019-2021
754095,995175,0,0,0,2019-2021
754125,995145,0,-30,30,2019-2021
754155,995145,0,0,0,2019-2021
754185,995115,0,-30,30,2019-2021
754215,995115,0,0,0,2019-2021
754245,995085,0,-30,30,2019-2021
754275,995055,30,-30,42.4264068711929,2019-2021
754305,995055,0,-30,30,2019-2021
754335,995055,0,-30,30,2019-2021
754365,995025,30,-30,42.4264068711929,2019-2021
754395,994995,0,-60,60,2019-2021
754425,994995,0,-60,60,2019-2021
754455,994995,0,-60,60,2019-2021
754485,994995,30,-30,42.4264068711929,2019-2021
754515,994995,0,-30,30,2019-2021
754545,994965,0,-60,60,2019-2021
754575,994965,0,-60,60,2019-2021
754605,994965,30,-30,42.4264068711929,2019-2021
754635,994965,0,-30,30,2019-2021
754665,994965,0,-30,30,2019-2021
754695,994965,0,-30,30,2019-2021
754725,994965,0,-30,30,2019-2021
754755,994965,0,-30,30,2019-2021
754785,994965,0,-30,30,2019-2021
754815,994965,0,-30,30,2019-2021
754845,994965,0,-30,30,2019-2021
754875,994965,0,0,0,2019-2021
754905,994965,0,0,0,2019-2021
754935,994965,0,0,0,2019-2021
754965,994935,0,-30,30,2019-2021
754995,994935,0,-30,30,2019-2021
755025,994935,0,-30,30,2019-2021
755055,994935,0,-30,30,2019-2021
755085,994935,0,-30,30,2019-2021
755115,994935,0,-30,30,2019-2021
755145,994935,0,-30,30,2019-2021
755175,994935,0,-30,30,2019-2021
755205,994935,0,-30,30,2019-2021
755235,994935,0,-30,30,2019-2021
755265,994965,0,0,0,2019-2021
755295,994965,0,0,0,2019-2021
755325,994965,0,0,0,2019-2021
755355,994965,0,0,0,2019-2021
755385,994965,0,0,0,2019-2021
755415,994965,0,0,0,2019-2021
755445,994995,0,0,0,2019-2021
755475,994995,0,0,0,2019-2021
755505,994995,0,0,0,2019-2021
755535,994995,0,0,0,2019-2021
755565,994995,0,0,0,2019-2021
755595,994995,-30,0,30,2019-2021
755625,994995,0,-30,30,2019-2021
755655,995025,0,0,0,2019-2021
755685,995025,0,0,0,2019-2021
755715,995025,-30,0,30,2019-2021
755745,995025,0,-30,30,2019-2021
755775,995055,0,0,0,2019-2021
755805,995055,-30,0,30,2019-2021
755835,995055,0,-30,30,2019-2021
755865,995085,0,0,0,2019-2021
755895,995085,-30,0,30,2019-2021
755925,995085,0,-30,30,2019-2021
755955,995115,0,0,0,2019-2021
755985,995115,-30,0,30,2019-2021
756015,995115,0,-30,30,2019-2021
756045,995145,0,0,0,2019-2021
756075,995145,-30,0,30,2019-2021
756105,995175,0,0,0,2019-2021
756135,995175,0,0,0,2019-2021
756165,995175,-30,0,30,2019-2021
756195,995205,0,0,0,2019-2021
756225,995205,0,0,0,2019-2021
756255,995235,0,0,0,2019-2021
756285,995235,0,0,0,2019-2021
756315,995265,0,30,30,2019-2021
756345,995265,0,0,0,2019-2021
756375,995265,0,0,0,2019-2021
756405,995295,0,0,0,2019-2021
756435,995295,0,0,0,2019-2021
756465,995295,0,0,0,2019-2021
756495,995295,-30,0,30,2019-2021
756525,995325,0,0,0,2019-2021
756555,995325,0,0,0,2019-2021
756585,995325,0,0,0,2019-2021
756615,995355,0,0,0,2019-2021
756645,995355,0,0,0,2019-2021
756675,995385,0,30,30,2019-2021
756705,995385,0,0,0,2019-2021
756735,995385,0,0,0,2019-2021
756765,995415,0,30,30,2019-2021
756795,995415,0,0,0,2019-2021
756825,995445,0,30,30,2019-2021
756855,995445,0,30,30,2019-2021
756885,995445,0,30,30,2019-2021
756915,995475,0,30,30,2019-2021
756945,995475,0,0,0,2019-2021
756975,995475,0,0,0,2019-2021
757005,995505,0,30,30,2019-2021
757035,995505,0,30,30,2019-2021
757065,995535,0,30,30,2019-2021
757095,995535,0,30,30,2019-2021
757125,995535,0,30,30,2019-2021
757155,995535,0,30,30,2019-2021
757185,995565,0,30,30,2019-2021
757215,995595,0,30,30,2019-2021
757245,995595,0,30,30,2019-2021
757275,995595,0,30,30,2019-2021
757305,995595,0,30,30,2019-2021
757335,995625,0,30,30,2019-2021
757365,995625,0,30,30,2019-2021
757395,995625,0,30,30,2019-2021
757425,995655,30,30,42.4264068711929,2019-2021
757455,995655,0,30,30,2019-2021
757485,995655,0,30,30,2019-2021
757515,995655,0,30,30,2019-2021
757545,995655,0,30,30,2019-2021
757575,995685,0,60,60,2019-2021
757605,995685,0,60,60,2019-2021
757635,995715,60,60,84.8528137423857,2019-2021
757665,995715,30,60,67.0820393249937,2019-2021
757695,995715,0,60,60,2019-2021
757725,995715,0,60,60,2019-2021
757755,995745,0,90,90,2019-2021
757785,995745,0,90,90,2019-2021
757815,995745,0,90,90,2019-2021
757845,995715,0,60,60,2019-2021
757875,995715,0,60,60,2019-2021
757905,995715,0,60,60,2019-2021
757935,995745,0,90,90,2019-2021
757965,995745,0,90,90,2019-2021
757995,995745,60,60,84.8528137423857,2019-2021
758025,995745,30,60,67.0820393249937,2019-2021
758055,995745,0,60,60,2019-2021
758085,995745,0,60,60,2019-2021
758115,995745,0,60,60,2019-2021
758145,995745,0,60,60,2019-2021
758175,995745,0,60,60,2019-2021
758205,995745,0,60,60,2019-2021
758235,995745,0,60,60,2019-2021
758265,995745,30,30,42.4264068711929,2019-2021
758295,995745,0,30,30,2019-2021
758325,995745,0,30,30,2019-2021
758355,995745,0,30,30,2019-2021
758385,995745,0,30,30,2019-2021
758415,995745,0,30,30,2019-2021
758445,995745,0,30,30,2019-2021
758475,995745,0,30,30,2019-2021
758505,995745,0,30,30,2019-2021
758535,995745,0,30,30,2019-2021
758565,995745,0,30,30,2019-2021
758595,995745,0,30,30,2019-2021
758625,995745,0,30,30,2019-2021
758655,995745,0,30,30,2019-2021
758685,995745,0,30,30,2019-2021
758715,995745,0,30,30,2019-2021
758745,995745,0,30,30,2019-2021
758775,995745,0,30,30,2019-2021
758805,995745,0,30,30,2019-2021
758835,995745,0,30,30,2019-2021
758865,995745,0,30,30,2019-2021
758895,995745,0,30,30,2019-2021
758925,995745,0,30,30,2019-2021
758955,995745,0,30,30,2019-2021
758985,995745,0,30,30,2019-2021
759015,995715,0,0,0,2019-2021
759045,995715,0,0,0,2019-2021
759075,995715,0,0,0,2019-2021
759105,995715,0,0,0,2019-2021
759135,995715,0,0,0,2019-2021
759165,995715,0,0,0,2019-2021
759195,995715,0,0,0,2019-2021
759225,995715,0,0,0,2019-2021
759255,995685,0,-30,30,2019-2021
759285,995685,0,0,0,2019-2021
759315,995685,0,0,0,2019-2021
759345,995685,-30,0,30,2019-2021
759375,995685,0,30,30,2019-2021
759405,995655,-30,0,30,2019-2021
759435,995655,0,30,30,2019-2021
759465,995625,-30,0,30,2019-2021
759495,995625,0,30,30,2019-2021
759525,995595,0,0,0,2019-2021
759555,995595,-30,0,30,2019-2021
759585,995565,0,0,0,2019-2021
759615,995565,-30,0,30,2019-2021
759645,995535,0,0,0,2019-2021
759675,995535,0,0,0,2019-2021
759705,995505,0,0,0,2019-2021
759735,995505,-30,0,30,2019-2021
759765,995505,0,30,30,2019-2021
759795,995475,-30,0,30,2019-2021
759825,995445,-30,0,30,2019-2021
759855,995445,0,30,30,2019-2021
759885,995445,0,30,30,2019-2021
759915,995415,0,0,0,2019-2021
759945,995385,0,0,0,2019-2021
759975,995385,-30,0,30,2019-2021
760005,995355,-30,0,30,2019-2021
760035,995355,0,30,30,2019-2021
760065,995325,-30,0,30,2019-2021
760095,995325,-30,30,42.4264068711929,2019-2021
760125,995295,0,30,30,2019-2021
760155,995295,-30,30,42.4264068711929,2019-2021
760185,995295,-60,30,67.0820393249937,2019-2021
760215,995265,0,60,60,2019-2021
760245,995235,-30,30,42.4264068711929,2019-2021
760275,995235,-60,30,67.0820393249937,2019-2021
760305,995205,-60,30,67.0820393249937,2019-2021
760335,995205,-60,60,84.8528137423857,2019-2021
760365,995175,0,60,60,2019-2021
760395,995145,-30,30,42.4264068711929,2019-2021
760425,995145,-60,30,67.0820393249937,2019-2021
760455,995115,-60,30,67.0820393249937,2019-2021
760485,995115,-60,60,84.8528137423857,2019-2021
760515,995085,-30,60,67.0820393249937,2019-2021
760545,995055,-60,30,67.0820393249937,2019-2021
760575,995025,-60,30,67.0820393249937,2019-2021
760605,995025,-60,60,84.8528137423857,2019-2021
760635,994995,0,60,60,2019-2021
760665,994965,-30,30,42.4264068711929,2019-2021
760695,994965,0,60,60,2019-2021
760725,994935,0,30,30,2019-2021
760755,994905,-30,0,30,2019-2021
760785,994905,0,30,30,2019-2021
760815,994905,0,30,30,2019-2021
760845,994875,-30,0,30,2019-2021
760875,994875,0,30,30,2019-2021
760905,994875,-30,30,42.4264068711929,2019-2021
760935,994845,-30,30,42.4264068711929,2019-2021
760965,994845,-60,30,67.0820393249937,2019-2021
760995,994845,-60,60,84.8528137423857,2019-2021
761025,994845,-90,60,108.16653826392,2019-2021
761055,994815,-90,60,108.16653826392,2019-2021
761085,994785,-30,90,94.8683298050514,2019-2021
761115,994755,-60,60,84.8528137423857,2019-2021
761145,994725,-60,60,84.8528137423857,2019-2021
761175,994695,0,90,90,2019-2021
761205,994665,-30,60,67.0820393249937,2019-2021
761235,994635,0,60,60,2019-2021
761265,994635,0,60,60,2019-2021
761295,994605,-30,30,42.4264068711929,2019-2021
761325,994575,0,30,30,2019-2021
761355,994545,-30,0,30,2019-2021
761385,994545,0,30,30,2019-2021
761415,994515,-30,0,30,2019-2021
761445,994485,0,0,0,2019-2021
761475,994455,0,-30,30,2019-2021
761505,994425,0,-30,30,2019-2021
761535,994425,0,0,0,2019-2021
761565,994395,0,-30,30,2019-2021
761595,994365,0,-30,30,2019-2021
761625,994365,0,-30,30,2019-2021
761655,994335,30,-30,42.4264068711929,2019-2021
761685,994305,0,-60,60,2019-2021
761715,994275,30,-60,67.0820393249937,2019-2021
761745,994275,0,-60,60,2019-2021
761775,994245,30,-60,67.0820393249937,2019-2021
761805,994215,30,-60,67.0820393249937,2019-2021
761835,994185,30,-60,67.0820393249937,2019-2021
761865,994155,60,-60,84.8528137423857,2019-2021
761895,994155,30,-60,67.0820393249937,2019-2021
761925,994125,30,-60,67.0820393249937,2019-2021
761955,994095,30,-60,67.0820393249937,2019-2021
761985,994065,60,-60,84.8528137423857,2019-2021
762015,994035,60,-60,84.8528137423857,2019-2021
762045,994005,30,-90,94.8683298050514,2019-2021
762075,994005,60,-60,84.8528137423857,2019-2021
762105,993975,60,-60,84.8528137423857,2019-2021
762135,993945,30,-90,94.8683298050514,2019-2021
762165,993915,60,-90,108.16653826392,2019-2021
762195,993885,30,-120,123.69316876853,2019-2021
762225,993885,60,-90,108.16653826392,2019-2021
762255,993855,30,-120,123.69316876853,2019-2021
762285,993825,90,-90,127.279220613579,2019-2021
762315,993825,60,-90,108.16653826392,2019-2021
762345,993795,30,-120,123.69316876853,2019-2021
762375,993795,60,-90,108.16653826392,2019-2021
762405,993765,30,-120,123.69316876853,2019-2021
762435,993735,60,-120,134.164078649987,2019-2021
762465,993735,30,-120,123.69316876853,2019-2021
762495,993705,90,-90,127.279220613579,2019-2021
762525,993705,60,-90,108.16653826392,2019-2021
762555,993675,30,-120,123.69316876853,2019-2021
762585,993675,60,-90,108.16653826392,2019-2021
762615,993675,30,-90,94.8683298050514,2019-2021
762645,993645,60,-90,108.16653826392,2019-2021
762675,993645,30,-90,94.8683298050514,2019-2021
762705,993645,60,-60,84.8528137423857,2019-2021
762735,993645,30,-60,67.0820393249937,2019-2021
762765,993645,0,-60,60,2019-2021
762795,993645,30,-30,42.4264068711929,2019-2021
762825,993615,0,-60,60,2019-2021
762855,993615,30,-30,42.4264068711929,2019-2021
762885,993615,0,-30,30,2019-2021
762915,993615,0,-30,30,2019-2021
762945,993615,0,0,0,2019-2021
762975,993615,0,0,0,2019-2021
763005,993585,0,-30,30,2019-2021
763035,993585,0,-30,30,2019-2021
763065,993585,0,0,0,2019-2021
763095,993585,0,0,0,2019-2021
763125,993585,0,0,0,2019-2021
763155,993585,0,0,0,2019-2021
763185,993585,0,0,0,2019-2021
763215,993555,0,-30,30,2019-2021
763245,993555,0,-30,30,2019-2021
763275,993555,0,0,0,2019-2021
763305,993555,0,0,0,2019-2021
763335,993555,0,0,0,2019-2021
763365,993555,0,0,0,2019-2021
763395,993525,0,-30,30,2019-2021
763425,993525,0,-30,30,2019-2021
763455,993525,0,-30,30,2019-2021
763485,993525,0,-30,30,2019-2021
763515,993525,0,-30,30,2019-2021
763545,993525,0,-30,30,2019-2021
763575,993525,0,-30,30,2019-2021
763605,993525,0,-30,30,2019-2021
763635,993525,0,-30,30,2019-2021
763665,993495,0,-60,60,2019-2021
763695,993495,0,-60,60,2019-2021
763725,993495,30,-30,42.4264068711929,2019-2021
763755,993495,0,-30,30,2019-2021
763785,993495,0,-30,30,2019-2021
763815,993495,0,-30,30,2019-2021
763845,993495,0,-30,30,2019-2021
763875,993495,0,0,0,2019-2021
763905,993495,0,0,0,2019-2021
763935,993495,0,0,0,2019-2021
763965,993495,0,0,0,2019-2021
763995,993495,0,0,0,2019-2021
764025,993495,-30,0,30,2019-2021
764055,993495,0,30,30,2019-2021
764085,993495,0,30,30,2019-2021
764115,993495,0,30,30,2019-2021
764145,993495,-30,30,42.4264068711929,2019-2021
764175,993465,0,30,30,2019-2021
764205,993465,0,30,30,2019-2021
764235,993465,0,30,30,2019-2021
764265,993435,-30,0,30,2019-2021
764295,993435,0,30,30,2019-2021
764325,993435,0,30,30,2019-2021
764355,993405,0,0,0,2019-2021
764385,993405,0,0,0,2019-2021
764415,993405,0,0,0,2019-2021
764445,993405,0,0,0,2019-2021
764475,993405,0,0,0,2019-2021
764505,993405,0,0,0,2019-2021
764535,993405,0,0,0,2019-2021
764565,993405,0,0,0,2019-2021
764595,993405,0,0,0,2019-2021
764625,993405,0,0,0,2019-2021
764655,993405,0,0,0,2019-2021
764685,993405,0,0,0,2019-2021
764715,993405,-30,0,30,2019-2021
764745,993405,0,-30,30,2019-2021
764775,993405,0,-30,30,2019-2021
764805,993405,0,-30,30,2019-2021
764835,993435,0,0,0,2019-2021
764865,993435,0,0,0,2019-2021
764895,993435,0,0,0,2019-2021
764925,993435,0,0,0,2019-2021
764955,993435,0,0,0,2019-2021
764985,993435,0,0,0,2019-2021
765015,993435,0,0,0,2019-2021
765045,993435,0,0,0,2019-2021
765075,993435,0,0,0,2019-2021
765105,993435,0,0,0,2019-2021
765135,993435,0,0,0,2019-2021
765165,993435,0,0,0,2019-2021
765195,993435,0,0,0,2019-2021
765225,993435,0,0,0,2019-2021
765255,993435,0,0,0,2019-2021
765285,993435,0,0,0,2019-2021
765315,993435,0,0,0,2019-2021
765345,993435,0,0,0,2019-2021
765375,993435,0,0,0,2019-2021
765405,993435,0,0,0,2019-2021
765435,993435,0,0,0,2019-2021
765465,993435,0,0,0,2019-2021
765495,993435,0,0,0,2019-2021
765525,993435,0,0,0,2019-2021
765555,993435,0,0,0,2019-2021
765585,993435,-30,0,30,2019-2021
765615,993435,0,-30,30,2019-2021
765645,993435,0,-30,30,2019-2021
765675,993435,0,-30,30,2019-2021
765705,993435,-30,-30,42.4264068711929,2019-2021
765735,993435,0,-60,60,2019-2021
765765,993435,0,-60,60,2019-2021
765795,993435,-30,-60,67.0820393249937,2019-2021
765825,993435,-60,-60,84.8528137423857,2019-2021
765855,993435,-30,-90,94.8683298050514,2019-2021
765885,993435,-60,-90,108.16653826392,2019-2021
765915,993435,0,-120,120,2019-2021
765945,993435,0,-120,120,2019-2021
765975,993435,-30,-120,123.69316876853,2019-2021
766005,993435,-60,-120,134.164078649987,2019-2021
766035,993435,-90,-120,150,2019-2021
766065,993435,0,-150,150,2019-2021
766095,993435,0,-150,150,2019-2021
766125,993435,0,-150,150,2019-2021
766155,993435,0,-150,150,2019-2021
766185,993405,0,-180,180,2019-2021
766215,993405,0,-180,180,2019-2021
766245,993405,0,-180,180,2019-2021
766275,993405,0,-180,180,2019-2021
766305,993405,0,-180,180,2019-2021
766335,993405,0,-180,180,2019-2021
766365,993375,0,-210,210,2019-2021
766395,993375,0,-210,210,2019-2021
766425,993375,-30,-210,212.132034355964,2019-2021
766455,993375,-60,-210,218.403296678416,2019-2021
766485,993375,-90,-210,228.473193175917,2019-2021
766515,993375,0,-240,240,2019-2021
766545,993375,0,-240,240,2019-2021
766575,993375,0,-240,240,2019-2021
766605,993345,0,-270,270,2019-2021
766635,993345,0,-270,270,2019-2021
766665,993345,0,-270,270,2019-2021
766695,993345,-30,-270,271.661554144122,2019-2021
766725,993375,-60,-240,247.38633753706,2019-2021
766755,993375,-90,-240,256.320112359526,2019-2021
766785,993375,-120,-240,268.328157299975,2019-2021
766815,993375,0,-270,270,2019-2021
766845,993375,0,-270,270,2019-2021
766875,993375,0,-270,270,2019-2021
766905,993375,0,-270,270,2019-2021
766935,993375,-30,-270,271.661554144122,2019-2021
766965,993375,-60,-270,276.586333718787,2019-2021
766995,993375,-90,-270,284.604989415154,2019-2021
767025,993375,-120,-270,295.465734053883,2019-2021
767055,993375,0,-300,300,2019-2021
767085,993375,120,-270,295.465734053883,2019-2021
767115,993375,90,-270,284.604989415154,2019-2021
767145,993345,60,-300,305.941170815567,2019-2021
767175,993345,30,-300,301.496268633627,2019-2021
767205,993345,0,-300,300,2019-2021
767235,993345,0,-300,300,2019-2021
767265,993345,0,-300,300,2019-2021
767295,993345,0,-300,300,2019-2021
767325,993345,120,-270,295.465734053883,2019-2021
767355,993345,90,-270,284.604989415154,2019-2021
767385,993345,60,-270,276.586333718787,2019-2021
767415,993345,30,-270,271.661554144122,2019-2021
767445,993345,0,-270,270,2019-2021
767475,993345,120,-240,268.328157299975,2019-2021
767505,993315,150,-240,283.019433961698,2019-2021
767535,993315,120,-240,268.328157299975,2019-2021
767565,993315,90,-240,256.320112359526,2019-2021
767595,993315,120,-210,241.867732448957,2019-2021
767625,993315,90,-210,228.473193175917,2019-2021
767655,993315,120,-180,216.333076527839,2019-2021
767685,993315,90,-180,201.246117974981,2019-2021
767715,993315,60,-180,189.736659610103,2019-2021
767745,993315,90,-150,174.928556845359,2019-2021
767775,993315,60,-150,161.554944214035,2019-2021
767805,993315,90,-120,150,2019-2021
767835,993315,60,-120,134.164078649987,2019-2021
767865,993315,30,-120,123.69316876853,2019-2021
767895,993315,60,-90,108.16653826392,2019-2021
767925,993315,60,-60,84.8528137423857,2019-2021
767955,993315,30,-60,67.0820393249937,2019-2021
767985,993345,0,-30,30,2019-2021
768015,993345,0,-30,30,2019-2021
768045,993345,0,0,0,2019-2021
768075,993345,0,0,0,2019-2021
768105,993345,0,0,0,2019-2021
768135,993315,0,0,0,2019-2021
768165,993315,0,0,0,2019-2021
768195,993315,-30,0,30,2019-2021
768225,993315,0,30,30,2019-2021
768255,993315,0,30,30,2019-2021
768285,993315,0,30,30,2019-2021
768315,993315,0,30,30,2019-2021
768345,993285,-30,0,30,2019-2021
768375,993285,0,30,30,2019-2021
768405,993285,0,30,30,2019-2021
768435,993285,0,30,30,2019-2021
768465,993285,-30,30,42.4264068711929,2019-2021
768495,993285,0,60,60,2019-2021
768525,993255,0,30,30,2019-2021
768555,993255,-30,30,42.4264068711929,2019-2021
768585,993255,0,60,60,2019-2021
768615,993255,0,60,60,2019-2021
768645,993225,0,30,30,2019-2021
768675,993225,-30,30,42.4264068711929,2019-2021
768705,993225,0,60,60,2019-2021
768735,993195,-30,30,42.4264068711929,2019-2021
768765,993195,0,60,60,2019-2021
768795,993165,-30,30,42.4264068711929,2019-2021
768825,993135,0,30,30,2019-2021
768855,993135,0,30,30,2019-2021
768885,993135,-30,30,42.4264068711929,2019-2021
768915,993105,0,30,30,2019-2021
768945,993105,0,30,30,2019-2021
768975,993075,-30,0,30,2019-2021
769005,993045,0,0,0,2019-2021
769035,993045,-30,0,30,2019-2021
769065,993045,0,30,30,2019-2021
769095,993045,-30,30,42.4264068711929,2019-2021
769125,993015,0,30,30,2019-2021
769155,993015,-30,30,42.4264068711929,2019-2021
769185,993015,0,60,60,2019-2021
769215,992985,-30,30,42.4264068711929,2019-2021
769245,992985,0,60,60,2019-2021
769275,992955,-30,30,42.4264068711929,2019-2021
769305,992955,-60,30,67.0820393249937,2019-2021
769335,992955,-60,60,84.8528137423857,2019-2021
769365,992925,-30,60,67.0820393249937,2019-2021
769365,992895,-30,30,42.4264068711929,2019-2021
769395,992865,0,30,30,2019-2021
769425,992835,0,0,0,2019-2021
769425,992805,0,-30,30,2019-2021
769455,992775,0,0,0,2019-2021
769485,992745,0,0,0,2019-2021
769515,992715,0,0,0,2019-2021
769545,992685,0,0,0,2019-2021
769575,992655,0,0,0,2019-2021
769605,992625,0,0,0,2019-2021
769635,992595,0,0,0,2019-2021
769665,992565,0,0,0,2019-2021
769695,992535,0,0,0,2019-2021
769725,992505,0,0,0,2019-2021
769755,992475,0,0,0,2019-2021
769755,992445,0,-30,30,2019-2021
769785,992415,30,0,30,2019-2021
769815,992385,0,0,0,2019-2021
769845,992355,0,0,0,2019-2021
769845,992325,0,-30,30,2019-2021
769875,992295,0,-30,30,2019-2021
769905,992265,0,-30,30,2019-2021
769935,992235,0,0,0,2019-2021
769965,992205,-30,0,30,2019-2021
769965,992175,0,0,0,2019-2021
769995,992145,0,0,0,2019-2021
770025,992115,-30,0,30,2019-2021
770055,992085,-30,0,30,2019-2021
770055,992055,0,0,0,2019-2021
770085,992025,0,0,0,2019-2021
770115,991995,-30,0,30,2019-2021
770145,991965,-30,0,30,2019-2021
770145,991935,0,0,0,2019-2021
770175,991905,0,0,0,2019-2021
770205,991875,0,0,0,2019-2021
770235,991845,0,0,0,2019-2021
770265,991815,0,0,0,2019-2021
770295,991785,0,0,0,2019-2021
770325,991755,0,0,0,2019-2021
770355,991725,-30,0,30,2019-2021
770385,991695,-30,0,30,2019-2021
770415,991665,-30,0,30,2019-2021
770415,991635,0,0,0,2019-2021
770445,991605,0,0,0,2019-2021
770475,991575,0,0,0,2019-2021
770505,991545,0,0,0,2019-2021
770535,991515,0,0,0,2019-2021
770565,991485,0,0,0,2019-2021
770595,991455,0,0,0,2019-2021
770625,991425,0,0,0,2019-2021
770625,991395,0,0,0,2019-2021
770655,991365,0,0,0,2019-2021
770685,991335,0,0,0,2019-2021
770715,991305,0,0,0,2019-2021
770715,991275,0,0,0,2019-2021
770745,991245,0,0,0,2019-2021
770775,991215,0,0,0,2019-2021
770775,991185,0,-30,30,2019-2021
770805,991155,0,0,0,2019-2021
770835,991125,0,0,0,2019-2021
770865,991095,0,0,0,2019-2021
770895,991065,-30,0,30,2019-2021
770925,991035,-30,0,30,2019-2021
770925,991005,0,0,0,2019-2021
770955,990975,0,0,0,2019-2021
770985,990945,-30,0,30,2019-2021
770985,990915,0,0,0,2019-2021
771015,990885,0,0,0,2019-2021
771045,990855,0,0,0,2019-2021
771075,990825,-30,0,30,2019-2021
771105,990795,-30,0,30,2019-2021
771135,990765,-30,0,30,2019-2021
771165,990735,-30,0,30,2019-2021
771195,990705,-30,0,30,2019-2021
771225,990675,0,30,30,2019-2021
771255,990645,-30,0,30,2019-2021
771285,990615,-30,0,30,2019-2021
771315,990585,0,0,0,2019-2021
771315,990555,0,-30,30,2019-2021
771345,990525,0,-30,30,2019-2021
771375,990525,0,0,0,2019-2021
771405,990525,-30,0,30,2019-2021
771435,990495,-30,0,30,2019-2021
771465,990465,0,0,0,2019-2021
771495,990435,0,0,0,2019-2021
771525,990405,0,0,0,2019-2021
771555,990405,-30,0,30,2019-2021
771585,990375,-30,0,30,2019-2021
771615,990375,0,30,30,2019-2021
771645,990345,-30,0,30,2019-2021
771675,990315,-30,0,30,2019-2021
771705,990315,0,30,30,2019-2021
771735,990285,-30,0,30,2019-2021
771765,990285,0,30,30,2019-2021
771795,990255,-30,0,30,2019-2021
771825,990255,0,30,30,2019-2021
771855,990225,0,0,0,2019-2021
771885,990225,0,0,0,2019-2021
771915,990225,-30,0,30,2019-2021
771945,990195,0,0,0,2019-2021
771975,990195,0,0,0,2019-2021
772005,990165,0,0,0,2019-2021
772035,990165,0,0,0,2019-2021
772065,990135,0,0,0,2019-2021
772095,990105,0,0,0,2019-2021
772125,990105,0,0,0,2019-2021
772155,990075,0,0,0,2019-2021
772185,990045,0,0,0,2019-2021
772215,990015,0,-30,30,2019-2021
772245,989985,0,-30,30,2019-2021
772275,989985,0,0,0,2019-2021
772305,989985,-30,0,30,2019-2021
772335,989955,-30,0,30,2019-2021
772365,989955,-30,30,42.4264068711929,2019-2021
772395,989925,0,30,30,2019-2021
772425,989925,0,30,30,2019-2021
772455,989895,0,0,0,2019-2021
772485,989895,-30,0,30,2019-2021
772515,989865,0,0,0,2019-2021
772545,989835,0,0,0,2019-2021
772575,989835,0,0,0,2019-2021
772605,989805,0,-30,30,2019-2021
772635,989805,0,0,0,2019-2021
730725,1010895,0,0,0,2021-2023
730755,1010865,0,0,0,2021-2023
730785,1010835,0,0,0,2021-2023
730815,1010805,0,0,0,2021-2023
730845,1010805,0,0,0,2021-2023
730875,1010775,0,0,0,2021-2023
730905,1010775,-30,0,30,2021-2023
730935,1010745,0,0,0,2021-2023
730965,1010745,0,0,0,2021-2023
730995,1010715,0,0,0,2021-2023
731025,1010715,0,0,0,2021-2023
731055,1010685,0,0,0,2021-2023
731085,1010655,0,0,0,2021-2023
731115,1010625,0,-30,30,2021-2023
731145,1010625,0,0,0,2021-2023
731175,1010625,0,0,0,2021-2023
731205,1010595,0,-30,30,2021-2023
731235,1010565,0,-30,30,2021-2023
731265,1010565,0,-30,30,2021-2023
731295,1010565,0,0,0,2021-2023
731325,1010565,0,0,0,2021-2023
731355,1010535,0,0,0,2021-2023
731385,1010535,0,0,0,2021-2023
731415,1010505,0,0,0,2021-2023
731445,1010505,0,0,0,2021-2023
731475,1010505,0,0,0,2021-2023
731505,1010505,-30,0,30,2021-2023
731535,1010505,0,30,30,2021-2023
731565,1010475,-30,0,30,2021-2023
731595,1010475,0,30,30,2021-2023
731625,1010445,-30,0,30,2021-2023
731655,1010445,0,30,30,2021-2023
731685,1010445,-30,30,42.4264068711929,2021-2023
731715,1010415,0,30,30,2021-2023
731745,1010415,-30,30,42.4264068711929,2021-2023
731775,1010415,0,60,60,2021-2023
731805,1010415,0,60,60,2021-2023
731835,1010385,0,30,30,2021-2023
731865,1010385,0,30,30,2021-2023
731895,1010385,0,30,30,2021-2023
731925,1010355,-30,0,30,2021-2023
731955,1010355,0,30,30,2021-2023
731985,1010355,0,30,30,2021-2023
732015,1010355,0,30,30,2021-2023
732045,1010325,0,0,0,2021-2023
732075,1010325,0,0,0,2021-2023
732105,1010325,0,0,0,2021-2023
732135,1010325,0,0,0,2021-2023
732165,1010325,0,0,0,2021-2023
732195,1010325,0,0,0,2021-2023
732225,1010325,0,0,0,2021-2023
732255,1010295,0,0,0,2021-2023
732285,1010295,0,0,0,2021-2023
732315,1010295,0,0,0,2021-2023
732345,1010295,0,0,0,2021-2023
732375,1010295,0,0,0,2021-2023
732405,1010295,0,0,0,2021-2023
732435,1010295,0,0,0,2021-2023
732465,1010295,0,0,0,2021-2023
732495,1010265,0,0,0,2021-2023
732525,1010265,0,0,0,2021-2023
732555,1010265,0,0,0,2021-2023
732585,1010265,0,0,0,2021-2023
732615,1010265,0,0,0,2021-2023
732645,1010235,0,-30,30,2021-2023
732675,1010235,0,-30,30,2021-2023
732705,1010235,0,-30,30,2021-2023
732735,1010235,0,-30,30,2021-2023
732765,1010235,0,0,0,2021-2023
732795,1010205,0,-30,30,2021-2023
732825,1010205,0,-30,30,2021-2023
732855,1010205,0,0,0,2021-2023
732885,1010205,0,0,0,2021-2023
732915,1010205,0,0,0,2021-2023
732945,1010205,0,0,0,2021-2023
732975,1010175,0,-30,30,2021-2023
733005,1010175,0,0,0,2021-2023
733035,1010175,0,0,0,2021-2023
733065,1010145,0,-30,30,2021-2023
733095,1010145,0,0,0,2021-2023
733125,1010145,0,0,0,2021-2023
733155,1010145,0,0,0,2021-2023
733185,1010115,0,-30,30,2021-2023
733215,1010115,0,0,0,2021-2023
733245,1010115,0,0,0,2021-2023
733275,1010115,-30,0,30,2021-2023
733305,1010085,0,0,0,2021-2023
733335,1010085,0,0,0,2021-2023
733365,1010055,0,-30,30,2021-2023
733395,1010055,0,0,0,2021-2023
733425,1010055,0,0,0,2021-2023
733455,1010055,-30,0,30,2021-2023
733485,1010025,0,0,0,2021-2023
733515,1010025,0,0,0,2021-2023
733545,1010025,0,0,0,2021-2023
733575,1010025,-30,0,30,2021-2023
733605,1009995,0,0,0,2021-2023
733635,1009995,0,0,0,2021-2023
733665,1009995,-30,0,30,2021-2023
733695,1009965,0,0,0,2021-2023
733725,1009965,-30,0,30,2021-2023
733755,1009965,0,30,30,2021-2023
733785,1009965,0,30,30,2021-2023
733815,1009935,0,0,0,2021-2023
733845,1009935,-30,0,30,2021-2023
733875,1009935,0,30,30,2021-2023
733905,1009905,-30,0,30,2021-2023
733935,1009905,0,30,30,2021-2023
733965,1009875,0,0,0,2021-2023
733995,1009875,-30,0,30,2021-2023
734025,1009875,0,30,30,2021-2023
734055,1009845,-30,0,30,2021-2023
734085,1009815,0,0,0,2021-2023
734115,1009815,0,0,0,2021-2023
734145,1009815,0,0,0,2021-2023
734175,1009815,-30,0,30,2021-2023
734205,1009785,0,0,0,2021-2023
734235,1009785,-30,0,30,2021-2023
734265,1009755,0,0,0,2021-2023
734295,1009755,0,0,0,2021-2023
734325,1009755,-30,0,30,2021-2023
734355,1009725,0,0,0,2021-2023
734385,1009725,0,0,0,2021-2023
734415,1009725,0,0,0,2021-2023
734445,1009695,0,0,0,2021-2023
734475,1009695,0,0,0,2021-2023
734505,1009665,0,0,0,2021-2023
734535,1009665,0,0,0,2021-2023
734565,1009665,0,0,0,2021-2023
734595,1009665,-30,0,30,2021-2023
734625,1009635,0,0,0,2021-2023
734655,1009635,0,0,0,2021-2023
734685,1009635,-30,0,30,2021-2023
734715,1009605,0,0,0,2021-2023
734745,1009605,0,0,0,2021-2023
734775,1009605,0,0,0,2021-2023
734805,1009575,0,0,0,2021-2023
734835,1009575,-30,0,30,2021-2023
734865,1009575,0,30,30,2021-2023
734895,1009575,0,30,30,2021-2023
734925,1009545,0,0,0,2021-2023
734955,1009545,0,0,0,2021-2023
734985,1009545,0,0,0,2021-2023
735015,1009515,0,0,0,2021-2023
735045,1009515,0,0,0,2021-2023
735075,1009515,0,0,0,2021-2023
735105,1009485,0,-30,30,2021-2023
735135,1009485,0,0,0,2021-2023
735165,1009455,0,-30,30,2021-2023
735195,1009455,0,-30,30,2021-2023
735225,1009425,30,-30,42.4264068711929,2021-2023
735255,1009425,0,-30,30,2021-2023
735285,1009395,0,-60,60,2021-2023
735315,1009395,0,-60,60,2021-2023
735345,1009395,30,-30,42.4264068711929,2021-2023
735375,1009365,0,-60,60,2021-2023
735405,1009365,30,-30,42.4264068711929,2021-2023
735435,1009335,0,-60,60,2021-2023
735465,1009335,30,-30,42.4264068711929,2021-2023
735495,1009305,30,-30,42.4264068711929,2021-2023
735525,1009275,30,-30,42.4264068711929,2021-2023
735555,1009245,30,-30,42.4264068711929,2021-2023
735585,1009245,0,-30,30,2021-2023
735615,1009215,0,-30,30,2021-2023
735645,1009185,0,-30,30,2021-2023
735675,1009155,0,-30,30,2021-2023
735705,1009155,0,-30,30,2021-2023
735735,1009125,0,-30,30,2021-2023
735765,1009095,0,-30,30,2021-2023
735795,1009095,0,0,0,2021-2023
735825,1009065,0,0,0,2021-2023
735855,1009035,0,0,0,2021-2023
735885,1009035,0,0,0,2021-2023
735915,1009005,0,0,0,2021-2023
735945,1008975,0,0,0,2021-2023
735975,1008945,0,0,0,2021-2023
736005,1008945,-30,0,30,2021-2023
736035,1008915,0,0,0,2021-2023
736065,1008885,0,0,0,2021-2023
736095,1008885,-30,0,30,2021-2023
736125,1008855,-30,0,30,2021-2023
736155,1008825,-30,0,30,2021-2023
736185,1008795,-30,0,30,2021-2023
736215,1008795,0,30,30,2021-2023
736245,1008765,-30,0,30,2021-2023
736275,1008735,-30,0,30,2021-2023
736305,1008705,0,0,0,2021-2023
736335,1008675,0,0,0,2021-2023
736365,1008645,0,0,0,2021-2023
736395,1008615,0,0,0,2021-2023
736425,1008615,0,0,0,2021-2023
736455,1008585,0,0,0,2021-2023
736485,1008555,0,0,0,2021-2023
736515,1008555,-30,0,30,2021-2023
736545,1008525,0,0,0,2021-2023
736575,1008495,0,0,0,2021-2023
736605,1008465,0,0,0,2021-2023
736635,1008435,0,0,0,2021-2023
736665,1008405,0,0,0,2021-2023
736695,1008375,-30,0,30,2021-2023
736695,1008345,0,0,0,2021-2023
736725,1008315,0,0,0,2021-2023
736755,1008285,0,0,0,2021-2023
736755,1008255,0,-30,30,2021-2023
736785,1008225,0,-30,30,2021-2023
736815,1008195,0,0,0,2021-2023
736845,1008165,0,0,0,2021-2023
736875,1008135,0,0,0,2021-2023
736905,1008105,0,0,0,2021-2023
736905,1008075,0,0,0,2021-2023
736935,1008045,0,0,0,2021-2023
736965,1008015,0,0,0,2021-2023
736995,1007985,0,0,0,2021-2023
737025,1007955,0,0,0,2021-2023
737055,1007925,-30,0,30,2021-2023
737085,1007895,-30,0,30,2021-2023
737085,1007865,0,0,0,2021-2023
737115,1007835,0,0,0,2021-2023
737145,1007805,0,0,0,2021-2023
737175,1007775,0,0,0,2021-2023
737205,1007745,0,0,0,2021-2023
737235,1007715,0,0,0,2021-2023
737265,1007685,0,0,0,2021-2023
737295,1007655,-30,0,30,2021-2023
737325,1007625,-30,0,30,2021-2023
737325,1007595,0,0,0,2021-2023
737355,1007565,0,0,0,2021-2023
737385,1007535,0,0,0,2021-2023
737385,1007505,0,0,0,2021-2023
737415,1007475,0,0,0,2021-2023
737445,1007445,0,0,0,2021-2023
737475,1007415,0,0,0,2021-2023
737505,1007385,-30,0,30,2021-2023
737505,1007355,0,0,0,2021-2023
737535,1007325,0,0,0,2021-2023
737565,1007295,-30,0,30,2021-2023
737595,1007265,-30,0,30,2021-2023
737595,1007235,0,0,0,2021-2023
737625,1007205,0,0,0,2021-2023
737655,1007175,-30,0,30,2021-2023
737685,1007145,-30,0,30,2021-2023
737715,1007115,-30,0,30,2021-2023
737715,1007085,-30,0,30,2021-2023
737745,1007055,-30,0,30,2021-2023
737775,1007025,-30,0,30,2021-2023
737805,1006995,-30,0,30,2021-2023
737805,1006965,-30,0,30,2021-2023
737835,1006935,-30,0,30,2021-2023
737865,1006905,-30,0,30,2021-2023
737895,1006875,-30,30,42.4264068711929,2021-2023
737925,1006875,-60,30,67.0820393249937,2021-2023
737955,1006845,-60,30,67.0820393249937,2021-2023
737955,1006815,-30,30,42.4264068711929,2021-2023
737985,1006785,-60,0,60,2021-2023
737985,1006755,-30,30,42.4264068711929,2021-2023
738015,1006725,-30,30,42.4264068711929,2021-2023
738045,1006695,-30,30,42.4264068711929,2021-2023
738075,1006665,-30,30,42.4264068711929,2021-2023
738075,1006635,-30,0,30,2021-2023
738075,1006605,-30,0,30,2021-2023
738105,1006575,-30,0,30,2021-2023
738105,1006545,-30,0,30,2021-2023
738135,1006515,-30,30,42.4264068711929,2021-2023
738135,1006485,-30,0,30,2021-2023
738135,1006455,-30,0,30,2021-2023
738135,1006425,0,0,0,2021-2023
738165,1006395,-30,0,30,2021-2023
738165,1006365,-30,0,30,2021-2023
738195,1006335,-30,0,30,2021-2023
738195,1006305,-30,0,30,2021-2023
738195,1006275,-30,0,30,2021-2023
738225,1006245,-30,0,30,2021-2023
738225,1006215,-30,0,30,2021-2023
738255,1006185,-30,0,30,2021-2023
738255,1006155,-30,0,30,2021-2023
738255,1006125,0,0,0,2021-2023
738255,1006095,0,0,0,2021-2023
738285,1006065,0,0,0,2021-2023
738315,1006035,-30,0,30,2021-2023
738315,1006005,0,0,0,2021-2023
738345,1005975,-30,0,30,2021-2023
738345,1005945,0,0,0,2021-2023
738375,1005915,0,0,0,2021-2023
738375,1005885,0,-30,30,2021-2023
738405,1005855,0,0,0,2021-2023
738405,1005825,0,0,0,2021-2023
738435,1005795,0,0,0,2021-2023
738435,1005765,0,0,0,2021-2023
738465,1005735,0,0,0,2021-2023
738465,1005705,0,0,0,2021-2023
738495,1005675,0,0,0,2021-2023
738495,1005645,0,0,0,2021-2023
738525,1005615,0,0,0,2021-2023
738525,1005585,0,0,0,2021-2023
738555,1005555,0,0,0,2021-2023
738555,1005525,0,0,0,2021-2023
738585,1005495,0,0,0,2021-2023
738615,1005465,-30,0,30,2021-2023
738615,1005435,-30,0,30,2021-2023
738645,1005405,-30,0,30,2021-2023
738645,1005375,-30,0,30,2021-2023
738675,1005345,-30,0,30,2021-2023
738705,1005315,-30,30,42.4264068711929,2021-2023
738705,1005285,-30,0,30,2021-2023
738735,1005255,-30,0,30,2021-2023
738735,1005225,-30,0,30,2021-2023
738765,1005195,-30,0,30,2021-2023
738765,1005165,0,0,0,2021-2023
738795,1005135,-30,0,30,2021-2023
738795,1005105,0,0,0,2021-2023
738825,1005075,-30,0,30,2021-2023
738855,1005045,-30,0,30,2021-2023
738855,1005015,0,0,0,2021-2023
738885,1004985,-30,0,30,2021-2023
738885,1004955,0,0,0,2021-2023
738915,1004925,-30,0,30,2021-2023
738915,1004895,0,0,0,2021-2023
738945,1004865,-30,0,30,2021-2023
738945,1004835,0,0,0,2021-2023
738975,1004805,-30,0,30,2021-2023
739005,1004775,-30,0,30,2021-2023
739035,1004745,-30,30,42.4264068711929,2021-2023
739035,1004715,-30,0,30,2021-2023
739065,1004685,-60,0,60,2021-2023
739095,1004655,-60,30,67.0820393249937,2021-2023
739095,1004625,-30,30,42.4264068711929,2021-2023
739125,1004595,-30,30,42.4264068711929,2021-2023
739125,1004565,-30,0,30,2021-2023
739155,1004535,-30,0,30,2021-2023
739185,1004505,-30,30,42.4264068711929,2021-2023
739185,1004475,-30,0,30,2021-2023
739215,1004445,0,30,30,2021-2023
739245,1004415,0,0,0,2021-2023
739275,1004385,0,0,0,2021-2023
739275,1004355,0,-30,30,2021-2023
739305,1004325,0,-30,30,2021-2023
739335,1004325,0,0,0,2021-2023
739365,1004295,0,0,0,2021-2023
739395,1004295,0,0,0,2021-2023
739425,1004265,0,0,0,2021-2023
739455,1004235,0,0,0,2021-2023
739485,1004235,0,0,0,2021-2023
739515,1004205,0,0,0,2021-2023
739545,1004175,0,0,0,2021-2023
739575,1004145,0,-30,30,2021-2023
739605,1004145,0,0,0,2021-2023
739635,1004115,0,0,0,2021-2023
739665,1004085,0,0,0,2021-2023
739695,1004055,0,0,0,2021-2023
739725,1004025,0,0,0,2021-2023
739755,1003995,0,0,0,2021-2023
739785,1003965,0,0,0,2021-2023
739815,1003935,0,0,0,2021-2023
739845,1003905,0,0,0,2021-2023
739875,1003905,0,0,0,2021-2023
739905,1003875,0,0,0,2021-2023
739935,1003845,0,0,0,2021-2023
739965,1003815,0,0,0,2021-2023
739995,1003785,0,0,0,2021-2023
740025,1003755,0,0,0,2021-2023
740055,1003725,0,0,0,2021-2023
740085,1003695,0,0,0,2021-2023
740115,1003665,0,0,0,2021-2023
740145,1003635,0,0,0,2021-2023
740145,1003605,0,-30,30,2021-2023
740175,1003575,0,-30,30,2021-2023
740205,1003545,0,-30,30,2021-2023
740235,1003515,0,-30,30,2021-2023
740265,1003485,0,0,0,2021-2023
740295,1003455,0,0,0,2021-2023
740325,1003425,0,0,0,2021-2023
740355,1003395,0,0,0,2021-2023
740385,1003365,0,0,0,2021-2023
740415,1003335,0,0,0,2021-2023
740415,1003305,0,-30,30,2021-2023
740445,1003275,0,-30,30,2021-2023
740475,1003245,0,0,0,2021-2023
740505,1003215,0,0,0,2021-2023
740535,1003185,0,0,0,2021-2023
740565,1003155,0,0,0,2021-2023
740595,1003125,0,0,0,2021-2023
740625,1003095,0,0,0,2021-2023
740625,1003065,0,0,0,2021-2023
740655,1003035,0,0,0,2021-2023
740685,1003005,0,0,0,2021-2023
740715,1002975,0,0,0,2021-2023
740745,1002945,0,0,0,2021-2023
740775,1002915,0,0,0,2021-2023
740805,1002885,0,0,0,2021-2023
740835,1002855,0,0,0,2021-2023
740865,1002825,0,0,0,2021-2023
740895,1002795,0,0,0,2021-2023
740925,1002765,0,0,0,2021-2023
740955,1002735,0,0,0,2021-2023
740985,1002705,0,0,0,2021-2023
741015,1002675,0,0,0,2021-2023
741045,1002645,0,0,0,2021-2023
741045,1002615,0,-30,30,2021-2023
741075,1002585,0,-30,30,2021-2023
741105,1002555,0,0,0,2021-2023
741135,1002525,0,0,0,2021-2023
741165,1002495,0,0,0,2021-2023
741195,1002465,0,0,0,2021-2023
741225,1002435,0,0,0,2021-2023
741255,1002405,0,0,0,2021-2023
741285,1002405,-30,0,30,2021-2023
741315,1002375,0,0,0,2021-2023
741345,1002345,0,0,0,2021-2023
741375,1002345,-30,0,30,2021-2023
741405,1002315,-30,0,30,2021-2023
741435,1002315,0,30,30,2021-2023
741465,1002285,-30,0,30,2021-2023
741495,1002285,0,30,30,2021-2023
741525,1002255,-30,0,30,2021-2023
741555,1002255,-30,30,42.4264068711929,2021-2023
741585,1002255,0,60,60,2021-2023
741615,1002225,-30,30,42.4264068711929,2021-2023
741645,1002195,-30,30,42.4264068711929,2021-2023
741675,1002165,0,30,30,2021-2023
741705,1002135,-30,0,30,2021-2023
741735,1002105,0,0,0,2021-2023
741765,1002075,0,0,0,2021-2023
741765,1002045,0,0,0,2021-2023
741795,1002015,-30,0,30,2021-2023
741795,1001985,0,0,0,2021-2023
741795,1001955,0,0,0,2021-2023
741795,1001925,0,0,0,2021-2023
741825,1001895,-30,0,30,2021-2023
741825,1001865,-30,0,30,2021-2023
741825,1001835,0,0,0,2021-2023
741825,1001805,0,0,0,2021-2023
741825,1001775,0,0,0,2021-2023
741825,1001745,0,0,0,2021-2023
741825,1001715,0,0,0,2021-2023
741825,1001685,0,-30,30,2021-2023
741825,1001655,30,0,30,2021-2023
741825,1001625,30,0,30,2021-2023
741825,1001595,30,0,30,2021-2023
741825,1001565,30,0,30,2021-2023
741825,1001535,30,0,30,2021-2023
741825,1001505,30,0,30,2021-2023
741855,1001475,0,-30,30,2021-2023
741855,1001445,30,0,30,2021-2023
741855,1001415,30,0,30,2021-2023
741855,1001385,30,0,30,2021-2023
741855,1001355,30,0,30,2021-2023
741855,1001325,30,0,30,2021-2023
741885,1001295,0,0,0,2021-2023
741885,1001265,0,-30,30,2021-2023
741915,1001235,0,0,0,2021-2023
741915,1001205,0,0,0,2021-2023
741915,1001175,0,0,0,2021-2023
741945,1001145,-30,0,30,2021-2023
741945,1001115,0,0,0,2021-2023
741975,1001085,-30,0,30,2021-2023
741975,1001055,0,0,0,2021-2023
742005,1001025,-30,0,30,2021-2023
742005,1000995,-30,0,30,2021-2023
742005,1000965,0,0,0,2021-2023
742035,1000935,-30,0,30,2021-2023
742065,1000905,-30,30,42.4264068711929,2021-2023
742095,1000875,-60,0,60,2021-2023
742095,1000845,-30,30,42.4264068711929,2021-2023
742095,1000815,-30,0,30,2021-2023
742095,1000785,-30,0,30,2021-2023
742095,1000755,0,0,0,2021-2023
742125,1000725,-30,0,30,2021-2023
742125,1000695,0,0,0,2021-2023
742155,1000665,0,0,0,2021-2023
742185,1000635,0,0,0,2021-2023
742215,1000605,0,0,0,2021-2023
742215,1000575,0,-30,30,2021-2023
742245,1000545,0,-30,30,2021-2023
742275,1000515,0,0,0,2021-2023
742305,1000485,0,0,0,2021-2023
742335,1000455,0,0,0,2021-2023
742365,1000425,0,0,0,2021-2023
742365,1000395,0,-30,30,2021-2023
742395,1000365,0,-30,30,2021-2023
742425,1000335,0,-30,30,2021-2023
742455,1000305,0,-30,30,2021-2023
742455,1000275,30,-30,42.4264068711929,2021-2023
742485,1000245,30,-30,42.4264068711929,2021-2023
742515,1000245,0,-30,30,2021-2023
742545,1000245,0,0,0,2021-2023
742575,1000215,-30,0,30,2021-2023
742605,1000185,0,0,0,2021-2023
742635,1000185,0,0,0,2021-2023
742665,1000155,0,0,0,2021-2023
742695,1000155,-30,0,30,2021-2023
742725,1000125,0,0,0,2021-2023
742755,1000095,0,0,0,2021-2023
742785,1000095,0,0,0,2021-2023
742815,1000065,0,0,0,2021-2023
742845,1000065,-30,0,30,2021-2023
742875,1000035,0,0,0,2021-2023
742905,1000005,0,0,0,2021-2023
742935,1000005,0,0,0,2021-2023
742965,999975,0,0,0,2021-2023
742995,999975,0,0,0,2021-2023
743025,999945,0,-30,30,2021-2023
743055,999945,0,-30,30,2021-2023
743085,999915,30,-30,42.4264068711929,2021-2023
743115,999885,0,-60,60,2021-2023
743145,999885,30,-30,42.4264068711929,2021-2023
743175,999855,0,-60,60,2021-2023
743205,999855,30,-30,42.4264068711929,2021-2023
743235,999825,0,-60,60,2021-2023
743265,999795,30,-60,67.0820393249937,2021-2023
743295,999795,30,-30,42.4264068711929,2021-2023
743325,999765,0,-60,60,2021-2023
743355,999765,30,-30,42.4264068711929,2021-2023
743385,999735,0,-60,60,2021-2023
743415,999705,30,-60,67.0820393249937,2021-2023
743445,999705,30,-30,42.4264068711929,2021-2023
743475,999675,30,-30,42.4264068711929,2021-2023
743505,999675,0,-30,30,2021-2023
743535,999645,30,-30,42.4264068711929,2021-2023
743565,999615,30,-30,42.4264068711929,2021-2023
743595,999615,0,-30,30,2021-2023
743625,999585,0,-30,30,2021-2023
743655,999585,0,0,0,2021-2023
743685,999555,0,-30,30,2021-2023
743715,999525,0,-30,30,2021-2023
743745,999525,0,0,0,2021-2023
743775,999495,0,0,0,2021-2023
743805,999465,0,-30,30,2021-2023
743835,999465,0,0,0,2021-2023
743865,999435,0,0,0,2021-2023
743895,999435,-30,0,30,2021-2023
743925,999405,0,0,0,2021-2023
743955,999375,0,0,0,2021-2023
743985,999345,0,0,0,2021-2023
744015,999345,-30,0,30,2021-2023
744045,999315,0,0,0,2021-2023
744075,999285,0,0,0,2021-2023
744105,999285,-30,0,30,2021-2023
744135,999255,0,0,0,2021-2023
744165,999225,0,0,0,2021-2023
744195,999195,0,0,0,2021-2023
744225,999165,0,0,0,2021-2023
744255,999135,0,-30,30,2021-2023
744285,999135,0,0,0,2021-2023
744315,999105,0,0,0,2021-2023
744345,999075,0,0,0,2021-2023
744375,999045,0,0,0,2021-2023
744405,999015,0,0,0,2021-2023
744435,998985,0,0,0,2021-2023
744465,998955,0,0,0,2021-2023
744495,998925,0,0,0,2021-2023
744525,998895,0,0,0,2021-2023
744555,998865,-30,0,30,2021-2023
744585,998835,-30,0,30,2021-2023
744615,998805,-30,0,30,2021-2023
744615,998775,0,0,0,2021-2023
744645,998745,0,0,0,2021-2023
744675,998715,0,0,0,2021-2023
744705,998685,0,0,0,2021-2023
744735,998655,0,0,0,2021-2023
744765,998625,0,0,0,2021-2023
744795,998595,0,0,0,2021-2023
744825,998565,0,0,0,2021-2023
744855,998535,0,0,0,2021-2023
744885,998505,0,0,0,2021-2023
744885,998475,0,-30,30,2021-2023
744915,998445,0,0,0,2021-2023
744945,998415,0,0,0,2021-2023
744975,998385,0,0,0,2021-2023
745005,998355,0,0,0,2021-2023
745035,998325,0,0,0,2021-2023
745065,998295,0,0,0,2021-2023
745095,998265,0,0,0,2021-2023
745095,998235,0,-30,30,2021-2023
745125,998205,0,-30,30,2021-2023
745155,998175,0,-30,30,2021-2023
745185,998145,0,-30,30,2021-2023
745215,998115,0,-30,30,2021-2023
745245,998115,0,-30,30,2021-2023
745275,998115,0,0,0,2021-2023
745305,998085,0,0,0,2021-2023
745335,998085,0,0,0,2021-2023
745365,998055,0,0,0,2021-2023
745395,998025,0,-30,30,2021-2023
745425,998025,0,0,0,2021-2023
745455,997995,0,0,0,2021-2023
745485,997965,0,0,0,2021-2023
745515,997965,0,0,0,2021-2023
745545,997935,0,0,0,2021-2023
745575,997935,-30,0,30,2021-2023
745605,997905,0,0,0,2021-2023
745635,997905,-30,0,30,2021-2023
745665,997875,0,0,0,2021-2023
745695,997875,-30,0,30,2021-2023
745725,997845,0,0,0,2021-2023
745755,997845,-30,0,30,2021-2023
745785,997815,0,0,0,2021-2023
745815,997815,-30,0,30,2021-2023
745845,997785,0,0,0,2021-2023
745875,997785,0,0,0,2021-2023
745905,997785,-30,0,30,2021-2023
745935,997755,0,0,0,2021-2023
745965,997755,0,0,0,2021-2023
745995,997725,0,0,0,2021-2023
746025,997725,0,0,0,2021-2023
746055,997725,0,0,0,2021-2023
746085,997695,0,-30,30,2021-2023
746115,997695,0,0,0,2021-2023
746145,997695,0,0,0,2021-2023
746175,997695,-30,0,30,2021-2023
746205,997695,0,30,30,2021-2023
746235,997665,0,0,0,2021-2023
746265,997665,0,0,0,2021-2023
746295,997665,0,0,0,2021-2023
746325,997665,0,0,0,2021-2023
746355,997635,0,0,0,2021-2023
746385,997635,0,0,0,2021-2023
746415,997635,0,0,0,2021-2023
746445,997635,0,0,0,2021-2023
746475,997635,0,0,0,2021-2023
746505,997635,0,0,0,2021-2023
746535,997635,-30,0,30,2021-2023
746565,997635,0,30,30,2021-2023
746595,997605,0,0,0,2021-2023
746625,997605,0,0,0,2021-2023
746655,997605,0,0,0,2021-2023
746685,997605,0,0,0,2021-2023
746715,997605,0,0,0,2021-2023
746745,997605,0,0,0,2021-2023
746775,997605,0,0,0,2021-2023
746805,997605,0,0,0,2021-2023
746835,997605,0,0,0,2021-2023
746865,997575,0,-30,30,2021-2023
746895,997575,0,-30,30,2021-2023
746925,997575,0,-30,30,2021-2023
746955,997575,0,-30,30,2021-2023
746985,997575,0,0,0,2021-2023
747015,997575,0,0,0,2021-2023
747045,997575,0,0,0,2021-2023
747075,997575,0,0,0,2021-2023
747105,997575,0,0,0,2021-2023
747135,997575,0,0,0,2021-2023
747165,997575,0,0,0,2021-2023
747195,997575,0,0,0,2021-2023
747225,997575,0,0,0,2021-2023
747255,997575,0,0,0,2021-2023
747285,997545,0,-30,30,2021-2023
747315,997545,0,-30,30,2021-2023
747345,997545,0,-30,30,2021-2023
747375,997545,0,-30,30,2021-2023
747405,997545,0,0,0,2021-2023
747435,997545,0,0,0,2021-2023
747465,997545,0,0,0,2021-2023
747495,997545,0,0,0,2021-2023
747525,997545,0,0,0,2021-2023
747555,997545,0,0,0,2021-2023
747585,997545,0,0,0,2021-2023
747615,997545,0,0,0,2021-2023
747645,997545,0,0,0,2021-2023
747675,997515,0,-30,30,2021-2023
747705,997515,0,0,0,2021-2023
747735,997515,0,0,0,2021-2023
747765,997515,0,0,0,2021-2023
747795,997515,0,0,0,2021-2023
747825,997515,0,0,0,2021-2023
747855,997515,0,0,0,2021-2023
747885,997515,0,0,0,2021-2023
747915,997485,0,0,0,2021-2023
747945,997485,0,0,0,2021-2023
747975,997485,0,0,0,2021-2023
748005,997455,0,0,0,2021-2023
748035,997425,0,-30,30,2021-2023
748065,997395,0,-60,60,2021-2023
748095,997395,0,-60,60,2021-2023
748125,997395,30,-30,42.4264068711929,2021-2023
748155,997395,0,-30,30,2021-2023
748185,997395,0,-30,30,2021-2023
748215,997365,0,-60,60,2021-2023
748245,997365,30,-30,42.4264068711929,2021-2023
748275,997365,0,-30,30,2021-2023
748305,997335,0,-60,60,2021-2023
748335,997335,0,-60,60,2021-2023
748365,997365,0,-30,30,2021-2023
748395,997365,0,-30,30,2021-2023
748425,997365,0,0,0,2021-2023
748455,997365,0,0,0,2021-2023
748485,997335,0,-30,30,2021-2023
748515,997335,0,-30,30,2021-2023
748545,997335,0,-30,30,2021-2023
748575,997335,0,0,0,2021-2023
748605,997335,0,0,0,2021-2023
748635,997335,0,0,0,2021-2023
748665,997335,0,0,0,2021-2023
748695,997335,0,0,0,2021-2023
748725,997335,-30,0,30,2021-2023
748755,997365,0,0,0,2021-2023
748785,997365,0,0,0,2021-2023
748815,997365,0,0,0,2021-2023
748845,997365,0,0,0,2021-2023
748875,997365,0,0,0,2021-2023
748905,997365,-30,0,30,2021-2023
748935,997395,0,0,0,2021-2023
748965,997395,0,0,0,2021-2023
748995,997395,0,0,0,2021-2023
749025,997395,0,0,0,2021-2023
749055,997395,-30,0,30,2021-2023
749085,997395,0,-30,30,2021-2023
749115,997395,0,-30,30,2021-2023
749145,997395,0,-30,30,2021-2023
749175,997395,0,-30,30,2021-2023
749205,997395,0,-30,30,2021-2023
749235,997395,0,-30,30,2021-2023
749265,997395,0,-30,30,2021-2023
749295,997395,0,-30,30,2021-2023
749325,997395,0,-30,30,2021-2023
749355,997395,0,0,0,2021-2023
749385,997395,0,0,0,2021-2023
749415,997395,0,0,0,2021-2023
749445,997395,0,0,0,2021-2023
749475,997395,0,0,0,2021-2023
749505,997395,0,0,0,2021-2023
749535,997395,0,0,0,2021-2023
749565,997365,0,0,0,2021-2023
749595,997365,0,0,0,2021-2023
749625,997365,0,0,0,2021-2023
749655,997365,0,0,0,2021-2023
749685,997365,0,0,0,2021-2023
749715,997335,0,0,0,2021-2023
749745,997335,0,0,0,2021-2023
749775,997335,0,0,0,2021-2023
749805,997335,0,0,0,2021-2023
749835,997335,-30,0,30,2021-2023
749865,997305,0,0,0,2021-2023
749895,997305,0,0,0,2021-2023
749925,997305,-30,0,30,2021-2023
749955,997275,0,0,0,2021-2023
749985,997275,0,0,0,2021-2023
750015,997245,0,0,0,2021-2023
750045,997245,0,0,0,2021-2023
750075,997245,0,0,0,2021-2023
750105,997245,0,0,0,2021-2023
750135,997245,-30,0,30,2021-2023
750165,997215,0,0,0,2021-2023
750195,997185,0,0,0,2021-2023
750225,997185,0,0,0,2021-2023
750255,997155,0,-30,30,2021-2023
750285,997155,0,-30,30,2021-2023
750315,997155,0,0,0,2021-2023
750345,997155,0,0,0,2021-2023
750375,997125,0,0,0,2021-2023
750405,997125,0,0,0,2021-2023
750435,997095,0,0,0,2021-2023
750465,997095,0,0,0,2021-2023
750495,997095,0,0,0,2021-2023
750525,997065,0,0,0,2021-2023
750555,997065,0,0,0,2021-2023
750585,997035,0,0,0,2021-2023
750615,997035,0,0,0,2021-2023
750645,997005,0,0,0,2021-2023
750675,996975,0,0,0,2021-2023
750705,996975,0,0,0,2021-2023
750735,996975,-30,0,30,2021-2023
750765,996945,0,0,0,2021-2023
750795,996945,-30,0,30,2021-2023
750825,996915,0,0,0,2021-2023
750855,996885,0,0,0,2021-2023
750885,996885,0,0,0,2021-2023
750915,996855,0,0,0,2021-2023
750945,996855,0,0,0,2021-2023
750975,996825,0,0,0,2021-2023
751005,996825,0,0,0,2021-2023
751035,996795,0,0,0,2021-2023
751065,996795,-30,0,30,2021-2023
751095,996765,0,0,0,2021-2023
751125,996765,-30,0,30,2021-2023
751155,996735,-30,0,30,2021-2023
751185,996705,0,0,0,2021-2023
751215,996705,-30,0,30,2021-2023
751245,996675,0,0,0,2021-2023
751275,996675,-30,0,30,2021-2023
751305,996645,-30,0,30,2021-2023
751335,996615,0,0,0,2021-2023
751365,996615,0,0,0,2021-2023
751395,996585,0,-30,30,2021-2023
751425,996585,0,0,0,2021-2023
751455,996555,0,-30,30,2021-2023
751485,996525,0,-30,30,2021-2023
751515,996525,0,-30,30,2021-2023
751545,996495,30,-30,42.4264068711929,2021-2023
751575,996495,0,-30,30,2021-2023
751605,996465,0,-30,30,2021-2023
751635,996435,30,-30,42.4264068711929,2021-2023
751665,996435,0,-30,30,2021-2023
751695,996405,30,-30,42.4264068711929,2021-2023
751725,996375,0,-60,60,2021-2023
751755,996345,30,-60,67.0820393249937,2021-2023
751785,996345,30,-30,42.4264068711929,2021-2023
751815,996315,30,-30,42.4264068711929,2021-2023
751845,996285,30,-30,42.4264068711929,2021-2023
751875,996255,30,-30,42.4264068711929,2021-2023
751905,996255,0,-30,30,2021-2023
751935,996225,30,-30,42.4264068711929,2021-2023
751965,996225,0,-30,30,2021-2023
751995,996225,0,0,0,2021-2023
752025,996225,0,0,0,2021-2023
752055,996195,0,0,0,2021-2023
752085,996165,0,0,0,2021-2023
752115,996135,0,0,0,2021-2023
752145,996135,0,0,0,2021-2023
752175,996105,0,0,0,2021-2023
752205,996105,0,0,0,2021-2023
752235,996075,0,0,0,2021-2023
752265,996075,-30,0,30,2021-2023
752295,996045,0,0,0,2021-2023
752325,996045,-30,0,30,2021-2023
752355,996045,0,30,30,2021-2023
752385,996045,0,30,30,2021-2023
752415,996045,0,30,30,2021-2023
752445,996015,-30,0,30,2021-2023
752475,996015,0,30,30,2021-2023
752505,995985,0,0,0,2021-2023
752535,995985,-30,0,30,2021-2023
752565,995985,0,30,30,2021-2023
752595,995985,0,30,30,2021-2023
752625,995955,0,0,0,2021-2023
752655,995955,-30,0,30,2021-2023
752685,995925,0,0,0,2021-2023
752715,995925,0,0,0,2021-2023
752745,995895,0,0,0,2021-2023
752775,995895,0,0,0,2021-2023
752805,995895,-30,0,30,2021-2023
752835,995865,0,0,0,2021-2023
752865,995865,-30,0,30,2021-2023
752895,995835,0,0,0,2021-2023
752925,995805,0,-30,30,2021-2023
752955,995805,0,0,0,2021-2023
752985,995805,0,0,0,2021-2023
753015,995805,-30,0,30,2021-2023
753045,995775,0,0,0,2021-2023
753075,995745,0,-30,30,2021-2023
753105,995745,0,0,0,2021-2023
753135,995715,0,-30,30,2021-2023
753165,995715,0,0,0,2021-2023
753195,995685,0,0,0,2021-2023
753225,995685,0,0,0,2021-2023
753255,995655,0,0,0,2021-2023
753285,995655,0,0,0,2021-2023
753315,995625,0,0,0,2021-2023
753345,995595,0,0,0,2021-2023
753375,995595,0,0,0,2021-2023
753405,995565,0,0,0,2021-2023
753435,995565,0,0,0,2021-2023
753465,995535,0,0,0,2021-2023
753495,995505,0,0,0,2021-2023
753525,995505,0,0,0,2021-2023
753555,995475,0,0,0,2021-2023
753585,995445,0,0,0,2021-2023
753615,995415,0,0,0,2021-2023
753645,995415,0,0,0,2021-2023
753675,995385,0,0,0,2021-2023
753705,995385,0,0,0,2021-2023
753735,995355,0,0,0,2021-2023
753765,995325,0,-30,30,2021-2023
753795,995295,0,-30,30,2021-2023
753825,995295,0,-30,30,2021-2023
753855,995265,0,-30,30,2021-2023
753885,995265,0,-30,30,2021-2023
753915,995235,0,-30,30,2021-2023
753945,995235,0,-30,30,2021-2023
753975,995205,0,-30,30,2021-2023
754005,995205,0,-30,30,2021-2023
754035,995205,0,-30,30,2021-2023
754065,995175,0,-30,30,2021-2023
754095,995175,0,-30,30,2021-2023
754125,995175,0,0,0,2021-2023
754155,995145,0,-30,30,2021-2023
754185,995145,0,0,0,2021-2023
754215,995115,0,-30,30,2021-2023
754245,995115,0,-30,30,2021-2023
754275,995115,0,0,0,2021-2023
754305,995085,0,-30,30,2021-2023
754335,995085,0,-30,30,2021-2023
754365,995085,0,0,0,2021-2023
754395,995055,0,-30,30,2021-2023
754425,995055,0,-30,30,2021-2023
754455,995055,0,0,0,2021-2023
754485,995055,0,0,0,2021-2023
754515,995025,0,-30,30,2021-2023
754545,995025,0,0,0,2021-2023
754575,995025,0,0,0,2021-2023
754605,995025,0,0,0,2021-2023
754635,994995,0,-30,30,2021-2023
754665,994995,0,-30,30,2021-2023
754695,994995,0,0,0,2021-2023
754725,994995,0,0,0,2021-2023
754755,994995,0,0,0,2021-2023
754785,994995,0,0,0,2021-2023
754815,994995,0,0,0,2021-2023
754845,994995,0,0,0,2021-2023
754875,994965,0,-30,30,2021-2023
754905,994965,0,-30,30,2021-2023
754935,994965,0,-30,30,2021-2023
754965,994965,0,-30,30,2021-2023
754995,994965,0,-30,30,2021-2023
755025,994965,0,-30,30,2021-2023
755055,994965,0,-30,30,2021-2023
755085,994965,0,-30,30,2021-2023
755115,994965,0,0,0,2021-2023
755145,994965,0,0,0,2021-2023
755175,994965,0,0,0,2021-2023
755205,994965,0,0,0,2021-2023
755235,994965,0,0,0,2021-2023
755265,994965,0,0,0,2021-2023
755295,994965,-30,0,30,2021-2023
755325,994965,0,-30,30,2021-2023
755355,994965,0,-30,30,2021-2023
755385,994965,0,-30,30,2021-2023
755415,994965,0,-30,30,2021-2023
755445,994995,0,0,0,2021-2023
755475,994995,0,0,0,2021-2023
755505,994995,0,0,0,2021-2023
755535,994995,0,0,0,2021-2023
755565,994995,0,0,0,2021-2023
755595,995025,0,30,30,2021-2023
755625,995025,0,0,0,2021-2023
755655,995025,0,0,0,2021-2023
755685,995025,0,0,0,2021-2023
755715,995055,0,30,30,2021-2023
755745,995055,0,30,30,2021-2023
755775,995055,0,30,30,2021-2023
755805,995085,30,30,42.4264068711929,2021-2023
755835,995085,0,30,30,2021-2023
755865,995085,0,30,30,2021-2023
755895,995115,0,30,30,2021-2023
755925,995115,0,30,30,2021-2023
755955,995115,0,0,0,2021-2023
755985,995145,0,30,30,2021-2023
756015,995145,0,30,30,2021-2023
756045,995145,0,0,0,2021-2023
756075,995175,0,30,30,2021-2023
756105,995175,0,30,30,2021-2023
756135,995175,0,0,0,2021-2023
756165,995205,0,30,30,2021-2023
756195,995205,0,0,0,2021-2023
756225,995205,-30,0,30,2021-2023
756255,995235,0,0,0,2021-2023
756285,995235,0,0,0,2021-2023
756315,995235,0,0,0,2021-2023
756345,995265,0,0,0,2021-2023
756375,995265,0,0,0,2021-2023
756405,995295,0,0,0,2021-2023
756435,995295,0,0,0,2021-2023
756465,995295,0,0,0,2021-2023
756495,995325,0,0,0,2021-2023
756525,995325,0,0,0,2021-2023
756555,995325,0,0,0,2021-2023
756585,995325,0,0,0,2021-2023
756615,995355,0,0,0,2021-2023
756645,995355,0,0,0,2021-2023
756675,995355,0,0,0,2021-2023
756705,995385,0,0,0,2021-2023
756735,995385,0,0,0,2021-2023
756765,995385,0,0,0,2021-2023
756795,995415,0,0,0,2021-2023
756825,995415,0,0,0,2021-2023
756855,995415,-30,0,30,2021-2023
756885,995415,0,-30,30,2021-2023
756915,995445,0,0,0,2021-2023
756945,995475,0,0,0,2021-2023
756975,995475,0,0,0,2021-2023
757005,995475,0,0,0,2021-2023
757035,995475,-30,0,30,2021-2023
757065,995505,0,0,0,2021-2023
757095,995505,-30,0,30,2021-2023
757125,995505,0,-30,30,2021-2023
757155,995505,-30,-30,42.4264068711929,2021-2023
757185,995535,0,-30,30,2021-2023
757215,995565,-30,0,30,2021-2023
757245,995565,0,-30,30,2021-2023
757275,995565,0,-30,30,2021-2023
757305,995565,0,-30,30,2021-2023
757335,995595,-30,0,30,2021-2023
757365,995595,0,-30,30,2021-2023
757395,995595,-30,-30,42.4264068711929,2021-2023
757425,995595,-60,-30,67.0820393249937,2021-2023
757455,995625,0,-60,60,2021-2023
757485,995625,0,-60,60,2021-2023
757515,995625,0,-60,60,2021-2023
757545,995625,0,-60,60,2021-2023
757575,995625,0,-60,60,2021-2023
757605,995625,0,-60,60,2021-2023
757635,995625,0,-60,60,2021-2023
757665,995625,0,-60,60,2021-2023
757695,995655,0,-30,30,2021-2023
757725,995655,0,-30,30,2021-2023
757755,995655,0,-30,30,2021-2023
757785,995655,0,-30,30,2021-2023
757815,995655,0,-30,30,2021-2023
757845,995655,0,-30,30,2021-2023
757875,995655,0,-30,30,2021-2023
757905,995655,0,-30,30,2021-2023
757935,995655,0,-30,30,2021-2023
757965,995655,0,-30,30,2021-2023
757995,995655,0,-30,30,2021-2023
758025,995655,0,-30,30,2021-2023
758055,995685,0,0,0,2021-2023
758085,995685,0,0,0,2021-2023
758115,995685,0,0,0,2021-2023
758145,995685,0,0,0,2021-2023
758175,995685,0,0,0,2021-2023
758205,995685,0,0,0,2021-2023
758235,995685,0,0,0,2021-2023
758265,995685,0,0,0,2021-2023
758295,995715,0,30,30,2021-2023
758325,995715,0,30,30,2021-2023
758355,995715,0,30,30,2021-2023
758385,995715,0,30,30,2021-2023
758415,995715,0,30,30,2021-2023
758445,995715,0,30,30,2021-2023
758475,995715,0,30,30,2021-2023
758505,995715,0,30,30,2021-2023
758535,995715,0,30,30,2021-2023
758565,995715,0,30,30,2021-2023
758595,995715,0,30,30,2021-2023
758625,995715,0,30,30,2021-2023
758655,995715,0,30,30,2021-2023
758685,995715,0,0,0,2021-2023
758715,995715,0,0,0,2021-2023
758745,995715,0,0,0,2021-2023
758775,995715,0,0,0,2021-2023
758805,995715,0,0,0,2021-2023
758835,995715,0,0,0,2021-2023
758865,995715,-30,0,30,2021-2023
758895,995715,0,30,30,2021-2023
758925,995715,0,30,30,2021-2023
758955,995715,0,30,30,2021-2023
758985,995715,0,30,30,2021-2023
759015,995715,0,30,30,2021-2023
759045,995715,0,30,30,2021-2023
759075,995715,0,30,30,2021-2023
759105,995715,0,30,30,2021-2023
759135,995715,0,30,30,2021-2023
759165,995715,0,30,30,2021-2023
759195,995715,0,30,30,2021-2023
759225,995715,0,30,30,2021-2023
759255,995715,0,30,30,2021-2023
759285,995685,0,0,0,2021-2023
759315,995685,-30,0,30,2021-2023
759345,995655,0,0,0,2021-2023
759375,995655,0,0,0,2021-2023
759405,995625,0,-30,30,2021-2023
759435,995625,0,0,0,2021-2023
759465,995595,0,-30,30,2021-2023
759495,995595,0,-30,30,2021-2023
759525,995595,0,0,0,2021-2023
759555,995565,0,-30,30,2021-2023
759585,995565,0,-30,30,2021-2023
759615,995535,0,-30,30,2021-2023
759645,995535,0,-30,30,2021-2023
759675,995535,0,-30,30,2021-2023
759705,995505,0,-30,30,2021-2023
759735,995475,30,-30,42.4264068711929,2021-2023
759765,995475,0,-30,30,2021-2023
759795,995445,0,-60,60,2021-2023
759825,995415,30,-60,67.0820393249937,2021-2023
759855,995415,0,-60,60,2021-2023
759885,995415,30,-30,42.4264068711929,2021-2023
759915,995415,0,-30,30,2021-2023
759945,995385,0,-30,30,2021-2023
759975,995355,30,-30,42.4264068711929,2021-2023
760005,995325,0,-60,60,2021-2023
760035,995325,30,-30,42.4264068711929,2021-2023
760065,995295,0,-60,60,2021-2023
760095,995265,30,-60,67.0820393249937,2021-2023
760125,995265,30,-30,42.4264068711929,2021-2023
760155,995235,0,-60,60,2021-2023
760185,995205,30,-60,67.0820393249937,2021-2023
760215,995205,0,-60,60,2021-2023
760245,995175,30,-60,67.0820393249937,2021-2023
760275,995145,30,-60,67.0820393249937,2021-2023
760305,995115,60,-60,84.8528137423857,2021-2023
760335,995115,30,-60,67.0820393249937,2021-2023
760365,995115,30,-30,42.4264068711929,2021-2023
760395,995085,0,-60,60,2021-2023
760425,995055,60,-60,84.8528137423857,2021-2023
760455,995025,60,-60,84.8528137423857,2021-2023
760485,995025,30,-60,67.0820393249937,2021-2023
760515,994995,30,-60,67.0820393249937,2021-2023
760545,994965,60,-60,84.8528137423857,2021-2023
760575,994935,60,-60,84.8528137423857,2021-2023
760605,994935,30,-60,67.0820393249937,2021-2023
760635,994935,0,-60,60,2021-2023
760665,994905,30,-60,67.0820393249937,2021-2023
760695,994905,30,-30,42.4264068711929,2021-2023
760725,994905,0,-30,30,2021-2023
760755,994875,30,-30,42.4264068711929,2021-2023
760785,994875,0,-30,30,2021-2023
760815,994875,0,0,0,2021-2023
760845,994845,0,0,0,2021-2023
760875,994845,-30,0,30,2021-2023
760905,994815,-30,0,30,2021-2023
760935,994785,-30,0,30,2021-2023
760965,994755,0,0,0,2021-2023
760995,994725,0,-30,30,2021-2023
761025,994695,0,-30,30,2021-2023
761055,994695,0,-30,30,2021-2023
761085,994665,0,-30,30,2021-2023
761085,994635,0,-60,60,2021-2023
761115,994605,30,-60,67.0820393249937,2021-2023
761145,994605,0,-60,60,2021-2023
761175,994605,30,-30,42.4264068711929,2021-2023
761205,994575,30,-30,42.4264068711929,2021-2023
761235,994575,0,-30,30,2021-2023
761265,994575,0,-30,30,2021-2023
761295,994545,0,-30,30,2021-2023
761325,994545,0,-30,30,2021-2023
761355,994515,0,-30,30,2021-2023
761385,994515,0,0,0,2021-2023
761415,994485,0,-30,30,2021-2023
761445,994485,0,0,0,2021-2023
761475,994485,0,0,0,2021-2023
761505,994455,0,0,0,2021-2023
761535,994425,0,-30,30,2021-2023
761565,994425,0,0,0,2021-2023
761595,994395,0,0,0,2021-2023
761625,994395,-30,0,30,2021-2023
761655,994395,-30,30,42.4264068711929,2021-2023
761685,994365,0,30,30,2021-2023
761715,994365,-30,30,42.4264068711929,2021-2023
761745,994335,-30,30,42.4264068711929,2021-2023
761775,994335,-60,30,67.0820393249937,2021-2023
761805,994305,0,60,60,2021-2023
761835,994275,-30,30,42.4264068711929,2021-2023
761865,994245,0,30,30,2021-2023
761895,994245,-30,30,42.4264068711929,2021-2023
761925,994215,-30,30,42.4264068711929,2021-2023
761955,994185,-30,30,42.4264068711929,2021-2023
761985,994155,0,30,30,2021-2023
762015,994155,-30,30,42.4264068711929,2021-2023
762045,994125,-30,30,42.4264068711929,2021-2023
762075,994095,-30,30,42.4264068711929,2021-2023
762105,994095,-60,30,67.0820393249937,2021-2023
762135,994065,0,60,60,2021-2023
762165,994035,0,30,30,2021-2023
762195,994035,-30,30,42.4264068711929,2021-2023
762225,994005,0,30,30,2021-2023
762255,994005,0,30,30,2021-2023
762285,993975,-30,0,30,2021-2023
762315,993975,0,30,30,2021-2023
762345,993945,-30,0,30,2021-2023
762375,993915,0,0,0,2021-2023
762405,993915,-30,0,30,2021-2023
762435,993885,0,0,0,2021-2023
762465,993885,-30,0,30,2021-2023
762495,993855,0,0,0,2021-2023
762525,993855,-30,0,30,2021-2023
762555,993825,0,0,0,2021-2023
762585,993795,0,0,0,2021-2023
762615,993795,0,0,0,2021-2023
762645,993765,0,-30,30,2021-2023
762675,993765,0,0,0,2021-2023
762705,993735,0,-30,30,2021-2023
762735,993735,0,-30,30,2021-2023
762765,993705,0,-30,30,2021-2023
762795,993705,0,-30,30,2021-2023
762825,993675,0,-60,60,2021-2023
762855,993675,30,-30,42.4264068711929,2021-2023
762885,993645,30,-30,42.4264068711929,2021-2023
762915,993645,0,-30,30,2021-2023
762945,993615,30,-30,42.4264068711929,2021-2023
762975,993615,0,-30,30,2021-2023
763005,993615,0,-30,30,2021-2023
763035,993615,0,-30,30,2021-2023
763065,993585,0,-30,30,2021-2023
763095,993585,0,0,0,2021-2023
763125,993585,0,0,0,2021-2023
763155,993585,0,0,0,2021-2023
763185,993585,0,0,0,2021-2023
763215,993585,0,0,0,2021-2023
763245,993585,0,0,0,2021-2023
763275,993555,0,-30,30,2021-2023
763305,993555,0,-30,30,2021-2023
763335,993555,0,-30,30,2021-2023
763365,993555,0,-30,30,2021-2023
763395,993555,0,0,0,2021-2023
763425,993555,0,0,0,2021-2023
763455,993555,0,0,0,2021-2023
763485,993555,0,0,0,2021-2023
763515,993555,0,0,0,2021-2023
763545,993555,0,0,0,2021-2023
763575,993555,-30,0,30,2021-2023
763605,993555,0,30,30,2021-2023
763635,993555,0,30,30,2021-2023
763665,993555,0,30,30,2021-2023
763695,993555,0,30,30,2021-2023
763725,993555,-30,30,42.4264068711929,2021-2023
763755,993525,0,30,30,2021-2023
763785,993525,0,30,30,2021-2023
763815,993525,0,30,30,2021-2023
763845,993525,-30,30,42.4264068711929,2021-2023
763875,993495,0,30,30,2021-2023
763905,993495,0,30,30,2021-2023
763935,993495,0,30,30,2021-2023
763965,993495,0,30,30,2021-2023
763995,993495,-30,30,42.4264068711929,2021-2023
764025,993465,0,30,30,2021-2023
764055,993465,0,30,30,2021-2023
764085,993465,0,30,30,2021-2023
764115,993465,0,30,30,2021-2023
764145,993435,0,0,0,2021-2023
764175,993435,0,0,0,2021-2023
764205,993435,-30,0,30,2021-2023
764235,993435,0,30,30,2021-2023
764265,993405,0,0,0,2021-2023
764295,993405,0,0,0,2021-2023
764325,993405,0,0,0,2021-2023
764355,993405,0,0,0,2021-2023
764385,993405,0,0,0,2021-2023
764415,993405,0,0,0,2021-2023
764445,993405,0,0,0,2021-2023
764475,993405,-30,0,30,2021-2023
764505,993405,0,30,30,2021-2023
764535,993405,0,30,30,2021-2023
764565,993405,0,0,0,2021-2023
764595,993405,0,0,0,2021-2023
764625,993405,0,0,0,2021-2023
764655,993405,0,0,0,2021-2023
764685,993405,0,0,0,2021-2023
764715,993435,0,30,30,2021-2023
764745,993435,0,30,30,2021-2023
764775,993435,0,30,30,2021-2023
764805,993435,0,30,30,2021-2023
764835,993435,0,0,0,2021-2023
764865,993435,0,0,0,2021-2023
764895,993435,0,0,0,2021-2023
764925,993435,0,0,0,2021-2023
764955,993435,0,0,0,2021-2023
764985,993435,-30,0,30,2021-2023
765015,993435,0,-30,30,2021-2023
765045,993435,0,-30,30,2021-2023
765075,993435,0,-30,30,2021-2023
765105,993435,0,-30,30,2021-2023
765135,993435,0,-30,30,2021-2023
765165,993435,0,-30,30,2021-2023
765195,993435,0,-30,30,2021-2023
765225,993435,0,-30,30,2021-2023
765255,993435,0,-30,30,2021-2023
765285,993435,0,-30,30,2021-2023
765315,993435,0,-30,30,2021-2023
765345,993435,0,-30,30,2021-2023
765375,993435,0,-30,30,2021-2023
765405,993435,0,-30,30,2021-2023
765435,993435,0,-30,30,2021-2023
765465,993435,0,-30,30,2021-2023
765495,993435,-30,-30,42.4264068711929,2021-2023
765525,993435,0,-60,60,2021-2023
765555,993435,0,-60,60,2021-2023
765585,993465,-30,-30,42.4264068711929,2021-2023
765615,993465,0,-60,60,2021-2023
765645,993465,-30,-60,67.0820393249937,2021-2023
765675,993465,-60,-60,84.8528137423857,2021-2023
765705,993495,0,-60,60,2021-2023
765735,993495,0,-60,60,2021-2023
765765,993495,-30,-60,67.0820393249937,2021-2023
765795,993525,0,-60,60,2021-2023
765825,993525,0,-60,60,2021-2023
765855,993555,0,-30,30,2021-2023
765885,993555,0,-30,30,2021-2023
765915,993555,0,-30,30,2021-2023
765945,993555,0,-30,30,2021-2023
765975,993585,0,0,0,2021-2023
766005,993585,0,0,0,2021-2023
766035,993585,0,0,0,2021-2023
766065,993585,0,0,0,2021-2023
766095,993585,0,0,0,2021-2023
766125,993585,0,0,0,2021-2023
766155,993585,0,0,0,2021-2023
766185,993585,0,0,0,2021-2023
766215,993585,0,0,0,2021-2023
766245,993585,0,0,0,2021-2023
766275,993585,0,0,0,2021-2023
766305,993585,0,0,0,2021-2023
766335,993585,0,0,0,2021-2023
766365,993585,0,0,0,2021-2023
766395,993585,-30,0,30,2021-2023
766425,993615,0,0,0,2021-2023
766455,993615,0,0,0,2021-2023
766485,993615,0,0,0,2021-2023
766515,993615,0,0,0,2021-2023
766545,993615,0,0,0,2021-2023
766575,993615,0,0,0,2021-2023
766605,993615,0,0,0,2021-2023
766635,993615,0,0,0,2021-2023
766665,993615,0,0,0,2021-2023
766695,993645,0,30,30,2021-2023
766725,993645,0,0,0,2021-2023
766755,993645,0,0,0,2021-2023
766785,993645,0,0,0,2021-2023
766815,993645,0,0,0,2021-2023
766845,993645,0,0,0,2021-2023
766875,993645,0,0,0,2021-2023
766905,993645,0,0,0,2021-2023
766935,993675,0,30,30,2021-2023
766965,993675,0,30,30,2021-2023
766995,993675,0,30,30,2021-2023
767025,993675,0,30,30,2021-2023
767055,993675,0,30,30,2021-2023
767085,993675,0,30,30,2021-2023
767115,993675,0,30,30,2021-2023
767145,993675,0,30,30,2021-2023
767175,993675,0,30,30,2021-2023
767205,993645,0,0,0,2021-2023
767235,993645,0,0,0,2021-2023
767265,993645,0,0,0,2021-2023
767295,993645,0,0,0,2021-2023
767325,993645,0,0,0,2021-2023
767355,993645,-30,0,30,2021-2023
767385,993645,0,30,30,2021-2023
767415,993645,0,30,30,2021-2023
767445,993615,0,0,0,2021-2023
767475,993615,-30,0,30,2021-2023
767505,993615,0,30,30,2021-2023
767535,993615,0,30,30,2021-2023
767565,993615,-30,30,42.4264068711929,2021-2023
767595,993585,0,30,30,2021-2023
767625,993585,0,30,30,2021-2023
767655,993555,0,0,0,2021-2023
767685,993555,-30,0,30,2021-2023
767715,993525,0,0,0,2021-2023
767745,993525,0,0,0,2021-2023
767775,993495,0,0,0,2021-2023
767805,993495,-30,0,30,2021-2023
767835,993465,0,0,0,2021-2023
767865,993465,-30,0,30,2021-2023
767895,993435,0,0,0,2021-2023
767925,993435,-30,0,30,2021-2023
767955,993405,0,0,0,2021-2023
767985,993375,0,0,0,2021-2023
768015,993375,0,0,0,2021-2023
768045,993345,0,-30,30,2021-2023
768075,993345,0,0,0,2021-2023
768105,993345,0,0,0,2021-2023
768135,993315,0,0,0,2021-2023
768165,993315,0,0,0,2021-2023
768195,993285,0,-30,30,2021-2023
768225,993285,0,-30,30,2021-2023
768255,993285,0,0,0,2021-2023
768285,993285,0,0,0,2021-2023
768315,993285,0,0,0,2021-2023
768345,993255,0,0,0,2021-2023
768375,993255,0,0,0,2021-2023
768405,993255,0,0,0,2021-2023
768435,993255,-30,0,30,2021-2023
768465,993225,0,0,0,2021-2023
768495,993225,0,0,0,2021-2023
768525,993225,0,0,0,2021-2023
768555,993195,0,-30,30,2021-2023
768585,993195,0,0,0,2021-2023
768615,993195,0,0,0,2021-2023
768645,993195,0,0,0,2021-2023
768675,993165,0,-30,30,2021-2023
768705,993165,0,0,0,2021-2023
768735,993135,0,-30,30,2021-2023
768765,993135,0,-30,30,2021-2023
768795,993105,0,-30,30,2021-2023
768825,993105,0,-30,30,2021-2023
768855,993105,0,0,0,2021-2023
768885,993075,0,-30,30,2021-2023
768915,993075,0,0,0,2021-2023
768945,993075,0,0,0,2021-2023
768975,993045,0,0,0,2021-2023
769005,993045,0,0,0,2021-2023
769035,993015,0,0,0,2021-2023
769065,993015,0,0,0,2021-2023
769095,992985,0,0,0,2021-2023
769125,992985,0,0,0,2021-2023
769155,992955,0,0,0,2021-2023
769185,992955,-30,0,30,2021-2023
769215,992925,0,0,0,2021-2023
769245,992925,-30,0,30,2021-2023
769275,992895,0,0,0,2021-2023
769305,992865,0,0,0,2021-2023
769335,992865,0,0,0,2021-2023
769365,992835,0,0,0,2021-2023
769395,992835,-30,0,30,2021-2023
769425,992835,-60,0,60,2021-2023
769455,992805,0,60,60,2021-2023
769455,992775,0,30,30,2021-2023
769485,992745,-30,0,30,2021-2023
769515,992715,-30,0,30,2021-2023
769545,992685,-30,0,30,2021-2023
769575,992655,-30,0,30,2021-2023
769605,992625,-30,30,42.4264068711929,2021-2023
769635,992595,-30,30,42.4264068711929,2021-2023
769665,992565,-30,30,42.4264068711929,2021-2023
769695,992535,-30,30,42.4264068711929,2021-2023
769725,992505,-30,30,42.4264068711929,2021-2023
769755,992475,-30,30,42.4264068711929,2021-2023
769785,992475,-60,30,67.0820393249937,2021-2023
769815,992445,-60,30,67.0820393249937,2021-2023
769815,992415,-30,30,42.4264068711929,2021-2023
769815,992385,-30,0,30,2021-2023
769845,992355,-30,0,30,2021-2023
769875,992325,-30,0,30,2021-2023
769905,992295,-30,0,30,2021-2023
769935,992265,-30,0,30,2021-2023
769935,992235,0,0,0,2021-2023
769935,992205,0,0,0,2021-2023
769965,992175,0,0,0,2021-2023
769995,992145,0,0,0,2021-2023
769995,992115,0,-30,30,2021-2023
770025,992085,0,-30,30,2021-2023
770055,992055,0,-30,30,2021-2023
770085,992025,0,0,0,2021-2023
770085,991995,0,-30,30,2021-2023
770115,991965,0,-30,30,2021-2023
770145,991935,0,-30,30,2021-2023
770175,991905,0,-30,30,2021-2023
770205,991875,0,0,0,2021-2023
770235,991845,0,0,0,2021-2023
770265,991815,0,0,0,2021-2023
770295,991785,0,0,0,2021-2023
770325,991755,0,0,0,2021-2023
770325,991725,0,-30,30,2021-2023
770355,991695,0,-30,30,2021-2023
770385,991665,0,-30,30,2021-2023
770415,991635,0,-30,30,2021-2023
770445,991605,0,-30,30,2021-2023
770475,991575,30,0,30,2021-2023
770505,991545,0,-30,30,2021-2023
770535,991515,0,-30,30,2021-2023
770565,991485,0,-30,30,2021-2023
770595,991455,0,-30,30,2021-2023
770625,991425,0,0,0,2021-2023
770625,991395,0,-30,30,2021-2023
770655,991365,0,-30,30,2021-2023
770685,991335,0,-30,30,2021-2023
770715,991305,0,-30,30,2021-2023
770715,991275,30,0,30,2021-2023
770745,991245,0,-30,30,2021-2023
770775,991215,0,-30,30,2021-2023
770805,991185,0,0,0,2021-2023
770805,991155,0,-30,30,2021-2023
770835,991125,0,0,0,2021-2023
770865,991095,0,0,0,2021-2023
770865,991065,0,-30,30,2021-2023
770895,991035,0,0,0,2021-2023
770925,991005,0,0,0,2021-2023
770955,990975,0,0,0,2021-2023
770955,990945,0,-30,30,2021-2023
770985,990915,0,-30,30,2021-2023
771015,990885,0,0,0,2021-2023
771045,990855,0,0,0,2021-2023
771045,990825,0,-30,30,2021-2023
771075,990795,0,-30,30,2021-2023
771105,990765,0,0,0,2021-2023
771135,990735,0,0,0,2021-2023
771165,990705,0,0,0,2021-2023
771165,990675,0,-30,30,2021-2023
771195,990645,0,-30,30,2021-2023
771225,990645,0,0,0,2021-2023
771255,990615,0,-30,30,2021-2023
771285,990585,0,-30,30,2021-2023
771315,990585,0,0,0,2021-2023
771345,990555,0,0,0,2021-2023
771375,990525,0,-30,30,2021-2023
771405,990495,0,-30,30,2021-2023
771435,990465,0,-30,30,2021-2023
771465,990465,0,0,0,2021-2023
771495,990435,0,-30,30,2021-2023
771525,990405,0,-30,30,2021-2023
771555,990375,0,-30,30,2021-2023
771585,990345,0,-30,30,2021-2023
771615,990345,0,0,0,2021-2023
771645,990315,0,-30,30,2021-2023
771675,990285,0,-30,30,2021-2023
771705,990285,0,-30,30,2021-2023
771735,990255,0,-30,30,2021-2023
771765,990255,0,-30,30,2021-2023
771795,990225,0,-30,30,2021-2023
771825,990225,0,-30,30,2021-2023
771855,990225,0,-30,30,2021-2023
771885,990225,0,-30,30,2021-2023
771915,990195,0,-30,30,2021-2023
771945,990195,0,-30,30,2021-2023
771975,990195,0,0,0,2021-2023
772005,990165,0,0,0,2021-2023
772035,990165,0,0,0,2021-2023
772065,990135,0,0,0,2021-2023
772095,990105,0,0,0,2021-2023
772125,990105,0,0,0,2021-2023
772155,990075,0,-30,30,2021-2023
772185,990045,0,-30,30,2021-2023
772215,990045,0,0,0,2021-2023
772245,990015,0,-30,30,2021-2023
772275,989985,0,-30,30,2021-2023
772305,989955,30,-30,42.4264068711929,2021-2023
772335,989925,0,-60,60,2021-2023
772365,989895,30,-60,67.0820393249937,2021-2023
772395,989895,30,-30,42.4264068711929,2021-2023
772425,989895,0,-30,30,2021-2023
772455,989895,0,-30,30,2021-2023
772485,989865,30,-30,42.4264068711929,2021-2023
772515,989865,0,-30,30,2021-2023
772545,989835,30,-30,42.4264068711929,2021-2023
772575,989835,0,-30,30,2021-2023
772605,989835,0,-30,30,2021-2023
772635,989805,0,-30,30,2021-2023
730725,1010895,0,0,0,2023-2025
730755,1010865,0,0,0,2023-2025
730785,1010835,0,0,0,2023-2025
730815,1010805,-30,0,30,2023-2025
730845,1010805,0,30,30,2023-2025
730875,1010775,0,0,0,2023-2025
730905,1010745,0,0,0,2023-2025
730935,1010745,-30,0,30,2023-2025
730965,1010745,0,30,30,2023-2025
730995,1010715,-30,0,30,2023-2025
731025,1010715,0,30,30,2023-2025
731055,1010685,-30,0,30,2023-2025
731085,1010655,-30,0,30,2023-2025
731115,1010655,0,30,30,2023-2025
731145,1010625,-30,0,30,2023-2025
731175,1010625,-30,30,42.4264068711929,2023-2025
731205,1010625,-60,30,67.0820393249937,2023-2025
731235,1010595,0,60,60,2023-2025
731265,1010595,0,60,60,2023-2025
731295,1010565,0,30,30,2023-2025
731325,1010565,-30,30,42.4264068711929,2023-2025
731355,1010535,-30,30,42.4264068711929,2023-2025
731385,1010535,0,60,60,2023-2025
731415,1010505,0,30,30,2023-2025
731445,1010505,0,30,30,2023-2025
731475,1010505,-30,30,42.4264068711929,2023-2025
731505,1010475,0,30,30,2023-2025
731535,1010475,0,30,30,2023-2025
731565,1010445,-30,0,30,2023-2025
731595,1010445,0,30,30,2023-2025
731625,1010415,0,0,0,2023-2025
731655,1010415,0,0,0,2023-2025
731685,1010385,0,0,0,2023-2025
731715,1010385,0,0,0,2023-2025
731745,1010355,0,-30,30,2023-2025
731775,1010355,0,0,0,2023-2025
731805,1010355,0,0,0,2023-2025
731835,1010355,0,0,0,2023-2025
731865,1010355,0,0,0,2023-2025
731895,1010355,0,0,0,2023-2025
731925,1010325,0,0,0,2023-2025
731955,1010325,0,0,0,2023-2025
731985,1010325,0,0,0,2023-2025
732015,1010325,0,0,0,2023-2025
732045,1010325,0,0,0,2023-2025
732075,1010325,0,0,0,2023-2025
732105,1010325,0,0,0,2023-2025
732135,1010325,0,0,0,2023-2025
732165,1010325,0,0,0,2023-2025
732195,1010325,0,0,0,2023-2025
732225,1010325,0,0,0,2023-2025
732255,1010295,0,0,0,2023-2025
732285,1010295,0,0,0,2023-2025
732315,1010295,0,0,0,2023-2025
732345,1010295,0,0,0,2023-2025
732375,1010295,0,0,0,2023-2025
732405,1010295,0,0,0,2023-2025
732435,1010295,-30,0,30,2023-2025
732465,1010295,0,30,30,2023-2025
732495,1010265,0,0,0,2023-2025
732525,1010265,0,0,0,2023-2025
732555,1010265,0,0,0,2023-2025
732585,1010265,0,0,0,2023-2025
732615,1010265,0,0,0,2023-2025
732645,1010265,0,0,0,2023-2025
732675,1010265,-30,0,30,2023-2025
732705,1010265,0,30,30,2023-2025
732735,1010265,0,30,30,2023-2025
732765,1010235,0,0,0,2023-2025
732795,1010235,0,0,0,2023-2025
732825,1010235,-30,0,30,2023-2025
732855,1010205,0,0,0,2023-2025
732885,1010205,0,0,0,2023-2025
732915,1010205,0,0,0,2023-2025
732945,1010205,-30,0,30,2023-2025
732975,1010205,0,30,30,2023-2025
733005,1010175,0,0,0,2023-2025
733035,1010175,0,0,0,2023-2025
733065,1010175,0,0,0,2023-2025
733095,1010145,0,0,0,2023-2025
733125,1010145,0,0,0,2023-2025
733155,1010145,0,0,0,2023-2025
733185,1010145,-30,0,30,2023-2025
733215,1010115,0,0,0,2023-2025
733245,1010115,0,0,0,2023-2025
733275,1010085,0,-30,30,2023-2025
733305,1010085,0,0,0,2023-2025
733335,1010085,0,0,0,2023-2025
733365,1010085,0,0,0,2023-2025
733395,1010055,0,0,0,2023-2025
733425,1010055,0,0,0,2023-2025
733455,1010025,0,-30,30,2023-2025
733485,1010025,0,0,0,2023-2025
733515,1010025,0,0,0,2023-2025
733545,1010025,0,0,0,2023-2025
733575,1009995,0,-30,30,2023-2025
733605,1009995,0,-30,30,2023-2025
733635,1009995,0,0,0,2023-2025
733665,1009965,0,-30,30,2023-2025
733695,1009965,0,-30,30,2023-2025
733725,1009935,0,-30,30,2023-2025
733755,1009935,0,-30,30,2023-2025
733785,1009935,0,-30,30,2023-2025
733815,1009935,0,-30,30,2023-2025
733845,1009905,0,-30,30,2023-2025
733875,1009905,0,-30,30,2023-2025
733905,1009875,0,-30,30,2023-2025
733935,1009875,0,-30,30,2023-2025
733965,1009875,0,0,0,2023-2025
733995,1009845,0,-30,30,2023-2025
734025,1009845,0,0,0,2023-2025
734055,1009815,0,-30,30,2023-2025
734085,1009815,0,0,0,2023-2025
734115,1009815,0,0,0,2023-2025
734145,1009815,0,0,0,2023-2025
734175,1009785,0,0,0,2023-2025
734205,1009785,0,0,0,2023-2025
734235,1009755,0,0,0,2023-2025
734265,1009755,0,0,0,2023-2025
734295,1009755,0,0,0,2023-2025
734325,1009725,0,-30,30,2023-2025
734355,1009725,0,0,0,2023-2025
734385,1009725,0,0,0,2023-2025
734415,1009725,0,0,0,2023-2025
734445,1009695,0,0,0,2023-2025
734475,1009695,0,0,0,2023-2025
734505,1009665,0,-30,30,2023-2025
734535,1009665,0,0,0,2023-2025
734565,1009665,0,0,0,2023-2025
734595,1009635,0,-30,30,2023-2025
734625,1009635,0,-30,30,2023-2025
734655,1009635,0,0,0,2023-2025
734685,1009605,0,-30,30,2023-2025
734715,1009605,0,-30,30,2023-2025
734745,1009605,0,-30,30,2023-2025
734775,1009605,0,0,0,2023-2025
734805,1009575,0,-30,30,2023-2025
734835,1009545,0,-60,60,2023-2025
734865,1009545,30,-30,42.4264068711929,2023-2025
734895,1009545,0,-30,30,2023-2025
734925,1009545,0,-30,30,2023-2025
734955,1009545,0,-30,30,2023-2025
734985,1009545,0,0,0,2023-2025
735015,1009515,0,-30,30,2023-2025
735045,1009515,0,0,0,2023-2025
735075,1009515,0,0,0,2023-2025
735105,1009515,0,0,0,2023-2025
735135,1009485,0,0,0,2023-2025
735165,1009485,0,0,0,2023-2025
735195,1009485,0,0,0,2023-2025
735225,1009485,-30,0,30,2023-2025
735255,1009455,0,0,0,2023-2025
735285,1009455,-30,0,30,2023-2025
735315,1009455,0,30,30,2023-2025
735345,1009455,0,30,30,2023-2025
735375,1009425,-30,0,30,2023-2025
735405,1009425,0,30,30,2023-2025
735435,1009395,-30,0,30,2023-2025
735465,1009395,0,30,30,2023-2025
735495,1009365,-30,0,30,2023-2025
735525,1009335,-30,0,30,2023-2025
735555,1009305,-30,0,30,2023-2025
735585,1009275,0,0,0,2023-2025
735615,1009245,0,0,0,2023-2025
735645,1009215,0,0,0,2023-2025
735675,1009185,0,0,0,2023-2025
735705,1009185,-30,0,30,2023-2025
735735,1009155,0,0,0,2023-2025
735765,1009125,0,0,0,2023-2025
735795,1009095,0,0,0,2023-2025
735825,1009065,0,0,0,2023-2025
735855,1009035,0,0,0,2023-2025
735885,1009035,-30,0,30,2023-2025
735915,1009005,0,0,0,2023-2025
735945,1008975,0,0,0,2023-2025
735975,1008945,0,0,0,2023-2025
736005,1008915,0,0,0,2023-2025
736035,1008915,-30,0,30,2023-2025
736065,1008885,0,0,0,2023-2025
736095,1008855,0,0,0,2023-2025
736125,1008825,0,0,0,2023-2025
736155,1008795,0,0,0,2023-2025
736185,1008765,0,0,0,2023-2025
736215,1008765,-30,0,30,2023-2025
736245,1008735,-30,0,30,2023-2025
736275,1008705,0,0,0,2023-2025
736305,1008705,-30,0,30,2023-2025
736335,1008675,-30,0,30,2023-2025
736365,1008645,-30,0,30,2023-2025
736395,1008615,0,0,0,2023-2025
736425,1008615,-30,0,30,2023-2025
736455,1008585,-30,0,30,2023-2025
736485,1008555,-30,0,30,2023-2025
736515,1008525,-30,0,30,2023-2025
736545,1008525,0,30,30,2023-2025
736575,1008495,-30,0,30,2023-2025
736605,1008465,-30,0,30,2023-2025
736635,1008435,-30,0,30,2023-2025
736665,1008405,-30,0,30,2023-2025
736665,1008375,0,0,0,2023-2025
736695,1008345,0,0,0,2023-2025
736725,1008315,0,0,0,2023-2025
736755,1008285,0,0,0,2023-2025
736785,1008255,0,0,0,2023-2025
736815,1008225,0,0,0,2023-2025
736815,1008195,0,-30,30,2023-2025
736845,1008165,0,-30,30,2023-2025
736875,1008135,0,-30,30,2023-2025
736905,1008105,0,0,0,2023-2025
736905,1008075,0,-30,30,2023-2025
736935,1008045,0,-30,30,2023-2025
736965,1008015,0,-30,30,2023-2025
736995,1007985,0,-30,30,2023-2025
737025,1007955,0,-30,30,2023-2025
737025,1007925,30,-30,42.4264068711929,2023-2025
737055,1007895,30,-30,42.4264068711929,2023-2025
737085,1007865,30,-30,42.4264068711929,2023-2025
737115,1007835,30,-30,42.4264068711929,2023-2025
737145,1007805,30,-30,42.4264068711929,2023-2025
737175,1007775,30,0,30,2023-2025
737205,1007745,0,-30,30,2023-2025
737235,1007715,0,-30,30,2023-2025
737265,1007685,0,-30,30,2023-2025
737265,1007655,30,-30,42.4264068711929,2023-2025
737295,1007625,30,0,30,2023-2025
737325,1007595,0,-30,30,2023-2025
737355,1007565,0,-30,30,2023-2025
737385,1007535,0,-30,30,2023-2025
737385,1007505,30,-30,42.4264068711929,2023-2025
737415,1007475,30,-30,42.4264068711929,2023-2025
737445,1007445,30,-30,42.4264068711929,2023-2025
737475,1007415,30,0,30,2023-2025
737475,1007385,30,-30,42.4264068711929,2023-2025
737505,1007355,30,-30,42.4264068711929,2023-2025
737535,1007325,30,0,30,2023-2025
737535,1007295,30,-30,42.4264068711929,2023-2025
737565,1007265,30,-30,42.4264068711929,2023-2025
737595,1007235,30,-30,42.4264068711929,2023-2025
737625,1007205,30,0,30,2023-2025
737625,1007175,30,-30,42.4264068711929,2023-2025
737655,1007145,30,-30,42.4264068711929,2023-2025
737685,1007115,30,0,30,2023-2025
737685,1007085,30,-30,42.4264068711929,2023-2025
737715,1007055,30,-30,42.4264068711929,2023-2025
737745,1007025,30,-30,42.4264068711929,2023-2025
737775,1006995,30,-30,42.4264068711929,2023-2025
737775,1006965,60,0,60,2023-2025
737805,1006935,30,0,30,2023-2025
737835,1006905,0,-30,30,2023-2025
737835,1006875,30,-30,42.4264068711929,2023-2025
737865,1006845,30,0,30,2023-2025
737895,1006815,0,-30,30,2023-2025
737925,1006785,0,0,0,2023-2025
737925,1006755,0,-30,30,2023-2025
737955,1006725,0,-30,30,2023-2025
737985,1006695,0,0,0,2023-2025
738015,1006665,-30,0,30,2023-2025
738045,1006635,-30,30,42.4264068711929,2023-2025
738045,1006605,-30,0,30,2023-2025
738075,1006575,-30,30,42.4264068711929,2023-2025
738075,1006545,-30,0,30,2023-2025
738075,1006515,-30,0,30,2023-2025
738105,1006485,-60,0,60,2023-2025
738105,1006455,-60,0,60,2023-2025
738135,1006425,-60,30,67.0820393249937,2023-2025
738135,1006395,-60,0,60,2023-2025
738135,1006365,-60,0,60,2023-2025
738165,1006335,-60,60,84.8528137423857,2023-2025
738165,1006305,-60,30,67.0820393249937,2023-2025
738165,1006275,-60,0,60,2023-2025
738195,1006245,-60,30,67.0820393249937,2023-2025
738195,1006215,-60,0,60,2023-2025
738225,1006185,-60,60,84.8528137423857,2023-2025
738225,1006155,-60,30,67.0820393249937,2023-2025
738255,1006125,-90,0,90,2023-2025
738255,1006095,-90,0,90,2023-2025
738285,1006065,-90,60,108.16653826392,2023-2025
738285,1006035,-60,60,84.8528137423857,2023-2025
738315,1006005,-90,30,94.8683298050514,2023-2025
738315,1005975,-60,60,84.8528137423857,2023-2025
738345,1005945,-90,30,94.8683298050514,2023-2025
738375,1005915,-90,60,108.16653826392,2023-2025
738405,1005885,-90,60,108.16653826392,2023-2025
738405,1005855,-90,30,94.8683298050514,2023-2025
738405,1005825,-90,0,90,2023-2025
738435,1005795,-90,60,108.16653826392,2023-2025
738435,1005765,-60,60,84.8528137423857,2023-2025
738465,1005735,-60,60,84.8528137423857,2023-2025
738465,1005705,-60,30,67.0820393249937,2023-2025
738495,1005675,-60,30,67.0820393249937,2023-2025
738495,1005645,-30,30,42.4264068711929,2023-2025
738525,1005615,-60,0,60,2023-2025
738525,1005585,-30,30,42.4264068711929,2023-2025
738555,1005555,-30,30,42.4264068711929,2023-2025
738555,1005525,-30,0,30,2023-2025
738585,1005495,-30,30,42.4264068711929,2023-2025
738585,1005465,-30,0,30,2023-2025
738585,1005435,0,0,0,2023-2025
738615,1005405,-30,0,30,2023-2025
738615,1005375,0,0,0,2023-2025
738645,1005345,0,0,0,2023-2025
738645,1005315,0,0,0,2023-2025
738675,1005285,0,0,0,2023-2025
738705,1005255,0,0,0,2023-2025
738705,1005225,0,0,0,2023-2025
738735,1005195,0,0,0,2023-2025
738765,1005165,0,0,0,2023-2025
738765,1005135,0,0,0,2023-2025
738795,1005105,0,0,0,2023-2025
738795,1005075,0,-30,30,2023-2025
738825,1005045,0,0,0,2023-2025
738855,1005015,0,0,0,2023-2025
738855,1004985,0,-30,30,2023-2025
738885,1004955,0,0,0,2023-2025
738885,1004925,0,-30,30,2023-2025
738915,1004895,0,0,0,2023-2025
738915,1004865,0,-30,30,2023-2025
738945,1004835,0,0,0,2023-2025
738945,1004805,0,-30,30,2023-2025
738975,1004775,0,0,0,2023-2025
738975,1004745,0,-30,30,2023-2025
739005,1004715,0,-30,30,2023-2025
739005,1004685,30,0,30,2023-2025
739005,1004655,30,-30,42.4264068711929,2023-2025
739035,1004625,30,0,30,2023-2025
739065,1004595,0,0,0,2023-2025
739095,1004565,0,0,0,2023-2025
739125,1004535,0,0,0,2023-2025
739125,1004505,0,0,0,2023-2025
739155,1004475,0,0,0,2023-2025
739155,1004445,0,-30,30,2023-2025
739185,1004415,0,0,0,2023-2025
739215,1004415,-30,0,30,2023-2025
739245,1004415,0,30,30,2023-2025
739275,1004385,0,0,0,2023-2025
739305,1004355,0,0,0,2023-2025
739335,1004325,0,0,0,2023-2025
739365,1004295,0,0,0,2023-2025
739395,1004295,-30,0,30,2023-2025
739425,1004265,0,0,0,2023-2025
739455,1004235,0,0,0,2023-2025
739485,1004235,0,0,0,2023-2025
739515,1004205,0,0,0,2023-2025
739545,1004175,0,0,0,2023-2025
739575,1004175,0,0,0,2023-2025
739605,1004145,0,0,0,2023-2025
739635,1004115,0,0,0,2023-2025
739665,1004085,0,0,0,2023-2025
739695,1004055,0,0,0,2023-2025
739725,1004025,0,0,0,2023-2025
739755,1003995,0,0,0,2023-2025
739785,1003965,0,0,0,2023-2025
739815,1003935,0,0,0,2023-2025
739845,1003905,0,0,0,2023-2025
739875,1003905,0,0,0,2023-2025
739905,1003875,0,0,0,2023-2025
739935,1003845,0,0,0,2023-2025
739965,1003815,0,0,0,2023-2025
739995,1003785,0,-30,30,2023-2025
740025,1003755,0,0,0,2023-2025
740055,1003725,0,0,0,2023-2025
740085,1003695,0,0,0,2023-2025
740115,1003665,0,0,0,2023-2025
740145,1003635,0,0,0,2023-2025
740175,1003605,0,0,0,2023-2025
740205,1003575,0,0,0,2023-2025
740235,1003545,0,0,0,2023-2025
740265,1003515,0,0,0,2023-2025
740265,1003485,0,-30,30,2023-2025
740295,1003455,0,-30,30,2023-2025
740325,1003425,0,-30,30,2023-2025
740355,1003395,0,-30,30,2023-2025
740385,1003365,0,-30,30,2023-2025
740415,1003335,0,0,0,2023-2025
740445,1003305,0,0,0,2023-2025
740475,1003275,0,0,0,2023-2025
740475,1003245,0,-30,30,2023-2025
740505,1003215,0,0,0,2023-2025
740535,1003185,0,0,0,2023-2025
740565,1003155,0,0,0,2023-2025
740595,1003125,-30,0,30,2023-2025
740625,1003095,-30,0,30,2023-2025
740625,1003065,0,0,0,2023-2025
740655,1003035,0,0,0,2023-2025
740685,1003005,0,0,0,2023-2025
740715,1002975,0,0,0,2023-2025
740745,1002945,0,0,0,2023-2025
740775,1002915,-30,0,30,2023-2025
740805,1002885,0,0,0,2023-2025
740835,1002855,0,0,0,2023-2025
740865,1002825,0,0,0,2023-2025
740895,1002795,0,0,0,2023-2025
740925,1002765,0,0,0,2023-2025
740955,1002735,0,0,0,2023-2025
740985,1002705,0,0,0,2023-2025
741015,1002675,0,0,0,2023-2025
741045,1002645,0,0,0,2023-2025
741075,1002615,0,0,0,2023-2025
741105,1002585,-30,0,30,2023-2025
741105,1002555,0,0,0,2023-2025
741135,1002525,0,0,0,2023-2025
741165,1002495,0,0,0,2023-2025
741195,1002465,0,0,0,2023-2025
741225,1002435,0,0,0,2023-2025
741255,1002405,0,-30,30,2023-2025
741285,1002375,0,-30,30,2023-2025
741315,1002375,0,0,0,2023-2025
741345,1002345,0,0,0,2023-2025
741375,1002315,0,0,0,2023-2025
741405,1002285,0,0,0,2023-2025
741435,1002285,0,0,0,2023-2025
741465,1002255,0,0,0,2023-2025
741495,1002255,-30,0,30,2023-2025
741525,1002225,-30,0,30,2023-2025
741555,1002195,0,0,0,2023-2025
741585,1002195,-30,0,30,2023-2025
741615,1002165,-30,0,30,2023-2025
741645,1002135,0,0,0,2023-2025
741675,1002135,-30,0,30,2023-2025
741705,1002105,-30,0,30,2023-2025
741735,1002105,-30,30,42.4264068711929,2023-2025
741765,1002075,-30,30,42.4264068711929,2023-2025
741765,1002045,-30,0,30,2023-2025
741765,1002015,0,0,0,2023-2025
741795,1001985,-30,0,30,2023-2025
741795,1001955,0,0,0,2023-2025
741795,1001925,0,0,0,2023-2025
741795,1001895,0,0,0,2023-2025
741795,1001865,0,0,0,2023-2025
741825,1001835,-30,0,30,2023-2025
741825,1001805,0,0,0,2023-2025
741825,1001775,0,0,0,2023-2025
741825,1001745,0,0,0,2023-2025
741825,1001715,0,0,0,2023-2025
741855,1001685,-30,0,30,2023-2025
741855,1001655,-30,0,30,2023-2025
741855,1001625,-30,0,30,2023-2025
741855,1001595,-30,0,30,2023-2025
741855,1001565,-30,0,30,2023-2025
741855,1001535,-30,0,30,2023-2025
741855,1001505,0,0,0,2023-2025
741885,1001475,-30,0,30,2023-2025
741885,1001445,-30,0,30,2023-2025
741885,1001415,-30,0,30,2023-2025
741885,1001385,-30,0,30,2023-2025
741885,1001355,-30,0,30,2023-2025
741885,1001325,-30,0,30,2023-2025
741885,1001295,0,0,0,2023-2025
741915,1001265,-30,0,30,2023-2025
741915,1001235,-30,0,30,2023-2025
741915,1001205,-30,0,30,2023-2025
741915,1001175,-30,0,30,2023-2025
741915,1001145,0,0,0,2023-2025
741945,1001115,-30,0,30,2023-2025
741945,1001085,-30,0,30,2023-2025
741975,1001055,-30,0,30,2023-2025
741975,1001025,0,0,0,2023-2025
741975,1000995,0,0,0,2023-2025
742005,1000965,0,0,0,2023-2025
742005,1000935,0,0,0,2023-2025
742005,1000905,0,-30,30,2023-2025
742035,1000875,0,0,0,2023-2025
742035,1000845,0,-30,30,2023-2025
742065,1000815,0,0,0,2023-2025
742065,1000785,0,-30,30,2023-2025
742095,1000755,0,0,0,2023-2025
742095,1000725,0,-30,30,2023-2025
742125,1000695,0,0,0,2023-2025
742155,1000665,-30,0,30,2023-2025
742185,1000635,-30,0,30,2023-2025
742215,1000605,-30,30,42.4264068711929,2023-2025
742245,1000575,-60,0,60,2023-2025
742275,1000545,-60,30,67.0820393249937,2023-2025
742275,1000515,-60,0,60,2023-2025
742305,1000485,-60,30,67.0820393249937,2023-2025
742335,1000455,-60,30,67.0820393249937,2023-2025
742365,1000425,-60,60,84.8528137423857,2023-2025
742395,1000395,-60,60,84.8528137423857,2023-2025
742425,1000365,-60,60,84.8528137423857,2023-2025
742455,1000335,-90,30,94.8683298050514,2023-2025
742485,1000305,-60,60,84.8528137423857,2023-2025
742515,1000275,-60,60,84.8528137423857,2023-2025
742545,1000245,-30,60,67.0820393249937,2023-2025
742545,1000215,-30,30,42.4264068711929,2023-2025
742575,1000185,-30,30,42.4264068711929,2023-2025
742605,1000185,0,60,60,2023-2025
742635,1000185,-30,60,67.0820393249937,2023-2025
742665,1000155,-60,30,67.0820393249937,2023-2025
742695,1000125,0,60,60,2023-2025
742725,1000125,0,60,60,2023-2025
742755,1000095,-30,30,42.4264068711929,2023-2025
742785,1000095,0,60,60,2023-2025
742815,1000065,0,30,30,2023-2025
742845,1000035,-30,0,30,2023-2025
742875,1000035,0,30,30,2023-2025
742905,1000005,0,0,0,2023-2025
742935,1000005,-30,0,30,2023-2025
742965,999975,0,0,0,2023-2025
742995,999975,0,0,0,2023-2025
743025,999975,0,0,0,2023-2025
743055,999975,-30,0,30,2023-2025
743085,999975,0,30,30,2023-2025
743115,999945,0,0,0,2023-2025
743145,999945,-30,0,30,2023-2025
743175,999915,0,0,0,2023-2025
743205,999915,-30,0,30,2023-2025
743235,999885,0,0,0,2023-2025
743265,999885,0,0,0,2023-2025
743295,999855,0,0,0,2023-2025
743325,999825,0,-30,30,2023-2025
743355,999825,0,0,0,2023-2025
743385,999795,0,0,0,2023-2025
743415,999795,0,0,0,2023-2025
743445,999765,0,0,0,2023-2025
743475,999735,0,0,0,2023-2025
743505,999705,0,0,0,2023-2025
743535,999705,0,0,0,2023-2025
743565,999675,0,0,0,2023-2025
743595,999645,0,0,0,2023-2025
743625,999615,0,0,0,2023-2025
743655,999585,0,0,0,2023-2025
743685,999585,0,0,0,2023-2025
743715,999555,0,0,0,2023-2025
743745,999525,0,0,0,2023-2025
743775,999495,0,0,0,2023-2025
743805,999495,0,0,0,2023-2025
743835,999465,0,0,0,2023-2025
743865,999435,0,0,0,2023-2025
743895,999405,0,-30,30,2023-2025
743925,999405,0,0,0,2023-2025
743955,999375,0,0,0,2023-2025
743985,999345,0,0,0,2023-2025
744015,999315,0,0,0,2023-2025
744045,999315,0,0,0,2023-2025
744075,999285,0,0,0,2023-2025
744105,999255,0,0,0,2023-2025
744135,999255,-30,0,30,2023-2025
744165,999225,-30,0,30,2023-2025
744195,999195,-30,0,30,2023-2025
744225,999165,-30,0,30,2023-2025
744255,999165,-30,30,42.4264068711929,2023-2025
744285,999135,-30,30,42.4264068711929,2023-2025
744315,999105,-30,30,42.4264068711929,2023-2025
744345,999075,0,30,30,2023-2025
744375,999045,-30,0,30,2023-2025
744405,999015,-30,0,30,2023-2025
744435,998985,-30,0,30,2023-2025
744465,998955,-30,0,30,2023-2025
744495,998925,-30,0,30,2023-2025
744525,998895,-30,0,30,2023-2025
744525,998865,0,0,0,2023-2025
744555,998835,0,0,0,2023-2025
744585,998805,0,0,0,2023-2025
744615,998775,0,0,0,2023-2025
744645,998745,0,0,0,2023-2025
744675,998715,0,0,0,2023-2025
744705,998685,0,0,0,2023-2025
744735,998655,0,0,0,2023-2025
744765,998625,0,0,0,2023-2025
744795,998595,0,0,0,2023-2025
744825,998565,0,0,0,2023-2025
744855,998535,-30,0,30,2023-2025
744885,998505,-30,0,30,2023-2025
744915,998475,-30,0,30,2023-2025
744915,998445,0,0,0,2023-2025
744945,998415,0,0,0,2023-2025
744975,998385,-30,0,30,2023-2025
745005,998355,-30,0,30,2023-2025
745035,998325,-30,0,30,2023-2025
745065,998295,-30,0,30,2023-2025
745095,998265,-30,0,30,2023-2025
745125,998235,-30,0,30,2023-2025
745155,998205,0,0,0,2023-2025
745185,998175,0,0,0,2023-2025
745215,998145,0,0,0,2023-2025
745245,998145,-30,0,30,2023-2025
745275,998115,-30,0,30,2023-2025
745305,998085,-30,0,30,2023-2025
745335,998085,0,30,30,2023-2025
745365,998055,0,0,0,2023-2025
745395,998055,-30,0,30,2023-2025
745425,998025,-30,0,30,2023-2025
745455,997995,0,0,0,2023-2025
745485,997965,0,0,0,2023-2025
745515,997965,-30,0,30,2023-2025
745545,997935,0,0,0,2023-2025
745575,997905,0,-30,30,2023-2025
745605,997905,0,0,0,2023-2025
745635,997875,0,0,0,2023-2025
745665,997875,0,0,0,2023-2025
745695,997845,0,0,0,2023-2025
745725,997845,0,0,0,2023-2025
745755,997815,0,0,0,2023-2025
745785,997815,0,0,0,2023-2025
745815,997785,0,-30,30,2023-2025
745845,997785,0,0,0,2023-2025
745875,997785,0,0,0,2023-2025
745905,997755,0,0,0,2023-2025
745935,997755,0,0,0,2023-2025
745965,997755,0,0,0,2023-2025
745995,997725,0,0,0,2023-2025
746025,997725,0,0,0,2023-2025
746055,997725,0,0,0,2023-2025
746085,997725,0,0,0,2023-2025
746115,997695,0,0,0,2023-2025
746145,997695,0,0,0,2023-2025
746175,997665,0,-30,30,2023-2025
746205,997665,0,-30,30,2023-2025
746235,997665,0,-30,30,2023-2025
746265,997665,0,-30,30,2023-2025
746295,997665,0,0,0,2023-2025
746325,997665,0,0,0,2023-2025
746355,997635,0,-30,30,2023-2025
746385,997635,0,-30,30,2023-2025
746415,997635,0,0,0,2023-2025
746445,997635,0,0,0,2023-2025
746475,997635,0,0,0,2023-2025
746505,997635,0,0,0,2023-2025
746535,997605,0,-30,30,2023-2025
746565,997605,0,-30,30,2023-2025
746595,997605,0,0,0,2023-2025
746625,997605,0,0,0,2023-2025
746655,997605,0,0,0,2023-2025
746685,997605,0,0,0,2023-2025
746715,997605,0,0,0,2023-2025
746745,997605,0,0,0,2023-2025
746775,997605,0,0,0,2023-2025
746805,997605,-30,0,30,2023-2025
746835,997605,0,30,30,2023-2025
746865,997605,0,30,30,2023-2025
746895,997605,0,30,30,2023-2025
746925,997605,0,30,30,2023-2025
746955,997605,0,30,30,2023-2025
746985,997575,0,0,0,2023-2025
747015,997575,0,0,0,2023-2025
747045,997575,0,0,0,2023-2025
747075,997575,0,0,0,2023-2025
747105,997575,0,0,0,2023-2025
747135,997575,0,0,0,2023-2025
747165,997575,0,0,0,2023-2025
747195,997575,0,0,0,2023-2025
747225,997575,0,0,0,2023-2025
747255,997575,0,0,0,2023-2025
747285,997575,0,0,0,2023-2025
747315,997575,-30,0,30,2023-2025
747345,997575,0,30,30,2023-2025
747375,997575,0,30,30,2023-2025
747405,997545,0,0,0,2023-2025
747435,997545,0,0,0,2023-2025
747465,997545,0,0,0,2023-2025
747495,997545,0,0,0,2023-2025
747525,997545,0,0,0,2023-2025
747555,997545,0,0,0,2023-2025
747585,997545,0,0,0,2023-2025
747615,997545,0,0,0,2023-2025
747645,997545,0,0,0,2023-2025
747675,997545,0,0,0,2023-2025
747705,997515,0,0,0,2023-2025
747735,997515,0,0,0,2023-2025
747765,997515,0,0,0,2023-2025
747795,997515,0,0,0,2023-2025
747825,997515,0,0,0,2023-2025
747855,997515,0,0,0,2023-2025
747885,997515,0,0,0,2023-2025
747915,997485,0,-30,30,2023-2025
747945,997485,0,-30,30,2023-2025
747975,997485,0,0,0,2023-2025
748005,997455,0,-30,30,2023-2025
748035,997455,0,-30,30,2023-2025
748065,997455,0,-30,30,2023-2025
748095,997455,0,-30,30,2023-2025
748125,997455,0,-30,30,2023-2025
748155,997425,0,-30,30,2023-2025
748185,997425,0,-30,30,2023-2025
748215,997425,0,-30,30,2023-2025
748245,997425,0,0,0,2023-2025
748275,997395,0,-30,30,2023-2025
748305,997395,0,-30,30,2023-2025
748335,997395,0,-30,30,2023-2025
748365,997395,0,-30,30,2023-2025
748395,997395,0,0,0,2023-2025
748425,997365,0,-30,30,2023-2025
748455,997365,-30,-30,42.4264068711929,2023-2025
748485,997365,0,-60,60,2023-2025
748515,997365,0,-60,60,2023-2025
748545,997365,0,-60,60,2023-2025
748575,997335,0,-90,90,2023-2025
748605,997335,0,-90,90,2023-2025
748635,997335,0,-90,90,2023-2025
748665,997335,-30,-90,94.8683298050514,2023-2025
748695,997335,-60,-90,108.16653826392,2023-2025
748725,997365,0,-90,90,2023-2025
748755,997365,-30,-90,94.8683298050514,2023-2025
748785,997365,-60,-90,108.16653826392,2023-2025
748815,997365,0,-120,120,2023-2025
748845,997365,0,-120,120,2023-2025
748875,997365,0,-120,120,2023-2025
748905,997395,0,-90,90,2023-2025
748935,997395,0,-90,90,2023-2025
748965,997395,0,-90,90,2023-2025
748995,997395,0,-90,90,2023-2025
749025,997395,60,-60,84.8528137423857,2023-2025
749055,997425,30,-30,42.4264068711929,2023-2025
749085,997425,0,-30,30,2023-2025
749115,997425,0,-30,30,2023-2025
749145,997425,0,-30,30,2023-2025
749175,997425,0,-30,30,2023-2025
749205,997425,0,-30,30,2023-2025
749235,997425,0,0,0,2023-2025
749265,997425,0,0,0,2023-2025
749295,997425,0,0,0,2023-2025
749325,997425,0,0,0,2023-2025
749355,997395,0,-30,30,2023-2025
749385,997395,0,-30,30,2023-2025
749415,997395,0,0,0,2023-2025
749445,997395,0,0,0,2023-2025
749475,997395,0,0,0,2023-2025
749505,997395,0,0,0,2023-2025
749535,997395,-30,0,30,2023-2025
749565,997365,0,0,0,2023-2025
749595,997365,0,0,0,2023-2025
749625,997365,0,0,0,2023-2025
749655,997365,-30,0,30,2023-2025
749685,997365,0,30,30,2023-2025
749715,997335,0,0,0,2023-2025
749745,997335,0,0,0,2023-2025
749775,997335,-30,0,30,2023-2025
749805,997335,0,30,30,2023-2025
749835,997305,0,0,0,2023-2025
749865,997305,0,0,0,2023-2025
749895,997305,-30,0,30,2023-2025
749925,997275,0,0,0,2023-2025
749955,997275,0,0,0,2023-2025
749985,997275,-30,0,30,2023-2025
750015,997245,0,0,0,2023-2025
750045,997245,0,0,0,2023-2025
750075,997245,-30,0,30,2023-2025
750105,997245,0,30,30,2023-2025
750135,997215,0,0,0,2023-2025
750165,997215,0,0,0,2023-2025
750195,997185,0,0,0,2023-2025
750225,997185,0,0,0,2023-2025
750255,997185,0,0,0,2023-2025
750285,997185,-30,0,30,2023-2025
750315,997155,0,0,0,2023-2025
750345,997155,0,0,0,2023-2025
750375,997125,0,0,0,2023-2025
750405,997125,0,0,0,2023-2025
750435,997095,0,0,0,2023-2025
750465,997095,0,0,0,2023-2025
750495,997095,0,0,0,2023-2025
750525,997065,0,0,0,2023-2025
750555,997065,0,0,0,2023-2025
750585,997035,0,0,0,2023-2025
750615,997035,0,0,0,2023-2025
750645,997005,0,-30,30,2023-2025
750675,996975,0,-30,30,2023-2025
750705,996975,0,-30,30,2023-2025
750735,996945,0,-30,30,2023-2025
750765,996945,0,0,0,2023-2025
750795,996915,0,0,0,2023-2025
750825,996915,0,0,0,2023-2025
750855,996885,0,-30,30,2023-2025
750885,996885,0,0,0,2023-2025
750915,996855,0,0,0,2023-2025
750945,996855,0,0,0,2023-2025
750975,996825,0,-30,30,2023-2025
751005,996825,0,0,0,2023-2025
751035,996795,0,0,0,2023-2025
751065,996765,0,0,0,2023-2025
751095,996765,0,0,0,2023-2025
751125,996735,0,0,0,2023-2025
751155,996705,0,-30,30,2023-2025
751185,996705,0,0,0,2023-2025
751215,996675,0,-30,30,2023-2025
751245,996675,0,0,0,2023-2025
751275,996645,0,0,0,2023-2025
751305,996615,0,-30,30,2023-2025
751335,996615,0,0,0,2023-2025
751365,996615,0,0,0,2023-2025
751395,996615,-30,0,30,2023-2025
751425,996585,0,0,0,2023-2025
751455,996585,-30,0,30,2023-2025
751485,996555,0,0,0,2023-2025
751515,996555,-30,0,30,2023-2025
751545,996555,0,30,30,2023-2025
751575,996525,-30,0,30,2023-2025
751605,996495,0,0,0,2023-2025
751635,996495,-30,0,30,2023-2025
751665,996465,0,0,0,2023-2025
751695,996465,-30,0,30,2023-2025
751725,996435,0,0,0,2023-2025
751755,996435,0,0,0,2023-2025
751785,996405,0,0,0,2023-2025
751815,996375,-30,0,30,2023-2025
751845,996345,0,0,0,2023-2025
751875,996315,0,0,0,2023-2025
751905,996285,0,0,0,2023-2025
751935,996285,-30,0,30,2023-2025
751965,996255,-30,0,30,2023-2025
751995,996225,0,0,0,2023-2025
752025,996225,-30,0,30,2023-2025
752055,996195,0,0,0,2023-2025
752085,996165,0,0,0,2023-2025
752115,996135,0,0,0,2023-2025
752145,996135,0,0,0,2023-2025
752175,996105,0,0,0,2023-2025
752205,996105,0,0,0,2023-2025
752235,996075,0,0,0,2023-2025
752265,996045,0,-30,30,2023-2025
752295,996045,0,0,0,2023-2025
752325,996015,0,-30,30,2023-2025
752355,996015,0,0,0,2023-2025
752385,996015,0,0,0,2023-2025
752415,996015,0,0,0,2023-2025
752445,995985,0,-30,30,2023-2025
752475,995985,0,-30,30,2023-2025
752505,995985,0,0,0,2023-2025
752535,995955,0,-30,30,2023-2025
752565,995955,0,0,0,2023-2025
752595,995955,0,0,0,2023-2025
752625,995955,0,0,0,2023-2025
752655,995925,0,0,0,2023-2025
752685,995925,0,0,0,2023-2025
752715,995925,0,0,0,2023-2025
752745,995895,0,0,0,2023-2025
752775,995895,0,0,0,2023-2025
752805,995865,0,-30,30,2023-2025
752835,995865,0,-30,30,2023-2025
752865,995835,0,-30,30,2023-2025
752895,995835,0,-30,30,2023-2025
752925,995835,0,0,0,2023-2025
752955,995805,0,-30,30,2023-2025
752985,995805,0,-30,30,2023-2025
753015,995775,0,-30,30,2023-2025
753045,995775,0,0,0,2023-2025
753075,995775,0,0,0,2023-2025
753105,995745,0,0,0,2023-2025
753135,995745,0,0,0,2023-2025
753165,995715,0,0,0,2023-2025
753195,995685,0,0,0,2023-2025
753225,995685,0,0,0,2023-2025
753255,995655,0,0,0,2023-2025
753285,995655,0,0,0,2023-2025
753315,995625,0,0,0,2023-2025
753345,995595,0,-30,30,2023-2025
753375,995595,0,0,0,2023-2025
753405,995565,0,0,0,2023-2025
753435,995565,0,0,0,2023-2025
753465,995535,0,-30,30,2023-2025
753495,995505,0,-30,30,2023-2025
753525,995505,0,0,0,2023-2025
753555,995475,0,-30,30,2023-2025
753585,995445,0,-30,30,2023-2025
753615,995415,0,-30,30,2023-2025
753645,995415,0,0,0,2023-2025
753675,995385,0,-30,30,2023-2025
753705,995385,0,0,0,2023-2025
753735,995355,0,0,0,2023-2025
753765,995355,0,0,0,2023-2025
753795,995325,0,0,0,2023-2025
753825,995325,-30,0,30,2023-2025
753855,995295,0,0,0,2023-2025
753885,995295,0,0,0,2023-2025
753915,995265,0,0,0,2023-2025
753945,995265,0,0,0,2023-2025
753975,995235,0,0,0,2023-2025
754005,995235,-30,0,30,2023-2025
754035,995235,0,30,30,2023-2025
754065,995205,-30,0,30,2023-2025
754095,995205,0,30,30,2023-2025
754125,995175,0,0,0,2023-2025
754155,995175,-30,0,30,2023-2025
754185,995145,0,0,0,2023-2025
754215,995145,0,0,0,2023-2025
754245,995145,-30,0,30,2023-2025
754275,995115,0,0,0,2023-2025
754305,995115,0,0,0,2023-2025
754335,995115,-30,0,30,2023-2025
754365,995085,0,0,0,2023-2025
754395,995085,0,0,0,2023-2025
754425,995085,0,0,0,2023-2025
754455,995055,0,0,0,2023-2025
754485,995055,0,0,0,2023-2025
754515,995055,0,0,0,2023-2025
754545,995025,0,-30,30,2023-2025
754575,995025,0,0,0,2023-2025
754605,995025,0,0,0,2023-2025
754635,995025,0,0,0,2023-2025
754665,995025,0,0,0,2023-2025
754695,994995,0,-30,30,2023-2025
754725,994995,0,0,0,2023-2025
754755,994995,0,0,0,2023-2025
754785,994995,0,0,0,2023-2025
754815,994995,0,0,0,2023-2025
754845,994995,0,0,0,2023-2025
754875,994995,-30,0,30,2023-2025
754905,994995,0,30,30,2023-2025
754935,994995,0,30,30,2023-2025
754965,994995,0,30,30,2023-2025
754995,994995,0,30,30,2023-2025
755025,994995,0,30,30,2023-2025
755055,994995,0,30,30,2023-2025
755085,994995,0,30,30,2023-2025
755115,994965,0,0,0,2023-2025
755145,994965,0,0,0,2023-2025
755175,994965,0,0,0,2023-2025
755205,994965,0,0,0,2023-2025
755235,994965,0,0,0,2023-2025
755265,994965,0,0,0,2023-2025
755295,994995,0,30,30,2023-2025
755325,994995,0,30,30,2023-2025
755355,994995,0,30,30,2023-2025
755385,994995,0,30,30,2023-2025
755415,994995,0,30,30,2023-2025
755445,994995,0,0,0,2023-2025
755475,994995,0,0,0,2023-2025
755505,994995,0,0,0,2023-2025
755535,994995,0,0,0,2023-2025
755565,994995,-30,0,30,2023-2025
755595,994995,0,-30,30,2023-2025
755625,995025,0,0,0,2023-2025
755655,995025,0,0,0,2023-2025
755685,995025,-30,0,30,2023-2025
755715,995025,0,-30,30,2023-2025
755745,995025,0,-30,30,2023-2025
755775,995025,0,-30,30,2023-2025
755805,995025,0,-30,30,2023-2025
755835,995055,-30,0,30,2023-2025
755865,995055,0,-30,30,2023-2025
755895,995085,0,0,0,2023-2025
755925,995085,-30,0,30,2023-2025
755955,995115,0,0,0,2023-2025
755985,995115,0,0,0,2023-2025
756015,995115,-30,0,30,2023-2025
756045,995145,0,0,0,2023-2025
756075,995145,0,0,0,2023-2025
756105,995145,-30,0,30,2023-2025
756135,995175,0,0,0,2023-2025
756165,995175,0,0,0,2023-2025
756195,995205,0,0,0,2023-2025
756225,995235,0,30,30,2023-2025
756255,995235,0,0,0,2023-2025
756285,995235,-30,0,30,2023-2025
756315,995235,0,-30,30,2023-2025
756345,995265,0,0,0,2023-2025
756375,995265,0,0,0,2023-2025
756405,995295,0,0,0,2023-2025
756435,995295,0,0,0,2023-2025
756465,995295,0,0,0,2023-2025
756495,995325,0,0,0,2023-2025
756525,995325,0,0,0,2023-2025
756555,995325,-30,0,30,2023-2025
756585,995325,0,-30,30,2023-2025
756615,995355,0,0,0,2023-2025
756645,995355,-30,0,30,2023-2025
756675,995355,0,-30,30,2023-2025
756705,995385,0,0,0,2023-2025
756735,995385,0,0,0,2023-2025
756765,995385,-30,0,30,2023-2025
756795,995415,0,0,0,2023-2025
756825,995415,-30,0,30,2023-2025
756855,995445,0,0,0,2023-2025
756885,995445,0,0,0,2023-2025
756915,995445,0,0,0,2023-2025
756945,995475,0,0,0,2023-2025
756975,995475,0,0,0,2023-2025
757005,995475,0,0,0,2023-2025
757035,995505,0,0,0,2023-2025
757065,995505,0,0,0,2023-2025
757095,995535,0,0,0,2023-2025
757125,995535,0,0,0,2023-2025
757155,995565,0,0,0,2023-2025
757185,995565,0,0,0,2023-2025
757215,995595,0,30,30,2023-2025
757245,995595,0,0,0,2023-2025
757275,995595,0,0,0,2023-2025
757305,995595,0,0,0,2023-2025
757335,995625,0,0,0,2023-2025
757365,995625,0,0,0,2023-2025
757395,995655,0,30,30,2023-2025
757425,995685,30,30,42.4264068711929,2023-2025
757455,995685,0,30,30,2023-2025
757485,995685,0,30,30,2023-2025
757515,995685,0,0,0,2023-2025
757545,995685,0,0,0,2023-2025
757575,995685,0,0,0,2023-2025
757605,995685,0,0,0,2023-2025
757635,995685,0,0,0,2023-2025
757665,995685,0,0,0,2023-2025
757695,995685,0,0,0,2023-2025
757725,995685,0,0,0,2023-2025
757755,995685,0,0,0,2023-2025
757785,995685,0,0,0,2023-2025
757815,995685,0,0,0,2023-2025
757845,995685,0,0,0,2023-2025
757875,995685,0,0,0,2023-2025
757905,995685,0,0,0,2023-2025
757935,995685,0,0,0,2023-2025
757965,995685,0,0,0,2023-2025
757995,995685,0,0,0,2023-2025
758025,995685,0,0,0,2023-2025
758055,995685,-30,0,30,2023-2025
758085,995685,0,-30,30,2023-2025
758115,995685,0,-30,30,2023-2025
758145,995685,0,-30,30,2023-2025
758175,995685,0,0,0,2023-2025
758205,995685,0,0,0,2023-2025
758235,995685,-30,0,30,2023-2025
758265,995685,0,-30,30,2023-2025
758295,995685,0,-30,30,2023-2025
758325,995685,0,-30,30,2023-2025
758355,995685,0,-30,30,2023-2025
758385,995685,0,-30,30,2023-2025
758415,995685,0,-30,30,2023-2025
758445,995685,0,-30,30,2023-2025
758475,995685,0,-30,30,2023-2025
758505,995685,0,-30,30,2023-2025
758535,995685,0,-30,30,2023-2025
758565,995685,0,-30,30,2023-2025
758595,995685,0,-30,30,2023-2025
758625,995685,0,-30,30,2023-2025
758655,995685,0,-30,30,2023-2025
758685,995715,0,0,0,2023-2025
758715,995715,0,0,0,2023-2025
758745,995715,0,0,0,2023-2025
758775,995715,-30,0,30,2023-2025
758805,995715,0,30,30,2023-2025
758835,995715,0,30,30,2023-2025
758865,995685,0,0,0,2023-2025
758895,995685,0,0,0,2023-2025
758925,995685,0,0,0,2023-2025
758955,995685,0,0,0,2023-2025
758985,995685,0,0,0,2023-2025
759015,995685,0,0,0,2023-2025
759045,995685,0,0,0,2023-2025
759075,995685,0,0,0,2023-2025
759105,995685,-30,0,30,2023-2025
759135,995685,0,-30,30,2023-2025
759165,995685,0,-30,30,2023-2025
759195,995685,0,-30,30,2023-2025
759225,995685,0,0,0,2023-2025
759255,995685,0,0,0,2023-2025
759285,995685,0,0,0,2023-2025
759315,995655,0,-30,30,2023-2025
759345,995655,0,-30,30,2023-2025
759375,995655,0,0,0,2023-2025
759405,995655,0,0,0,2023-2025
759435,995625,0,0,0,2023-2025
759465,995625,0,0,0,2023-2025
759495,995625,0,0,0,2023-2025
759525,995595,0,-30,30,2023-2025
759555,995595,0,0,0,2023-2025
759585,995595,0,0,0,2023-2025
759615,995565,0,-30,30,2023-2025
759645,995565,0,-30,30,2023-2025
759675,995565,0,0,0,2023-2025
759705,995535,0,-30,30,2023-2025
759735,995535,0,0,0,2023-2025
759765,995505,0,-30,30,2023-2025
759795,995505,0,0,0,2023-2025
759825,995505,-30,0,30,2023-2025
759855,995475,0,0,0,2023-2025
759885,995475,-30,0,30,2023-2025
759915,995445,-30,0,30,2023-2025
759945,995415,0,0,0,2023-2025
759975,995415,-30,0,30,2023-2025
760005,995385,0,0,0,2023-2025
760035,995385,-30,0,30,2023-2025
760065,995355,0,0,0,2023-2025
760095,995355,0,0,0,2023-2025
760125,995325,0,0,0,2023-2025
760155,995295,0,-30,30,2023-2025
760185,995295,0,0,0,2023-2025
760215,995265,0,-30,30,2023-2025
760245,995265,0,-30,30,2023-2025
760275,995235,0,-30,30,2023-2025
760305,995205,0,-60,60,2023-2025
760335,995205,0,-60,60,2023-2025
760365,995175,0,-90,90,2023-2025
760395,995145,0,-120,120,2023-2025
760425,995145,0,-120,120,2023-2025
760455,995145,0,-120,120,2023-2025
760485,995115,60,-120,134.164078649987,2023-2025
760515,995085,30,-150,152.970585407784,2023-2025
760545,995055,90,-150,174.928556845359,2023-2025
760575,995055,60,-150,161.554944214035,2023-2025
760605,995025,120,-120,169.705627484771,2023-2025
760635,994995,90,-150,174.928556845359,2023-2025
760665,994995,60,-150,161.554944214035,2023-2025
760695,994965,120,-120,169.705627484771,2023-2025
760725,994935,120,-120,169.705627484771,2023-2025
760755,994935,90,-120,150,2023-2025
760785,994905,60,-150,161.554944214035,2023-2025
760815,994875,120,-120,169.705627484771,2023-2025
760845,994845,120,-120,169.705627484771,2023-2025
760875,994815,90,-150,174.928556845359,2023-2025
760905,994785,60,-180,189.736659610103,2023-2025
760935,994755,120,-150,192.093727122985,2023-2025
760965,994755,120,-120,169.705627484771,2023-2025
760995,994755,90,-120,150,2023-2025
761025,994725,90,-120,150,2023-2025
761055,994725,60,-120,134.164078649987,2023-2025
761085,994695,120,-90,150,2023-2025
761115,994695,120,-30,123.69316876853,2023-2025
761145,994665,90,-60,108.16653826392,2023-2025
761175,994665,60,-60,84.8528137423857,2023-2025
761205,994635,60,-60,84.8528137423857,2023-2025
761235,994605,60,-30,67.0820393249937,2023-2025
761265,994605,30,-30,42.4264068711929,2023-2025
761295,994575,30,-30,42.4264068711929,2023-2025
761325,994575,0,-30,30,2023-2025
761355,994545,0,0,0,2023-2025
761385,994515,0,0,0,2023-2025
761415,994515,0,0,0,2023-2025
761445,994485,0,0,0,2023-2025
761475,994485,-30,0,30,2023-2025
761505,994455,0,0,0,2023-2025
761535,994455,-30,0,30,2023-2025
761565,994425,-30,0,30,2023-2025
761595,994395,0,0,0,2023-2025
761625,994365,0,0,0,2023-2025
761655,994335,0,0,0,2023-2025
761685,994335,0,0,0,2023-2025
761715,994305,0,0,0,2023-2025
761745,994275,0,0,0,2023-2025
761775,994245,0,-30,30,2023-2025
761805,994245,0,0,0,2023-2025
761835,994215,0,0,0,2023-2025
761865,994215,-30,0,30,2023-2025
761895,994185,-30,0,30,2023-2025
761925,994155,-30,0,30,2023-2025
761955,994125,0,0,0,2023-2025
761985,994125,-30,0,30,2023-2025
762015,994095,-30,0,30,2023-2025
762045,994065,-30,0,30,2023-2025
762075,994035,-30,0,30,2023-2025
762105,994005,0,0,0,2023-2025
762135,994005,-30,0,30,2023-2025
762165,994005,-30,30,42.4264068711929,2023-2025
762195,993975,-30,30,42.4264068711929,2023-2025
762225,993975,-60,30,67.0820393249937,2023-2025
762255,993975,-60,60,84.8528137423857,2023-2025
762285,993945,-60,60,84.8528137423857,2023-2025
762315,993945,-30,90,94.8683298050514,2023-2025
762345,993915,-60,60,84.8528137423857,2023-2025
762375,993915,-30,90,94.8683298050514,2023-2025
762405,993885,-60,60,84.8528137423857,2023-2025
762435,993885,-90,60,108.16653826392,2023-2025
762465,993855,0,90,90,2023-2025
762495,993855,-30,90,94.8683298050514,2023-2025
762525,993825,-60,60,84.8528137423857,2023-2025
762555,993825,-90,60,108.16653826392,2023-2025
762585,993795,0,90,90,2023-2025
762615,993795,-30,90,94.8683298050514,2023-2025
762645,993795,-60,90,108.16653826392,2023-2025
762675,993765,0,90,90,2023-2025
762705,993765,0,90,90,2023-2025
762735,993765,-30,90,94.8683298050514,2023-2025
762765,993735,-60,60,84.8528137423857,2023-2025
762795,993735,0,90,90,2023-2025
762825,993735,0,90,90,2023-2025
762855,993735,-30,90,94.8683298050514,2023-2025
762885,993705,-60,60,84.8528137423857,2023-2025
762915,993675,0,60,60,2023-2025
762945,993675,0,60,60,2023-2025
762975,993645,0,30,30,2023-2025
763005,993645,-30,30,42.4264068711929,2023-2025
763035,993645,0,60,60,2023-2025
763065,993615,0,30,30,2023-2025
763095,993585,0,0,0,2023-2025
763125,993585,0,0,0,2023-2025
763155,993585,0,0,0,2023-2025
763185,993585,0,0,0,2023-2025
763215,993585,0,0,0,2023-2025
763245,993585,-30,0,30,2023-2025
763275,993585,0,30,30,2023-2025
763305,993585,0,30,30,2023-2025
763335,993585,0,30,30,2023-2025
763365,993585,-30,30,42.4264068711929,2023-2025
763395,993555,0,30,30,2023-2025
763425,993555,0,30,30,2023-2025
763455,993555,0,30,30,2023-2025
763485,993555,0,30,30,2023-2025
763515,993555,0,30,30,2023-2025
763545,993555,-30,30,42.4264068711929,2023-2025
763575,993525,0,30,30,2023-2025
763605,993525,0,30,30,2023-2025
763635,993525,0,30,30,2023-2025
763665,993525,-30,30,42.4264068711929,2023-2025
763695,993525,0,60,60,2023-2025
763725,993495,0,30,30,2023-2025
763755,993495,0,30,30,2023-2025
763785,993495,0,30,30,2023-2025
763815,993495,0,30,30,2023-2025
763845,993465,-30,0,30,2023-2025
763875,993465,0,30,30,2023-2025
763905,993465,0,30,30,2023-2025
763935,993465,0,30,30,2023-2025
763965,993465,0,30,30,2023-2025
763995,993435,0,0,0,2023-2025
764025,993435,0,0,0,2023-2025
764055,993435,0,0,0,2023-2025
764085,993435,0,0,0,2023-2025
764115,993435,0,0,0,2023-2025
764145,993435,0,0,0,2023-2025
764175,993435,0,0,0,2023-2025
764205,993405,0,-30,30,2023-2025
764235,993405,0,-30,30,2023-2025
764265,993405,0,-30,30,2023-2025
764295,993405,0,-30,30,2023-2025
764325,993405,0,-30,30,2023-2025
764355,993405,0,-30,30,2023-2025
764385,993405,0,-30,30,2023-2025
764415,993405,0,0,0,2023-2025
764445,993405,0,0,0,2023-2025
764475,993375,0,-30,30,2023-2025
764505,993375,0,-30,30,2023-2025
764535,993375,0,-30,30,2023-2025
764565,993405,0,0,0,2023-2025
764595,993405,0,0,0,2023-2025
764625,993405,0,0,0,2023-2025
764655,993405,0,0,0,2023-2025
764685,993405,0,0,0,2023-2025
764715,993405,0,0,0,2023-2025
764745,993405,0,0,0,2023-2025
764775,993405,0,0,0,2023-2025
764805,993405,0,0,0,2023-2025
764835,993435,0,30,30,2023-2025
764865,993435,0,30,30,2023-2025
764895,993435,0,0,0,2023-2025
764925,993435,0,0,0,2023-2025
764955,993435,0,0,0,2023-2025
764985,993465,0,30,30,2023-2025
765015,993465,0,30,30,2023-2025
765045,993465,0,30,30,2023-2025
765075,993465,0,30,30,2023-2025
765105,993465,0,30,30,2023-2025
765135,993465,0,30,30,2023-2025
765165,993465,0,30,30,2023-2025
765195,993465,0,30,30,2023-2025
765225,993465,0,30,30,2023-2025
765255,993465,0,30,30,2023-2025
765285,993465,0,30,30,2023-2025
765315,993465,0,30,30,2023-2025
765345,993465,0,30,30,2023-2025
765375,993465,0,30,30,2023-2025
765405,993465,0,30,30,2023-2025
765435,993465,0,30,30,2023-2025
765465,993465,0,30,30,2023-2025
765495,993495,30,30,42.4264068711929,2023-2025
765525,993495,0,30,30,2023-2025
765555,993495,0,30,30,2023-2025
765585,993525,30,30,42.4264068711929,2023-2025
765615,993525,0,30,30,2023-2025
765645,993555,30,30,42.4264068711929,2023-2025
765675,993555,0,30,30,2023-2025
765705,993555,0,30,30,2023-2025
765735,993555,0,0,0,2023-2025
765765,993585,0,30,30,2023-2025
765795,993585,0,30,30,2023-2025
765825,993585,0,30,30,2023-2025
765855,993585,0,30,30,2023-2025
765885,993585,0,30,30,2023-2025
765915,993585,0,30,30,2023-2025
765945,993585,0,30,30,2023-2025
765975,993585,0,30,30,2023-2025
766005,993585,0,30,30,2023-2025
766035,993585,0,30,30,2023-2025
766065,993585,0,30,30,2023-2025
766095,993585,0,30,30,2023-2025
766125,993585,0,30,30,2023-2025
766155,993585,0,30,30,2023-2025
766185,993585,0,30,30,2023-2025
766215,993585,0,30,30,2023-2025
766245,993585,0,30,30,2023-2025
766275,993585,0,30,30,2023-2025
766305,993585,0,30,30,2023-2025
766335,993585,0,30,30,2023-2025
766365,993585,0,0,0,2023-2025
766395,993615,0,30,30,2023-2025
766425,993615,0,30,30,2023-2025
766455,993615,0,30,30,2023-2025
766485,993615,0,0,0,2023-2025
766515,993615,0,0,0,2023-2025
766545,993615,0,0,0,2023-2025
766575,993615,0,0,0,2023-2025
766605,993615,0,0,0,2023-2025
766635,993615,-30,0,30,2023-2025
766665,993615,0,-30,30,2023-2025
766695,993615,0,-30,30,2023-2025
766725,993645,0,0,0,2023-2025
766755,993645,0,0,0,2023-2025
766785,993645,0,0,0,2023-2025
766815,993645,0,0,0,2023-2025
766845,993645,0,0,0,2023-2025
766875,993645,0,0,0,2023-2025
766905,993645,0,0,0,2023-2025
766935,993645,0,0,0,2023-2025
766965,993645,0,0,0,2023-2025
766995,993645,0,0,0,2023-2025
767025,993645,0,0,0,2023-2025
767055,993645,0,0,0,2023-2025
767085,993645,-30,0,30,2023-2025
767115,993645,0,-30,30,2023-2025
767145,993645,0,-30,30,2023-2025
767175,993645,0,-30,30,2023-2025
767205,993645,0,0,0,2023-2025
767235,993645,0,0,0,2023-2025
767265,993645,0,0,0,2023-2025
767295,993645,0,0,0,2023-2025
767325,993645,-30,0,30,2023-2025
767355,993615,0,0,0,2023-2025
767385,993615,0,0,0,2023-2025
767415,993615,-30,0,30,2023-2025
767445,993615,0,30,30,2023-2025
767475,993585,0,0,0,2023-2025
767505,993585,0,0,0,2023-2025
767535,993585,-30,0,30,2023-2025
767565,993555,0,0,0,2023-2025
767595,993555,0,0,0,2023-2025
767625,993555,-30,0,30,2023-2025
767655,993555,0,30,30,2023-2025
767685,993525,-30,0,30,2023-2025
767715,993525,0,30,30,2023-2025
767745,993525,-30,30,42.4264068711929,2023-2025
767775,993495,0,30,30,2023-2025
767805,993465,-30,0,30,2023-2025
767835,993465,0,30,30,2023-2025
767865,993435,-30,0,30,2023-2025
767895,993435,0,30,30,2023-2025
767925,993405,-30,0,30,2023-2025
767955,993405,0,30,30,2023-2025
767985,993375,0,0,0,2023-2025
768015,993375,-30,0,30,2023-2025
768045,993375,0,30,30,2023-2025
768075,993345,0,0,0,2023-2025
768105,993345,-30,0,30,2023-2025
768135,993315,0,0,0,2023-2025
768165,993315,-30,0,30,2023-2025
768195,993315,0,30,30,2023-2025
768225,993315,0,30,30,2023-2025
768255,993285,0,0,0,2023-2025
768285,993285,0,0,0,2023-2025
768315,993285,0,0,0,2023-2025
768345,993255,0,-30,30,2023-2025
768375,993255,0,0,0,2023-2025
768405,993255,0,0,0,2023-2025
768435,993225,0,-30,30,2023-2025
768465,993225,0,0,0,2023-2025
768495,993225,0,0,0,2023-2025
768525,993225,0,0,0,2023-2025
768555,993225,0,0,0,2023-2025
768585,993195,0,0,0,2023-2025
768615,993195,0,0,0,2023-2025
768645,993195,0,0,0,2023-2025
768675,993195,-30,0,30,2023-2025
768705,993165,0,0,0,2023-2025
768735,993165,0,0,0,2023-2025
768765,993165,-30,0,30,2023-2025
768795,993135,0,0,0,2023-2025
768825,993135,0,0,0,2023-2025
768855,993105,0,0,0,2023-2025
768885,993105,0,0,0,2023-2025
768915,993075,0,-30,30,2023-2025
768945,993075,0,0,0,2023-2025
768975,993045,0,-30,30,2023-2025
769005,993045,0,0,0,2023-2025
769035,993015,0,-30,30,2023-2025
769065,993015,0,-30,30,2023-2025
769095,992985,0,-30,30,2023-2025
769125,992985,0,0,0,2023-2025
769155,992955,0,-30,30,2023-2025
769185,992925,0,-30,30,2023-2025
769215,992925,0,-30,30,2023-2025
769245,992895,0,-30,30,2023-2025
769275,992895,0,-30,30,2023-2025
769305,992865,0,-30,30,2023-2025
769335,992865,0,0,0,2023-2025
769365,992835,0,0,0,2023-2025
769365,992805,0,-30,30,2023-2025
769395,992775,0,-30,30,2023-2025
769425,992745,0,-30,30,2023-2025
769455,992745,0,0,0,2023-2025
769485,992715,-30,0,30,2023-2025
769515,992685,-30,0,30,2023-2025
769545,992655,-30,0,30,2023-2025
769545,992625,0,0,0,2023-2025
769575,992595,0,0,0,2023-2025
769605,992565,0,0,0,2023-2025
769635,992535,0,0,0,2023-2025
769665,992505,0,0,0,2023-2025
769695,992475,0,0,0,2023-2025
769725,992445,0,0,0,2023-2025
769755,992415,0,0,0,2023-2025
769785,992385,0,0,0,2023-2025
769815,992355,0,0,0,2023-2025
769845,992325,0,0,0,2023-2025
769875,992295,0,0,0,2023-2025
769905,992265,0,0,0,2023-2025
769935,992235,-30,0,30,2023-2025
769935,992205,0,0,0,2023-2025
769965,992175,0,0,0,2023-2025
769995,992145,0,0,0,2023-2025
770025,992115,-30,0,30,2023-2025
770055,992085,-30,0,30,2023-2025
770085,992055,-30,0,30,2023-2025
770085,992025,0,0,0,2023-2025
770115,991995,0,0,0,2023-2025
770145,991965,-30,0,30,2023-2025
770175,991935,-30,0,30,2023-2025
770205,991905,-30,0,30,2023-2025
770205,991875,0,0,0,2023-2025
770235,991845,0,0,0,2023-2025
770265,991815,-30,0,30,2023-2025
770295,991785,-30,0,30,2023-2025
770325,991755,-30,0,30,2023-2025
770355,991725,-30,0,30,2023-2025
770385,991695,-30,0,30,2023-2025
770415,991665,-30,0,30,2023-2025
770445,991635,-30,0,30,2023-2025
770475,991635,-60,0,60,2023-2025
770505,991605,-60,30,67.0820393249937,2023-2025
770505,991575,-30,30,42.4264068711929,2023-2025
770535,991545,-30,30,42.4264068711929,2023-2025
770565,991515,-30,30,42.4264068711929,2023-2025
770595,991485,-60,0,60,2023-2025
770625,991455,-60,30,67.0820393249937,2023-2025
770625,991425,-30,30,42.4264068711929,2023-2025
770655,991395,-30,30,42.4264068711929,2023-2025
770685,991365,-30,30,42.4264068711929,2023-2025
770715,991335,-30,30,42.4264068711929,2023-2025
770745,991305,-60,0,60,2023-2025
770745,991275,-30,30,42.4264068711929,2023-2025
770775,991245,-30,30,42.4264068711929,2023-2025
770805,991215,-30,30,42.4264068711929,2023-2025
770805,991185,-30,0,30,2023-2025
770835,991155,-30,0,30,2023-2025
770835,991125,0,0,0,2023-2025
770865,991095,0,0,0,2023-2025
770895,991065,0,0,0,2023-2025
770895,991035,0,-30,30,2023-2025
770925,991005,0,-30,30,2023-2025
770955,990975,0,0,0,2023-2025
770985,990945,0,0,0,2023-2025
771015,990915,-30,0,30,2023-2025
771015,990885,0,0,0,2023-2025
771045,990855,0,0,0,2023-2025
771075,990825,-30,0,30,2023-2025
771105,990795,0,30,30,2023-2025
771105,990765,0,0,0,2023-2025
771135,990735,0,0,0,2023-2025
771165,990705,0,0,0,2023-2025
771195,990675,0,-30,30,2023-2025
771225,990645,0,-30,30,2023-2025
771255,990645,0,0,0,2023-2025
771285,990615,0,0,0,2023-2025
771315,990585,0,0,0,2023-2025
771345,990555,0,-30,30,2023-2025
771375,990555,0,0,0,2023-2025
771405,990525,0,0,0,2023-2025
771435,990495,0,0,0,2023-2025
771465,990465,0,-30,30,2023-2025
771495,990465,0,0,0,2023-2025
771525,990435,0,0,0,2023-2025
771555,990405,0,0,0,2023-2025
771585,990375,0,-30,30,2023-2025
771615,990345,0,-30,30,2023-2025
771645,990345,0,0,0,2023-2025
771675,990315,0,-30,30,2023-2025
771705,990315,0,0,0,2023-2025
771735,990285,0,0,0,2023-2025
771765,990285,-30,0,30,2023-2025
771795,990255,0,0,0,2023-2025
771825,990255,-30,0,30,2023-2025
771855,990255,0,30,30,2023-2025
771885,990255,0,30,30,2023-2025
771915,990225,-30,0,30,2023-2025
771945,990225,0,30,30,2023-2025
771975,990195,0,0,0,2023-2025
772005,990165,0,0,0,2023-2025
772035,990165,0,0,0,2023-2025
772065,990135,0,-30,30,2023-2025
772095,990105,0,-30,30,2023-2025
772125,990105,0,-30,30,2023-2025
772155,990105,0,-30,30,2023-2025
772185,990075,0,-30,30,2023-2025
772215,990045,0,-60,60,2023-2025
772245,990045,0,-60,60,2023-2025
772275,990015,30,-60,67.0820393249937,2023-2025
772305,990015,0,-60,60,2023-2025
772335,989985,0,-90,90,2023-2025
772365,989985,60,-60,84.8528137423857,2023-2025
772395,989955,30,-90,94.8683298050514,2023-2025
772425,989925,0,-120,120,2023-2025
772455,989925,0,-120,120,2023-2025
772485,989925,0,-120,120,2023-2025
772515,989895,60,-120,134.164078649987,2023-2025
772545,989895,30,-120,123.69316876853,2023-2025
772575,989865,60,-120,134.164078649987,2023-2025
772605,989865,30,-120,123.69316876853,2023-2025
772635,989835,0,-150,150,2023-2025
